load,collision_rate,delivery_ratio,latency_norm,queue_occupancy,cw_min_norm,mult_norm,action_cw_min,action_cw_max,action_aifs,action_txop,reward,next_load,next_collision_rate,next_delivery_ratio,next_latency_norm,next_queue_occupancy,next_cw_min_norm,next_mult_norm,done
0.000000,0.000000,0.000000,0.000000,0.000000,0.000000,0.000000,0.491071,0.000000,-1.000000,-0.274510,0.200000,0.000000,0.000000,1.000000,0.000000,0.000000,0.491071,0.500000,0
0.000000,0.000000,0.000000,0.000000,0.000000,0.000000,0.000000,0.491071,0.000000,-0.600000,0.156863,0.200000,0.000000,0.000000,1.000000,0.000000,0.000000,0.491071,0.500000,0
0.000000,0.000000,0.000000,0.000000,0.000000,0.000000,0.000000,0.046627,0.835588,0.200000,-0.215686,0.200000,0.000000,0.000000,1.000000,0.000000,0.000000,0.046627,0.500000,0
0.000000,0.000000,0.000000,0.000000,0.000000,0.000000,0.000000,0.110119,0.571906,-1.000000,-0.196078,0.200000,0.000000,0.000000,1.000000,0.000000,0.000000,0.110119,0.500000,0
0.000000,0.000000,0.000000,0.000000,0.000000,0.000000,0.000000,0.999008,0.000000,-0.600000,-0.764706,0.200000,0.000000,0.000000,1.000000,0.000000,0.000000,0.999008,0.500000,0
0.000000,0.000000,0.000000,0.000000,0.000000,0.000000,0.000000,0.237103,0.000000,0.200000,0.254902,0.200000,0.000000,0.000000,1.000000,0.000000,0.000000,0.237103,0.500000,0
0.000000,0.000000,0.000000,0.000000,0.000000,0.000000,0.000000,0.491071,0.173489,1.000000,0.607843,0.200000,0.000000,0.000000,1.000000,0.000000,0.000000,0.491071,0.500000,0
0.000000,0.000000,0.000000,0.000000,0.000000,0.000000,0.000000,0.237103,0.261378,-0.200000,-0.921569,0.200000,0.000000,0.000000,1.000000,0.000000,0.000000,0.237103,0.500000,0
0.000000,0.000000,0.000000,0.000000,0.000000,0.000000,0.000000,0.014881,0.841893,-0.200000,-0.254902,0.200000,0.000000,0.000000,1.000000,0.000000,0.000000,0.014881,0.500000,0
0.000000,0.000000,0.000000,0.000000,0.000000,0.000000,0.000000,0.999008,0.000000,-1.000000,0.627451,0.200000,0.000000,0.000000,1.000000,0.000000,0.000000,0.999008,0.500000,0
0.000000,0.000000,1.000000,0.000000,0.000000,0.491071,0.500000,0.014881,0.139980,1.000000,-0.450980,-0.104878,0.000000,0.609756,1.000000,1.000000,0.000000,-0.000992,0.500000,0
0.000000,0.000000,1.000000,0.000000,0.000000,0.491071,0.500000,0.237103,0.712614,-0.200000,0.117647,-0.104878,0.000000,0.609756,1.000000,1.000000,0.000000,-0.000992,0.500000,0
0.000000,0.000000,1.000000,0.000000,0.000000,0.046627,0.500000,0.014881,0.722054,1.000000,-0.764706,-0.146154,0.000000,0.692308,1.000000,1.000000,0.000000,-0.000992,0.500000,0
0.000000,0.000000,1.000000,0.000000,0.000000,0.110119,0.500000,-0.000992,0.409316,0.600000,0.647059,-0.125000,0.000000,0.650000,1.000000,1.000000,0.000000,-0.000992,0.500000,0
0.000000,0.000000,1.000000,0.000000,0.000000,0.999008,0.500000,0.046627,0.065557,-0.200000,0.039216,-0.104878,0.000000,0.609756,1.000000,1.000000,0.000000,-0.000992,0.500000,0
0.000000,0.000000,1.000000,0.000000,0.000000,0.237103,0.500000,0.491071,0.000000,-0.200000,-0.941176,-0.100000,0.000000,0.600000,1.000000,1.000000,0.000000,-0.000992,0.500000,0
0.000000,0.000000,1.000000,0.000000,0.000000,0.491071,0.500000,0.110119,0.212932,-0.600000,-0.215686,-0.082051,0.000000,0.564103,1.000000,1.000000,0.000000,-0.000992,0.500000,0
0.000000,0.000000,1.000000,0.000000,0.000000,0.237103,0.500000,0.046627,0.673257,-1.000000,-0.333333,-0.087500,0.000000,0.575000,1.000000,1.000000,0.000000,-0.000992,0.500000,0
0.000000,0.000000,1.000000,0.000000,0.000000,0.014881,0.500000,0.237103,0.391417,0.600000,-0.607843,-0.068293,0.000000,0.536585,1.000000,1.000000,0.000000,-0.000992,0.500000,0
0.000000,0.000000,1.000000,0.000000,0.000000,0.999008,0.500000,0.014881,0.828802,-0.200000,-0.333333,-0.068293,0.000000,0.536585,1.000000,1.000000,0.000000,-0.000992,0.500000,0
0.000000,0.609756,1.000000,1.000000,0.000000,-0.000992,0.500000,0.046627,0.993757,0.200000,-0.039216,0.200000,0.000000,0.000000,1.000000,0.000000,0.000000,-0.000992,0.500000,0
0.000000,0.609756,1.000000,1.000000,0.000000,-0.000992,0.500000,-0.000992,0.811695,-1.000000,-0.588235,0.200000,0.000000,0.000000,1.000000,0.000000,0.000000,-0.000992,0.500000,0
0.000000,0.692308,1.000000,1.000000,0.000000,-0.000992,0.500000,0.110119,0.214047,0.600000,-0.392157,0.200000,0.000000,0.000000,1.000000,0.000000,0.000000,-0.000992,0.500000,0
0.000000,0.650000,1.000000,1.000000,0.000000,-0.000992,0.500000,0.999008,0.000000,-1.000000,-0.666667,0.200000,0.000000,0.000000,1.000000,0.000000,0.000000,-0.000992,0.500000,0
0.000000,0.609756,1.000000,1.000000,0.000000,-0.000992,0.500000,0.999008,0.000000,0.200000,0.980392,0.200000,0.000000,0.000000,1.000000,0.000000,0.000000,-0.000992,0.500000,0
0.000000,0.600000,1.000000,1.000000,0.000000,-0.000992,0.500000,0.237103,0.000000,1.000000,0.019608,0.200000,0.000000,0.000000,1.000000,0.000000,0.000000,-0.000992,0.500000,0
0.000000,0.564103,1.000000,1.000000,0.000000,-0.000992,0.500000,0.491071,0.230019,0.600000,0.235294,0.200000,0.000000,0.000000,1.000000,0.000000,0.000000,-0.000992,0.500000,0
0.000000,0.575000,1.000000,1.000000,0.000000,-0.000992,0.500000,0.046627,0.590010,1.000000,-0.549020,0.200000,0.000000,0.000000,1.000000,0.000000,0.000000,-0.000992,0.500000,0
0.000000,0.536585,1.000000,1.000000,0.000000,-0.000992,0.500000,0.110119,0.627648,-0.600000,0.686275,0.200000,0.000000,0.000000,1.000000,0.000000,0.000000,-0.000992,0.500000,0
0.000000,0.536585,1.000000,1.000000,0.000000,-0.000992,0.500000,0.014881,0.526687,0.600000,0.509804,0.200000,0.000000,0.000000,1.000000,0.000000,0.000000,-0.000992,0.500000,0
0.000000,0.000000,1.000000,0.000000,0.000000,-0.000992,0.500000,0.237103,0.624187,-0.200000,0.313725,0.200000,0.000000,0.000000,1.000000,0.000000,0.000000,-0.000992,0.500000,0
0.000000,0.000000,1.000000,0.000000,0.000000,-0.000992,0.500000,-0.000992,0.828543,-0.600000,0.921569,0.200000,0.000000,0.000000,1.000000,0.000000,0.000000,-0.000992,0.500000,0
0.000000,0.000000,1.000000,0.000000,0.000000,-0.000992,0.500000,0.999008,0.000000,1.000000,0.960784,0.200000,0.000000,0.000000,1.000000,0.000000,0.000000,-0.000992,0.500000,0
0.000000,0.000000,1.000000,0.000000,0.000000,-0.000992,0.500000,0.999008,0.000000,-1.000000,0.098039,0.200000,0.000000,0.000000,1.000000,0.000000,0.000000,-0.000992,0.500000,0
0.000000,0.000000,1.000000,0.000000,0.000000,-0.000992,0.500000,0.014881,0.296073,0.600000,0.098039,0.200000,0.000000,0.000000,1.000000,0.000000,0.000000,-0.000992,0.500000,0
0.000000,0.000000,1.000000,0.000000,0.000000,-0.000992,0.500000,0.999008,0.000000,1.000000,-0.196078,0.200000,0.000000,0.000000,1.000000,0.000000,0.000000,-0.000992,0.500000,0
0.000000,0.000000,1.000000,0.000000,0.000000,-0.000992,0.500000,0.110119,0.984392,0.200000,0.431373,0.200000,0.000000,0.000000,1.000000,0.000000,0.000000,-0.000992,0.500000,0
0.000000,0.000000,1.000000,0.000000,0.000000,-0.000992,0.500000,0.046627,0.176899,-0.200000,0.098039,0.200000,0.000000,0.000000,1.000000,0.000000,0.000000,-0.000992,0.500000,0
0.000000,0.000000,1.000000,0.000000,0.000000,-0.000992,0.500000,0.237103,0.786736,-1.000000,-0.725490,0.200000,0.000000,0.000000,1.000000,0.000000,0.000000,-0.000992,0.500000,0
0.000000,0.000000,1.000000,0.000000,0.000000,-0.000992,0.500000,0.999008,0.000000,-1.000000,-0.803922,0.200000,0.000000,0.000000,1.000000,0.000000,0.000000,-0.000992,0.500000,0
0.000000,0.000000,1.000000,0.000000,0.000000,-0.000992,0.500000,0.491071,0.000000,-0.200000,-0.666667,0.200000,0.000000,0.000000,1.000000,0.000000,0.000000,-0.000992,0.500000,0
0.000000,0.000000,1.000000,0.000000,0.000000,-0.000992,0.500000,0.110119,0.217391,-0.200000,0.568627,0.200000,0.000000,0.000000,1.000000,0.000000,0.000000,-0.000992,0.500000,0
0.000000,0.000000,1.000000,0.000000,0.000000,-0.000992,0.500000,0.491071,0.000000,-0.600000,-0.313725,0.200000,0.000000,0.000000,1.000000,0.000000,0.000000,-0.000992,0.500000,0
0.000000,0.000000,1.000000,0.000000,0.000000,-0.000992,0.500000,0.110119,0.477146,-1.000000,-0.588235,0.200000,0.000000,0.000000,1.000000,0.000000,0.000000,-0.000992,0.500000,0
0.000000,0.000000,1.000000,0.000000,0.000000,-0.000992,0.500000,-0.000992,0.535183,1.000000,-0.784314,0.200000,0.000000,0.000000,1.000000,0.000000,0.000000,-0.000992,0.500000,0
0.000000,0.000000,1.000000,0.000000,0.000000,-0.000992,0.500000,-0.000992,0.928642,0.600000,-0.725490,0.200000,0.000000,0.000000,1.000000,0.000000,0.000000,-0.000992,0.500000,0
0.000000,0.000000,1.000000,0.000000,0.000000,-0.000992,0.500000,0.014881,0.436052,1.000000,-0.098039,0.200000,0.000000,0.000000,1.000000,0.000000,0.000000,-0.000992,0.500000,0
0.000000,0.000000,1.000000,0.000000,0.000000,-0.000992,0.500000,0.046627,0.932362,-1.000000,-0.607843,0.200000,0.000000,0.000000,1.000000,0.000000,0.000000,-0.000992,0.500000,0
0.000000,0.000000,1.000000,0.000000,0.000000,-0.000992,0.500000,0.491071,0.000000,-0.600000,0.921569,0.200000,0.000000,0.000000,1.000000,0.000000,0.000000,-0.000992,0.500000,0
0.000000,0.000000,1.000000,0.000000,0.000000,-0.000992,0.500000,0.014881,0.361531,0.600000,-0.431373,0.200000,0.000000,0.000000,1.000000,0.000000,0.000000,-0.000992,0.500000,0
0.000000,0.000000,1.000000,0.000000,0.000000,-0.000992,0.500000,0.046627,0.937565,-1.000000,0.490196,0.200000,0.000000,0.000000,1.000000,0.000000,0.000000,-0.000992,0.500000,0
0.000000,0.000000,1.000000,0.000000,0.000000,-0.000992,0.500000,0.999008,0.000000,1.000000,-0.333333,0.200000,0.000000,0.000000,1.000000,0.000000,0.000000,-0.000992,0.500000,0
0.000000,0.000000,1.000000,0.000000,0.000000,-0.000992,0.500000,-0.000992,0.886026,1.000000,0.803922,0.200000,0.000000,0.000000,1.000000,0.000000,0.000000,-0.000992,0.500000,0
0.000000,0.000000,1.000000,0.000000,0.000000,-0.000992,0.500000,0.110119,0.460424,0.600000,-0.941176,0.200000,0.000000,0.000000,1.000000,0.000000,0.000000,-0.000992,0.500000,0
0.000000,0.000000,1.000000,0.000000,0.000000,-0.000992,0.500000,0.491071,0.000000,-0.600000,0.098039,0.200000,0.000000,0.000000,1.000000,0.000000,0.000000,-0.000992,0.500000,0
0.000000,0.000000,1.000000,0.000000,0.000000,-0.000992,0.500000,0.110119,0.989967,0.200000,-0.823529,0.200000,0.000000,0.000000,1.000000,0.000000,0.000000,-0.000992,0.500000,0
0.000000,0.000000,1.000000,0.000000,0.000000,-0.000992,0.500000,0.237103,0.280884,-0.200000,0.274510,0.200000,0.000000,0.000000,1.000000,0.000000,0.000000,-0.000992,0.500000,0
0.000000,0.000000,1.000000,0.000000,0.000000,-0.000992,0.500000,-0.000992,0.148662,0.200000,-0.921569,0.200000,0.000000,0.000000,1.000000,0.000000,0.000000,-0.000992,0.500000,0
0.000000,0.000000,1.000000,0.000000,0.000000,-0.000992,0.500000,0.237103,0.161248,-1.000000,-0.490196,0.200000,0.000000,0.000000,1.000000,0.000000,0.000000,-0.000992,0.500000,0
0.000000,0.000000,1.000000,0.000000,0.000000,-0.000992,0.500000,0.046627,0.162331,-0.200000,0.450980,0.200000,0.000000,0.000000,1.000000,0.000000,0.000000,-0.000992,0.500000,0
0.000000,0.000000,1.000000,0.000000,0.000000,-0.000992,0.500000,-0.000992,0.419227,-1.000000,0.000000,0.200000,0.000000,0.000000,1.000000,0.000000,0.000000,-0.000992,0.500000,0
0.000000,0.000000,1.000000,0.000000,0.000000,-0.000992,0.500000,-0.000992,0.052527,0.200000,0.705882,0.200000,0.000000,0.000000,1.000000,0.000000,0.000000,-0.000992,0.500000,0
0.000000,0.000000,1.000000,0.000000,0.000000,-0.000992,0.500000,0.999008,0.000000,0.600000,-0.450980,0.200000,0.000000,0.000000,1.000000,0.000000,0.000000,-0.000992,0.500000,0
0.000000,0.000000,1.000000,0.000000,0.000000,-0.000992,0.500000,0.110119,0.095875,0.200000,-0.294118,0.200000,0.000000,0.000000,1.000000,0.000000,0.000000,-0.000992,0.500000,0
0.000000,0.000000,1.000000,0.000000,0.000000,-0.000992,0.500000,0.237103,0.353706,-0.200000,-0.705882,0.200000,0.000000,0.000000,1.000000,0.000000,0.000000,-0.000992,0.500000,0
0.000000,0.000000,1.000000,0.000000,0.000000,-0.000992,0.500000,0.237103,0.205462,1.000000,0.196078,0.200000,0.000000,0.000000,1.000000,0.000000,0.000000,-0.000992,0.500000,0
0.000000,0.000000,1.000000,0.000000,0.000000,-0.000992,0.500000,0.999008,0.000000,1.000000,0.803922,0.200000,0.000000,0.000000,1.000000,0.000000,0.000000,-0.000992,0.500000,0
0.000000,0.000000,1.000000,0.000000,0.000000,-0.000992,0.500000,-0.000992,0.447968,0.600000,0.392157,0.200000,0.000000,0.000000,1.000000,0.000000,0.000000,-0.000992,0.500000,0
0.000000,0.000000,1.000000,0.000000,0.000000,-0.000992,0.500000,0.014881,0.372608,-0.600000,-0.352941,0.200000,0.000000,0.000000,1.000000,0.000000,0.000000,-0.000992,0.500000,0
0.000000,0.000000,1.000000,0.000000,0.000000,-0.000992,0.500000,-0.000992,0.876115,-1.000000,-0.156863,0.200000,0.000000,0.000000,1.000000,0.000000,0.000000,-0.000992,0.500000,0
0.000000,0.000000,1.000000,0.000000,0.000000,-0.000992,0.500000,0.491071,0.000000,0.200000,0.784314,0.200000,0.000000,0.000000,1.000000,0.000000,0.000000,-0.000992,0.500000,0
0.000000,0.000000,1.000000,0.000000,0.000000,-0.000992,0.500000,0.491071,0.000000,0.200000,0.274510,0.200000,0.000000,0.000000,1.000000,0.000000,0.000000,-0.000992,0.500000,0
0.000000,0.000000,1.000000,0.000000,0.000000,-0.000992,0.500000,0.046627,0.217482,0.600000,-1.000000,0.200000,0.000000,0.000000,1.000000,0.000000,0.000000,-0.000992,0.500000,0
0.000000,0.000000,1.000000,0.000000,0.000000,-0.000992,0.500000,0.237103,0.925878,-1.000000,0.745098,0.200000,0.000000,0.000000,1.000000,0.000000,0.000000,-0.000992,0.500000,0
0.000000,0.000000,1.000000,0.000000,0.000000,-0.000992,0.500000,0.491071,0.000000,0.200000,0.176471,0.200000,0.000000,0.000000,1.000000,0.000000,0.000000,-0.000992,0.500000,0
0.000000,0.000000,1.000000,0.000000,0.000000,-0.000992,0.500000,0.237103,0.000000,-1.000000,0.627451,0.200000,0.000000,0.000000,1.000000,0.000000,0.000000,-0.000992,0.500000,0
0.000000,0.000000,1.000000,0.000000,0.000000,-0.000992,0.500000,0.110119,0.064660,-1.000000,0.745098,0.200000,0.000000,0.000000,1.000000,0.000000,0.000000,-0.000992,0.500000,0
0.000000,0.000000,1.000000,0.000000,0.000000,-0.000992,0.500000,0.046627,0.984391,-0.200000,-0.627451,0.200000,0.000000,0.000000,1.000000,0.000000,0.000000,-0.000992,0.500000,0
0.000000,0.000000,1.000000,0.000000,0.000000,-0.000992,0.500000,0.014881,0.407855,-0.600000,-0.117647,0.200000,0.000000,0.000000,1.000000,0.000000,0.000000,-0.000992,0.500000,0
0.000000,0.000000,1.000000,0.000000,0.000000,-0.000992,0.500000,0.237103,0.170351,-0.200000,-0.333333,0.200000,0.000000,0.000000,1.000000,0.000000,0.000000,-0.000992,0.500000,0
0.000000,0.000000,1.000000,0.000000,0.000000,-0.000992,0.500000,0.999008,0.000000,-0.200000,0.666667,0.000000,0.000000,0.000000,0.000000,0.000000,0.000000,0.999008,0.500000,0
0.000000,0.000000,1.000000,0.000000,0.000000,-0.000992,0.500000,0.491071,0.050682,-0.600000,0.803922,0.000000,0.000000,0.000000,0.000000,0.000000,0.000000,0.491071,0.500000,0
0.000000,0.000000,1.000000,0.000000,0.000000,-0.000992,0.500000,0.110119,0.187291,0.200000,-0.666667,0.000000,0.000000,0.000000,0.000000,0.000000,0.000000,0.110119,0.500000,0
0.000000,0.000000,1.000000,0.000000,0.000000,-0.000992,0.500000,0.491071,0.598441,0.600000,0.862745,0.000000,0.000000,0.000000,0.000000,0.000000,0.000000,0.491071,0.500000,0
0.000000,0.000000,1.000000,0.000000,0.000000,-0.000992,0.500000,-0.000992,0.934589,-1.000000,0.019608,0.000000,0.000000,0.000000,0.000000,0.000000,0.000000,-0.000992,0.500000,0
0.000000,0.000000,1.000000,0.000000,0.000000,-0.000992,0.500000,0.110119,0.344482,-1.000000,0.019608,0.000000,0.000000,0.000000,0.000000,0.000000,0.000000,0.110119,0.500000,0
0.000000,0.000000,1.000000,0.000000,0.000000,-0.000992,0.500000,0.014881,0.659617,1.000000,-0.254902,0.000000,0.000000,0.000000,0.000000,0.000000,0.000000,0.014881,0.500000,0
0.000000,0.000000,1.000000,0.000000,0.000000,-0.000992,0.500000,0.491071,0.795322,-0.600000,0.901961,0.000000,0.000000,0.000000,0.000000,0.000000,0.000000,0.491071,0.500000,0
0.000000,0.000000,1.000000,0.000000,0.000000,-0.000992,0.500000,0.110119,0.096990,1.000000,-0.686275,0.000000,0.000000,0.000000,0.000000,0.000000,0.000000,0.110119,0.500000,0
0.000000,0.000000,1.000000,0.000000,0.000000,-0.000992,0.500000,0.491071,0.000000,-1.000000,-0.156863,0.000000,0.000000,0.000000,0.000000,0.000000,0.000000,0.491071,0.500000,0
0.000000,0.000000,0.000000,0.000000,0.000000,0.999008,0.500000,0.491071,0.851852,-1.000000,0.019608,0.200000,0.000000,0.000000,1.000000,0.000000,0.000000,0.491071,0.500000,0
0.000000,0.000000,0.000000,0.000000,0.000000,0.491071,0.500000,0.999008,0.000000,0.600000,0.666667,0.200000,0.000000,0.000000,1.000000,0.000000,0.000000,0.999008,0.500000,0
0.000000,0.000000,0.000000,0.000000,0.000000,0.110119,0.500000,0.999008,0.000000,-1.000000,0.215686,0.200000,0.000000,0.000000,1.000000,0.000000,0.000000,0.999008,0.500000,0
0.000000,0.000000,0.000000,0.000000,0.000000,0.491071,0.500000,0.046627,0.770031,-0.200000,0.333333,0.200000,0.000000,0.000000,1.000000,0.000000,0.000000,0.046627,0.500000,0
0.000000,0.000000,0.000000,0.000000,0.000000,-0.000992,0.500000,0.491071,0.033138,-0.600000,0.470588,0.200000,0.000000,0.000000,1.000000,0.000000,0.000000,0.491071,0.500000,0
0.000000,0.000000,0.000000,0.000000,0.000000,0.110119,0.500000,0.491071,0.000000,0.200000,-0.294118,0.200000,0.000000,0.000000,1.000000,0.000000,0.000000,0.491071,0.500000,0
0.000000,0.000000,0.000000,0.000000,0.000000,0.014881,0.500000,0.046627,0.494277,-1.000000,0.098039,0.200000,0.000000,0.000000,1.000000,0.000000,0.000000,0.046627,0.500000,0
0.000000,0.000000,0.000000,0.000000,0.000000,0.491071,0.500000,0.999008,0.000000,0.600000,0.215686,0.200000,0.000000,0.000000,1.000000,0.000000,0.000000,0.999008,0.500000,0
0.000000,0.000000,0.000000,0.000000,0.000000,0.110119,0.500000,0.237103,0.447334,0.600000,0.274510,0.200000,0.000000,0.000000,1.000000,0.000000,0.000000,0.237103,0.500000,0
0.000000,0.000000,0.000000,0.000000,0.000000,0.491071,0.500000,0.237103,0.494148,-1.000000,-0.352941,0.200000,0.000000,0.000000,1.000000,0.000000,0.000000,0.237103,0.500000,0
0.000000,0.000000,1.000000,0.000000,0.000000,0.491071,0.500000,0.014881,0.473313,1.000000,-0.823529,0.952740,0.000533,0.222520,1.000000,1.000000,0.000000,0.014881,0.500000,0
0.000000,0.000000,1.000000,0.000000,0.000000,0.999008,0.500000,0.491071,0.740741,-0.200000,-0.588235,0.863238,0.004480,0.228723,1.000000,1.000000,0.002000,0.491071,0.500000,0
0.000000,0.000000,1.000000,0.000000,0.000000,0.999008,0.500000,-0.000992,0.224975,-0.600000,0.862745,0.867680,0.000480,0.219839,1.000000,1.000000,0.000000,-0.000992,0.500000,0
0.000000,0.000000,1.000000,0.000000,0.000000,0.046627,0.500000,0.014881,0.521652,0.200000,-0.137255,0.863353,0.000480,0.228495,1.000000,1.000000,0.000000,0.014881,0.500000,0
0.000000,0.000000,1.000000,0.000000,0.000000,0.491071,0.500000,0.999008,0.000000,-0.200000,0.372549,0.856957,0.004480,0.241287,1.000000,1.000000,0.002000,0.999008,0.500000,0
0.000000,0.000000,1.000000,0.000000,0.000000,0.491071,0.500000,0.237103,0.462939,-0.600000,0.313725,0.865301,0.004480,0.224599,1.000000,1.000000,0.002000,0.237103,0.500000,0
0.000000,0.000000,1.000000,0.000000,0.000000,0.046627,0.500000,0.046627,0.547347,1.000000,0.450980,0.867974,0.000480,0.219251,1.000000,1.000000,0.000000,0.046627,0.500000,0
0.000000,0.000000,1.000000,0.000000,0.000000,0.999008,0.500000,0.237103,0.267880,0.200000,0.274510,0.867974,0.004480,0.219251,1.000000,1.000000,0.002000,0.237103,0.500000,0
0.000000,0.000000,1.000000,0.000000,0.000000,0.237103,0.500000,0.491071,0.688109,-0.600000,-0.941176,0.864442,0.004480,0.226316,1.000000,1.000000,0.002000,0.491071,0.500000,0
0.000000,0.000000,1.000000,0.000000,0.000000,0.237103,0.500000,-0.000992,0.693756,-1.000000,-0.607843,0.863045,0.000480,0.229111,1.000000,1.000000,0.000000,-0.000992,0.500000,0
0.000533,0.222520,1.000000,1.000000,0.000000,0.014881,0.500000,0.014881,0.081571,-0.200000,-0.039216,-0.003833,0.000000,0.407666,1.000000,1.000000,0.000000,0.014881,0.500000,0
0.004480,0.228723,1.000000,1.000000,0.002000,0.491071,0.500000,0.014881,0.579053,-1.000000,-0.411765,-0.005986,0.000000,0.411972,1.000000,1.000000,0.000000,0.014881,0.500000,0
0.000480,0.219839,1.000000,1.000000,0.000000,-0.000992,0.500000,0.999008,0.000000,-0.200000,-0.098039,-0.012544,0.004000,0.425087,1.000000,1.000000,0.002000,0.999008,0.500000,0
0.000480,0.228495,1.000000,1.000000,0.000000,0.014881,0.500000,-0.000992,0.544103,-0.200000,-0.921569,0.003390,0.000000,0.393220,1.000000,1.000000,0.000000,-0.000992,0.500000,0
0.004480,0.241287,1.000000,1.000000,0.002000,0.999008,0.500000,-0.000992,0.327056,1.000000,0.705882,-0.010247,0.000000,0.420495,1.000000,1.000000,0.000000,-0.000992,0.500000,0
0.004480,0.224599,1.000000,1.000000,0.002000,0.237103,0.500000,-0.000992,0.815659,-0.200000,0.764706,-0.010993,0.000000,0.421986,1.000000,1.000000,0.000000,-0.000992,0.500000,0
0.000480,0.219251,1.000000,1.000000,0.000000,0.046627,0.500000,-0.000992,0.703667,1.000000,-0.568627,-0.011268,0.000000,0.422535,1.000000,1.000000,0.000000,-0.000992,0.500000,0
0.004480,0.219251,1.000000,1.000000,0.002000,0.237103,0.500000,0.237103,0.816645,-0.200000,-0.509804,-0.007746,0.000000,0.415493,1.000000,1.000000,0.000000,0.237103,0.500000,0
0.004480,0.226316,1.000000,1.000000,0.002000,0.491071,0.500000,0.014881,0.800604,-0.600000,0.372549,-0.008481,0.000000,0.416961,1.000000,1.000000,0.000000,0.014881,0.500000,0
0.000480,0.229111,1.000000,1.000000,0.000000,-0.000992,0.500000,0.046627,0.123829,-1.000000,-0.627451,-0.004545,0.000000,0.409091,1.000000,1.000000,0.000000,0.046627,0.500000,0
0.000000,0.407666,1.000000,1.000000,0.000000,0.014881,0.500000,0.491071,0.000000,-1.000000,0.313725,0.012287,0.004000,0.375427,1.000000,1.000000,0.002000,0.491071,0.500000,0
0.000000,0.411972,1.000000,1.000000,0.000000,0.014881,0.500000,-0.000992,0.872151,0.200000,0.372549,0.008621,0.000000,0.382759,1.000000,1.000000,0.000000,-0.000992,0.500000,0
0.004000,0.425087,1.000000,1.000000,0.002000,0.999008,0.500000,0.046627,0.127992,-0.200000,-0.607843,0.004878,0.000000,0.390244,1.000000,1.000000,0.000000,0.046627,0.500000,0
0.000000,0.393220,1.000000,1.000000,0.000000,-0.000992,0.500000,0.491071,0.134503,-0.600000,0.921569,0.005842,0.004000,0.388316,1.000000,1.000000,0.002000,0.491071,0.500000,0
0.000000,0.420495,1.000000,1.000000,0.000000,-0.000992,0.500000,0.014881,0.187311,-0.200000,0.745098,0.001754,0.000000,0.396491,1.000000,1.000000,0.000000,0.014881,0.500000,0
0.000000,0.421986,1.000000,1.000000,0.000000,-0.000992,0.500000,0.237103,0.410923,0.200000,-1.000000,0.013559,0.000000,0.372881,1.000000,1.000000,0.000000,0.237103,0.500000,0
0.000000,0.422535,1.000000,1.000000,0.000000,-0.000992,0.500000,-0.000992,0.453915,0.200000,-0.019608,0.005556,0.000000,0.388889,1.000000,1.000000,0.000000,-0.000992,0.500000,0
0.000000,0.415493,1.000000,1.000000,0.000000,0.237103,0.500000,0.014881,0.989930,-1.000000,0.235294,0.006620,0.000000,0.386760,1.000000,1.000000,0.000000,0.014881,0.500000,0
0.000000,0.416961,1.000000,1.000000,0.000000,0.014881,0.500000,0.491071,0.000000,-0.200000,0.196078,0.005556,0.000000,0.388889,1.000000,1.000000,0.000000,0.491071,0.500000,0
0.000000,0.409091,1.000000,1.000000,0.000000,0.046627,0.500000,0.491071,0.925926,0.600000,-0.078431,0.008219,0.004000,0.383562,1.000000,1.000000,0.002000,0.491071,0.500000,0
0.004000,0.375427,1.000000,1.000000,0.002000,0.491071,0.500000,0.237103,0.000000,-0.600000,0.725490,0.029268,0.000000,0.341463,1.000000,1.000000,0.000000,0.237103,0.500000,0
0.000000,0.382759,1.000000,1.000000,0.000000,-0.000992,0.500000,0.999008,0.000000,-0.600000,-0.431373,0.029861,0.000000,0.340278,1.000000,1.000000,0.000000,0.999008,0.500000,0
0.000000,0.390244,1.000000,1.000000,0.000000,0.046627,0.500000,0.999008,0.000000,0.600000,0.666667,0.028125,0.000000,0.343750,1.000000,1.000000,0.000000,0.999008,0.500000,0
0.004000,0.388316,1.000000,1.000000,0.002000,0.491071,0.500000,0.046627,0.289282,0.600000,-1.000000,0.029861,0.000000,0.340278,1.000000,1.000000,0.000000,0.046627,0.500000,0
0.000000,0.396491,1.000000,1.000000,0.000000,0.014881,0.500000,0.014881,0.335347,-0.200000,0.705882,0.022695,0.000000,0.354610,1.000000,1.000000,0.000000,0.014881,0.500000,0
0.000000,0.372881,1.000000,1.000000,0.000000,0.237103,0.500000,0.046627,0.459938,0.200000,0.117647,0.024468,0.000000,0.351064,1.000000,1.000000,0.000000,0.046627,0.500000,0
0.000000,0.388889,1.000000,1.000000,0.000000,-0.000992,0.500000,-0.000992,0.360753,-0.600000,0.470588,0.023843,0.000000,0.352313,1.000000,1.000000,0.000000,-0.000992,0.500000,0
0.000000,0.386760,1.000000,1.000000,0.000000,0.014881,0.500000,0.046627,0.972945,-0.200000,-0.294118,0.026855,0.000000,0.346290,1.000000,1.000000,0.000000,0.046627,0.500000,0
0.000000,0.388889,1.000000,1.000000,0.000000,0.491071,0.500000,0.237103,0.351105,1.000000,0.098039,0.023322,0.000000,0.353357,1.000000,1.000000,0.000000,0.237103,0.500000,0
0.004000,0.383562,1.000000,1.000000,0.002000,0.491071,0.500000,0.110119,0.426979,0.200000,-0.235294,0.025623,0.000000,0.348754,1.000000,1.000000,0.000000,0.110119,0.500000,0
0.000000,0.341463,1.000000,1.000000,0.000000,0.237103,0.500000,0.491071,0.000000,-1.000000,-0.274510,0.037086,0.004000,0.324503,0.996689,1.000000,0.002000,0.491071,0.500000,0
0.000000,0.340278,1.000000,1.000000,0.000000,0.999008,0.500000,0.491071,0.358674,0.200000,0.686275,0.034333,0.000000,0.330000,0.996667,1.000000,0.000000,0.491071,0.500000,0
0.000000,0.343750,1.000000,1.000000,0.000000,0.999008,0.500000,0.046627,0.955255,-0.200000,0.980392,0.033779,0.000000,0.331104,0.996656,1.000000,0.000000,0.046627,0.500000,0
0.000000,0.340278,1.000000,1.000000,0.000000,0.046627,0.500000,0.014881,0.040282,-1.000000,-0.333333,0.032095,0.000000,0.334459,0.996622,1.000000,0.000000,0.014881,0.500000,0
0.000000,0.354610,1.000000,1.000000,0.000000,0.014881,0.500000,0.491071,0.471735,0.600000,0.431373,0.027551,0.000000,0.343537,0.996599,1.000000,0.000000,0.491071,0.500000,0
0.000000,0.351064,1.000000,1.000000,0.000000,0.046627,0.500000,0.237103,0.630689,-0.600000,0.274510,0.025338,0.004000,0.347973,0.996622,1.000000,0.002000,0.237103,0.500000,0
0.000000,0.352313,1.000000,1.000000,0.000000,-0.000992,0.500000,0.046627,0.482830,1.000000,0.627451,0.028136,0.000000,0.342373,0.996610,1.000000,0.000000,0.046627,0.500000,0
0.000000,0.346290,1.000000,1.000000,0.000000,0.046627,0.500000,0.046627,0.257024,1.000000,0.549020,0.030976,0.004000,0.336700,0.996633,1.000000,0.002000,0.046627,0.500000,0
0.000000,0.353357,1.000000,1.000000,0.000000,0.237103,0.500000,0.999008,0.000000,0.200000,0.843137,0.034333,0.004000,0.330000,0.996667,1.000000,0.002000,0.999008,0.500000,0
0.000000,0.348754,1.000000,1.000000,0.000000,0.110119,0.500000,0.999008,0.000000,-0.600000,-0.784314,0.031544,0.004000,0.335570,0.996644,1.000000,0.002000,0.999008,0.500000,0
0.004000,0.324503,0.996689,1.000000,0.002000,0.491071,0.500000,-0.000992,0.929633,1.000000,0.058824,0.033333,0.000000,0.333333,1.000000,1.000000,0.000000,-0.000992,0.500000,0
0.000000,0.330000,0.996667,1.000000,0.000000,0.491071,0.500000,0.110119,0.638796,0.600000,0.000000,0.034448,0.000000,0.331104,1.000000,1.000000,0.000000,0.110119,0.500000,0
0.000000,0.331104,0.996656,1.000000,0.000000,0.046627,0.500000,-0.000992,0.479683,-0.200000,0.647059,0.032215,0.000000,0.335570,1.000000,1.000000,0.000000,-0.000992,0.500000,0
0.000000,0.334459,0.996622,1.000000,0.000000,0.014881,0.500000,0.110119,0.000000,-1.000000,0.705882,0.034448,0.000000,0.331104,1.000000,1.000000,0.000000,0.110119,0.500000,0
0.000000,0.343537,0.996599,1.000000,0.000000,0.491071,0.500000,0.999008,0.000000,-1.000000,-0.274510,0.030565,0.000000,0.338870,1.000000,1.000000,0.000000,0.999008,0.500000,0
0.004000,0.347973,0.996622,1.000000,0.002000,0.237103,0.500000,-0.000992,0.710605,-0.200000,-0.431373,0.035000,0.000000,0.330000,1.000000,1.000000,0.000000,-0.000992,0.500000,0
0.000000,0.342373,0.996610,1.000000,0.000000,0.046627,0.500000,0.046627,0.361082,-0.200000,-0.862745,0.034448,0.000000,0.331104,1.000000,1.000000,0.000000,0.046627,0.500000,0
0.004000,0.336700,0.996633,1.000000,0.002000,0.046627,0.500000,0.999008,0.000000,0.200000,0.941176,0.027243,0.004000,0.345515,1.000000,1.000000,0.002000,0.999008,0.500000,0
0.004000,0.330000,0.996667,1.000000,0.002000,0.999008,0.500000,0.014881,0.753273,-0.200000,0.980392,0.034448,0.000000,0.331104,1.000000,1.000000,0.000000,0.014881,0.500000,0
0.004000,0.335570,0.996644,1.000000,0.002000,0.999008,0.500000,0.014881,0.787513,-0.600000,-0.313725,0.032215,0.000000,0.335570,1.000000,1.000000,0.000000,0.014881,0.500000,0
0.000000,0.333333,1.000000,1.000000,0.000000,-0.000992,0.500000,0.491071,0.933723,-0.200000,-0.019608,0.012658,0.004000,0.373418,0.996835,1.000000,0.002000,0.491071,0.500000,0
0.000000,0.331104,1.000000,1.000000,0.000000,0.110119,0.500000,0.237103,0.988296,-0.600000,-0.254902,0.004902,0.004000,0.388889,0.996732,1.000000,0.002000,0.237103,0.500000,0
0.000000,0.335570,1.000000,1.000000,0.000000,-0.000992,0.500000,0.046627,0.482830,1.000000,0.254902,0.004262,0.000000,0.390164,0.996721,1.000000,0.000000,0.046627,0.500000,0
0.000000,0.331104,1.000000,1.000000,0.000000,0.110119,0.500000,0.014881,0.545821,-1.000000,0.392157,0.005263,0.000000,0.388158,0.996711,1.000000,0.000000,0.014881,0.500000,0
0.000000,0.338870,1.000000,1.000000,0.000000,0.999008,0.500000,0.110119,0.800446,-0.600000,0.333333,0.006536,0.000000,0.385621,0.996732,1.000000,0.000000,0.110119,0.500000,0
0.000000,0.330000,1.000000,1.000000,0.000000,-0.000992,0.500000,0.110119,0.391304,0.600000,-0.313725,0.006536,0.000000,0.385621,0.996732,1.000000,0.000000,0.110119,0.500000,0
0.000000,0.331104,1.000000,1.000000,0.000000,0.046627,0.500000,0.237103,0.000000,1.000000,-0.156863,0.001980,0.000000,0.396040,1.000000,1.000000,0.000000,0.237103,0.500000,0
0.004000,0.345515,1.000000,1.000000,0.002000,0.999008,0.500000,-0.000992,0.720515,1.000000,-1.000000,0.004545,0.000000,0.389610,0.996753,1.000000,0.000000,-0.000992,0.500000,0
0.000000,0.331104,1.000000,1.000000,0.000000,0.014881,0.500000,0.237103,0.394018,1.000000,-0.529412,-0.004682,0.000000,0.408027,0.996656,1.000000,0.000000,0.237103,0.500000,0
0.000000,0.335570,1.000000,1.000000,0.000000,0.014881,0.500000,-0.000992,0.765114,0.200000,-0.333333,0.001320,0.000000,0.396040,0.996700,1.000000,0.000000,-0.000992,0.500000,0
0.004000,0.373418,0.996835,1.000000,0.002000,0.491071,0.500000,0.999008,0.000000,-1.000000,-0.882353,0.028904,0.004000,0.342193,1.000000,1.000000,0.002000,0.999008,0.500000,0
0.004000,0.388889,0.996732,1.000000,0.002000,0.237103,0.500000,0.237103,0.000000,-0.200000,-0.196078,0.020557,0.000000,0.358885,1.000000,1.000000,0.000000,0.237103,0.500000,0
0.000000,0.390164,0.996721,1.000000,0.000000,0.046627,0.500000,0.110119,0.707915,-0.200000,-0.725490,0.021799,0.000000,0.356401,1.000000,1.000000,0.000000,0.110119,0.500000,0
0.000000,0.388158,0.996711,1.000000,0.000000,0.014881,0.500000,0.110119,0.042363,-1.000000,0.372549,0.019444,0.000000,0.361111,1.000000,1.000000,0.000000,0.110119,0.500000,0
0.000000,0.385621,0.996732,1.000000,0.000000,0.110119,0.500000,0.110119,0.778149,-0.600000,-0.764706,0.018966,0.000000,0.362069,1.000000,1.000000,0.000000,0.110119,0.500000,0
0.000000,0.385621,0.996732,1.000000,0.000000,0.110119,0.500000,-0.000992,0.735382,-1.000000,-0.647059,0.021181,0.000000,0.357639,1.000000,1.000000,0.000000,-0.000992,0.500000,0
0.000000,0.396040,1.000000,1.000000,0.000000,0.237103,0.500000,0.237103,0.551365,1.000000,-1.000000,0.022526,0.000000,0.354949,1.000000,1.000000,0.000000,0.237103,0.500000,0
0.000000,0.389610,0.996753,1.000000,0.000000,-0.000992,0.500000,0.046627,0.365245,1.000000,-0.705882,0.021181,0.000000,0.357639,1.000000,1.000000,0.000000,0.046627,0.500000,0
0.000000,0.408027,0.996656,1.000000,0.000000,0.237103,0.500000,0.110119,0.619844,0.200000,0.686275,0.021181,0.000000,0.357639,1.000000,1.000000,0.000000,0.110119,0.500000,0
0.000000,0.396040,0.996700,1.000000,0.000000,-0.000992,0.500000,0.046627,0.075963,-1.000000,0.450980,0.022414,0.000000,0.355172,1.000000,1.000000,0.000000,0.046627,0.500000,0
0.004000,0.342193,1.000000,1.000000,0.002000,0.999008,0.500000,0.110119,0.197324,1.000000,0.274510,0.032278,0.000000,0.335443,1.000000,1.000000,0.000000,0.110119,0.500000,0
0.000000,0.358885,1.000000,1.000000,0.000000,0.237103,0.500000,0.014881,0.317221,1.000000,-0.705882,0.031746,0.000000,0.336508,1.000000,1.000000,0.000000,0.014881,0.500000,0
0.000000,0.356401,1.000000,1.000000,0.000000,0.110119,0.500000,0.014881,0.510574,-0.200000,-0.176471,0.030128,0.000000,0.339744,1.000000,1.000000,0.000000,0.014881,0.500000,0
0.000000,0.361111,1.000000,1.000000,0.000000,0.110119,0.500000,0.014881,0.927492,-1.000000,-0.666667,0.032268,0.000000,0.335463,1.000000,1.000000,0.000000,0.014881,0.500000,0
0.000000,0.362069,1.000000,1.000000,0.000000,0.110119,0.500000,0.999008,0.000000,0.200000,-0.901961,0.031269,0.004000,0.337461,1.000000,1.000000,0.002000,0.999008,0.500000,0
0.000000,0.357639,1.000000,1.000000,0.000000,-0.000992,0.500000,0.491071,0.000000,-1.000000,-0.803922,0.029618,0.000000,0.340764,1.000000,1.000000,0.000000,0.491071,0.500000,0
0.000000,0.354949,1.000000,1.000000,0.000000,0.237103,0.500000,0.999008,0.000000,0.200000,-0.686275,0.023344,0.004000,0.353312,1.000000,1.000000,0.002000,0.999008,0.500000,0
0.000000,0.357639,1.000000,1.000000,0.000000,0.046627,0.500000,0.046627,0.634755,0.600000,-0.392157,0.026984,0.000000,0.346032,1.000000,1.000000,0.000000,0.046627,0.500000,0
0.000000,0.357639,1.000000,1.000000,0.000000,0.110119,0.500000,0.491071,0.000000,1.000000,-0.176471,0.021656,0.004000,0.356688,1.000000,1.000000,0.002000,0.491071,0.500000,0
0.000000,0.355172,1.000000,1.000000,0.000000,0.046627,0.500000,0.110119,0.413601,-0.600000,0.607843,0.026367,0.000000,0.347267,1.000000,1.000000,0.000000,0.110119,0.500000,0
0.000000,0.335443,1.000000,1.000000,0.000000,0.110119,0.500000,0.046627,0.566077,0.600000,-0.274510,0.039744,0.000000,0.320513,1.000000,1.000000,0.000000,0.046627,0.500000,0
0.000000,0.336508,1.000000,1.000000,0.000000,0.014881,0.500000,0.046627,0.242456,0.200000,0.294118,0.037097,0.000000,0.325806,1.000000,1.000000,0.000000,0.046627,0.500000,0
0.000000,0.339744,1.000000,1.000000,0.000000,0.014881,0.500000,0.491071,0.000000,1.000000,0.509804,0.036039,0.000000,0.327922,1.000000,1.000000,0.000000,0.491071,0.500000,0
0.000000,0.335463,1.000000,1.000000,0.000000,0.014881,0.500000,0.046627,0.229969,0.200000,0.803922,0.031715,0.000000,0.336570,1.000000,1.000000,0.000000,0.046627,0.500000,0
0.004000,0.337461,1.000000,1.000000,0.002000,0.999008,0.500000,0.110119,0.353400,0.600000,-0.392157,0.034426,0.000000,0.331148,1.000000,1.000000,0.000000,0.110119,0.500000,0
0.000000,0.340764,1.000000,1.000000,0.000000,0.491071,0.500000,0.046627,0.533819,-0.600000,0.803922,0.037134,0.000000,0.325733,1.000000,1.000000,0.000000,0.046627,0.500000,0
0.004000,0.353312,1.000000,1.000000,0.002000,0.999008,0.500000,-0.000992,0.704658,1.000000,-0.019608,0.033876,0.000000,0.332248,1.000000,1.000000,0.000000,-0.000992,0.500000,0
0.000000,0.346032,1.000000,1.000000,0.000000,0.046627,0.500000,0.237103,0.000000,1.000000,-0.254902,0.037134,0.000000,0.325733,1.000000,1.000000,0.000000,0.237103,0.500000,0
0.004000,0.356688,1.000000,1.000000,0.002000,0.491071,0.500000,0.014881,0.625378,-0.200000,0.647059,0.033333,0.000000,0.333333,1.000000,1.000000,0.000000,0.014881,0.500000,0
0.000000,0.347267,1.000000,1.000000,0.000000,0.110119,0.500000,0.110119,0.888517,-0.200000,0.960784,0.037134,0.000000,0.325733,1.000000,1.000000,0.000000,0.110119,0.500000,0
0.000000,0.320513,1.000000,1.000000,0.000000,0.046627,0.500000,0.237103,0.386216,-0.200000,0.039216,0.050309,0.000000,0.299383,1.000000,1.000000,0.000000,0.237103,0.500000,0
0.000000,0.325806,1.000000,1.000000,0.000000,0.046627,0.500000,0.110119,0.296544,-0.600000,0.333333,0.047484,0.000000,0.305031,1.000000,1.000000,0.000000,0.110119,0.500000,0
0.000000,0.327922,1.000000,1.000000,0.000000,0.491071,0.500000,0.999008,0.000000,-1.000000,-0.588235,0.049231,0.004000,0.301538,1.000000,1.000000,0.002000,0.999008,0.500000,0
0.000000,0.336570,1.000000,1.000000,0.000000,0.046627,0.500000,0.999008,0.000000,0.600000,-0.294118,0.053211,0.004000,0.293578,1.000000,1.000000,0.002000,0.999008,0.500000,0
0.000000,0.331148,1.000000,1.000000,0.000000,0.110119,0.500000,0.014881,0.230614,0.600000,-0.666667,0.046395,0.000000,0.307210,1.000000,1.000000,0.000000,0.014881,0.500000,0
0.000000,0.325733,1.000000,1.000000,0.000000,0.046627,0.500000,0.014881,0.486405,0.200000,-0.333333,0.044937,0.000000,0.310127,1.000000,1.000000,0.000000,0.014881,0.500000,0
0.000000,0.332248,1.000000,1.000000,0.000000,-0.000992,0.500000,0.046627,0.235172,0.200000,-0.843137,0.046395,0.000000,0.307210,1.000000,1.000000,0.000000,0.046627,0.500000,0
0.000000,0.325733,1.000000,1.000000,0.000000,0.237103,0.500000,0.999008,0.000000,-1.000000,-0.784314,0.044237,0.004000,0.311526,1.000000,1.000000,0.002000,0.999008,0.500000,0
0.000000,0.333333,1.000000,1.000000,0.000000,0.014881,0.500000,0.237103,0.176853,-0.600000,0.647059,0.047484,0.000000,0.305031,1.000000,1.000000,0.000000,0.237103,0.500000,0
0.000000,0.325733,1.000000,1.000000,0.000000,0.110119,0.500000,0.014881,0.163142,-1.000000,0.549020,0.045912,0.000000,0.308176,1.000000,1.000000,0.000000,0.014881,0.500000,0
0.000000,0.299383,1.000000,1.000000,0.000000,0.237103,0.500000,0.237103,0.348505,0.200000,0.254902,0.060656,0.000000,0.278689,1.000000,1.000000,0.000000,0.237103,0.500000,0
0.000000,0.305031,1.000000,1.000000,0.000000,0.110119,0.500000,0.110119,0.272018,-0.600000,-0.803922,0.060197,0.000000,0.279605,1.000000,1.000000,0.000000,0.110119,0.500000,0
0.004000,0.301538,1.000000,1.000000,0.002000,0.999008,0.500000,0.999008,0.000000,-1.000000,0.843137,0.061564,0.004000,0.276873,1.000000,1.000000,0.002000,0.999008,0.500000,0
0.004000,0.293578,1.000000,1.000000,0.002000,0.999008,0.500000,0.046627,0.617066,0.200000,-0.529412,0.058553,0.000000,0.282895,1.000000,1.000000,0.000000,0.046627,0.500000,0
0.000000,0.307210,1.000000,1.000000,0.000000,0.014881,0.500000,0.014881,0.601208,0.600000,-0.215686,0.059736,0.000000,0.280528,1.000000,1.000000,0.000000,0.014881,0.500000,0
0.000000,0.310127,1.000000,1.000000,0.000000,0.014881,0.500000,0.491071,0.444444,-0.200000,-0.450980,0.059477,0.000000,0.281046,1.000000,1.000000,0.000000,0.491071,0.500000,0
0.000000,0.307210,1.000000,1.000000,0.000000,0.046627,0.500000,0.491071,0.000000,-0.600000,-0.019608,0.065696,0.000000,0.268608,1.000000,1.000000,0.000000,0.491071,0.500000,0
0.004000,0.311526,1.000000,1.000000,0.002000,0.999008,0.500000,0.999008,0.000000,0.200000,0.039216,0.056209,0.000000,0.287582,1.000000,1.000000,0.000000,0.999008,0.500000,0
0.000000,0.305031,1.000000,1.000000,0.000000,0.237103,0.500000,-0.000992,0.310208,1.000000,-0.627451,0.058086,0.000000,0.283828,1.000000,1.000000,0.000000,-0.000992,0.500000,0
0.000000,0.308176,1.000000,1.000000,0.000000,0.014881,0.500000,0.014881,0.633434,-1.000000,-0.549020,0.058553,0.000000,0.282895,1.000000,1.000000,0.000000,0.014881,0.500000,0
0.000000,0.278689,1.000000,1.000000,0.000000,0.237103,0.500000,0.110119,0.973244,-1.000000,0.568627,0.023438,0.004000,0.353125,1.000000,1.000000,0.002000,0.110119,0.500000,0
0.000000,0.279605,1.000000,1.000000,0.000000,0.110119,0.500000,0.046627,0.601457,-0.200000,0.352941,0.021875,0.000000,0.356250,1.000000,1.000000,0.000000,0.046627,0.500000,0
0.004000,0.276873,1.000000,1.000000,0.002000,0.999008,0.500000,0.046627,0.071800,1.000000,-0.411765,0.021429,0.000000,0.357143,1.000000,1.000000,0.000000,0.046627,0.500000,0
0.000000,0.282895,1.000000,1.000000,0.000000,0.046627,0.500000,0.046627,0.581686,1.000000,-0.137255,0.022327,0.000000,0.355346,1.000000,1.000000,0.000000,0.046627,0.500000,0
0.000000,0.280528,1.000000,1.000000,0.000000,0.014881,0.500000,0.046627,0.072841,1.000000,-0.666667,0.016614,0.000000,0.366771,1.000000,1.000000,0.000000,0.046627,0.500000,0
0.000000,0.281046,1.000000,1.000000,0.000000,0.491071,0.500000,0.046627,0.077003,-0.600000,0.627451,0.021317,0.000000,0.357367,1.000000,1.000000,0.000000,0.046627,0.500000,0
0.000000,0.268608,1.000000,1.000000,0.000000,0.491071,0.500000,-0.000992,0.675917,-1.000000,0.333333,0.022327,0.000000,0.355346,1.000000,1.000000,0.000000,-0.000992,0.500000,0
0.000000,0.287582,1.000000,1.000000,0.000000,0.999008,0.500000,0.237103,0.803641,0.200000,0.941176,0.019315,0.004000,0.361371,1.000000,1.000000,0.002000,0.237103,0.500000,0
0.000000,0.283828,1.000000,1.000000,0.000000,-0.000992,0.500000,-0.000992,0.067393,-1.000000,-0.960784,0.023529,0.000000,0.352941,1.000000,1.000000,0.000000,-0.000992,0.500000,0
0.000000,0.282895,1.000000,1.000000,0.000000,0.014881,0.500000,0.999008,0.000000,0.200000,-0.019608,0.024615,0.000000,0.350769,1.000000,1.000000,0.000000,0.999008,0.500000,0
0.004000,0.353125,1.000000,1.000000,0.002000,0.110119,0.500000,-0.000992,0.624381,1.000000,-0.254902,0.033871,0.000000,0.332258,1.000000,1.000000,0.000000,-0.000992,0.500000,0
0.000000,0.356250,1.000000,1.000000,0.000000,0.046627,0.500000,0.999008,0.000000,-1.000000,-0.156863,0.030159,0.004000,0.339683,1.000000,1.000000,0.002000,0.999008,0.500000,0
0.000000,0.357143,1.000000,1.000000,0.000000,0.046627,0.500000,0.014881,0.111782,-0.600000,0.039216,0.036013,0.000000,0.327974,1.000000,1.000000,0.000000,0.014881,0.500000,0
0.000000,0.355346,1.000000,1.000000,0.000000,0.046627,0.500000,0.014881,0.735146,0.200000,0.078431,0.036538,0.000000,0.326923,1.000000,1.000000,0.000000,0.014881,0.500000,0
0.000000,0.366771,1.000000,1.000000,0.000000,0.046627,0.500000,0.491071,0.000000,0.200000,0.450980,0.029582,0.000000,0.340836,1.000000,1.000000,0.000000,0.491071,0.500000,0
0.000000,0.357367,1.000000,1.000000,0.000000,0.046627,0.500000,0.999008,0.000000,1.000000,0.960784,0.029582,0.000000,0.340836,1.000000,1.000000,0.000000,0.999008,0.500000,0
0.000000,0.355346,1.000000,1.000000,0.000000,-0.000992,0.500000,0.237103,0.000000,0.200000,-0.392157,0.034405,0.000000,0.331190,1.000000,1.000000,0.000000,0.237103,0.500000,0
0.004000,0.361371,1.000000,1.000000,0.002000,0.237103,0.500000,0.237103,0.000000,-0.200000,-0.725490,0.035484,0.000000,0.329032,1.000000,1.000000,0.000000,0.237103,0.500000,0
0.000000,0.352941,1.000000,1.000000,0.000000,-0.000992,0.500000,0.110119,0.095875,-1.000000,-0.313725,0.032792,0.000000,0.334416,1.000000,1.000000,0.000000,0.110119,0.500000,0
0.000000,0.350769,1.000000,1.000000,0.000000,0.999008,0.500000,0.014881,0.898288,0.600000,0.607843,0.036508,0.000000,0.326984,1.000000,1.000000,0.000000,0.014881,0.500000,0
0.000000,0.332258,1.000000,1.000000,0.000000,-0.000992,0.500000,0.046627,0.661811,0.200000,0.156863,0.063344,0.000000,0.273312,1.000000,1.000000,0.000000,0.046627,0.500000,0
0.004000,0.339683,1.000000,1.000000,0.002000,0.999008,0.500000,0.491071,0.565302,-0.200000,-0.568627,0.063344,0.004000,0.273312,1.000000,1.000000,0.002000,0.491071,0.500000,0
0.000000,0.327974,1.000000,1.000000,0.000000,0.014881,0.500000,0.999008,0.000000,0.200000,0.098039,0.065815,0.004000,0.268371,1.000000,1.000000,0.002000,0.999008,0.500000,0
0.000000,0.326923,1.000000,1.000000,0.000000,0.014881,0.500000,0.110119,0.471572,-0.600000,-0.490196,0.062903,0.000000,0.274194,1.000000,1.000000,0.000000,0.110119,0.500000,0
0.000000,0.340836,1.000000,1.000000,0.000000,0.491071,0.500000,-0.000992,0.154609,1.000000,-0.666667,0.064379,0.000000,0.271242,1.000000,1.000000,0.000000,-0.000992,0.500000,0
0.000000,0.340836,1.000000,1.000000,0.000000,0.999008,0.500000,0.999008,0.000000,-0.200000,-0.294118,0.061465,0.004000,0.277070,1.000000,1.000000,0.002000,0.999008,0.500000,0
0.000000,0.331190,1.000000,1.000000,0.000000,0.237103,0.500000,0.110119,0.674470,-1.000000,-0.901961,0.062620,0.000000,0.274760,1.000000,1.000000,0.000000,0.110119,0.500000,0
0.000000,0.329032,1.000000,1.000000,0.000000,0.237103,0.500000,0.110119,0.765886,-0.600000,-0.529412,0.061111,0.000000,0.277778,1.000000,1.000000,0.000000,0.110119,0.500000,0
0.000000,0.334416,1.000000,1.000000,0.000000,0.110119,0.500000,0.491071,0.832359,-0.200000,0.745098,0.061736,0.004000,0.276527,1.000000,1.000000,0.002000,0.491071,0.500000,0
0.000000,0.326984,1.000000,1.000000,0.000000,0.014881,0.500000,0.999008,0.000000,-0.600000,-0.098039,0.061465,0.000000,0.277070,1.000000,1.000000,0.000000,0.999008,0.500000,0
0.000000,0.273312,1.000000,1.000000,0.000000,0.046627,0.500000,0.999008,0.000000,0.200000,0.372549,0.078788,0.000000,0.242424,1.000000,1.000000,0.000000,0.999008,0.500000,0
0.004000,0.273312,1.000000,1.000000,0.002000,0.491071,0.500000,0.110119,0.264214,1.000000,-0.392157,0.073817,0.000000,0.252366,1.000000,1.000000,0.000000,0.110119,0.500000,0
0.004000,0.268371,1.000000,1.000000,0.002000,0.999008,0.500000,0.237103,0.000000,-0.200000,0.176471,0.069906,0.000000,0.260188,1.000000,1.000000,0.000000,0.237103,0.500000,0
0.000000,0.274194,1.000000,1.000000,0.000000,0.110119,0.500000,0.046627,0.046826,0.600000,0.235294,0.072642,0.000000,0.254717,1.000000,1.000000,0.000000,0.046627,0.500000,0
0.000000,0.271242,1.000000,1.000000,0.000000,-0.000992,0.500000,-0.000992,0.278494,-0.200000,0.137255,0.074608,0.000000,0.250784,1.000000,1.000000,0.000000,-0.000992,0.500000,0
0.004000,0.277070,1.000000,1.000000,0.002000,0.999008,0.500000,0.491071,0.576998,0.600000,-0.294118,0.065931,0.000000,0.268139,1.000000,1.000000,0.000000,0.491071,0.500000,0
0.000000,0.274760,1.000000,1.000000,0.000000,0.110119,0.500000,0.237103,0.000000,-0.600000,0.431373,0.071835,0.000000,0.256329,1.000000,1.000000,0.000000,0.237103,0.500000,0
0.000000,0.277778,1.000000,1.000000,0.000000,0.110119,0.500000,0.999008,0.000000,-0.200000,-0.411765,0.066352,0.000000,0.267296,1.000000,1.000000,0.000000,0.999008,0.500000,0
0.004000,0.276527,1.000000,1.000000,0.002000,0.491071,0.500000,0.046627,0.480749,-1.000000,0.372549,0.073817,0.000000,0.252366,1.000000,1.000000,0.000000,0.046627,0.500000,0
0.000000,0.277070,1.000000,1.000000,0.000000,0.999008,0.500000,0.491071,0.000000,-0.200000,0.235294,0.072642,0.000000,0.254717,1.000000,1.000000,0.000000,0.491071,0.500000,0
0.000000,0.242424,1.000000,1.000000,0.000000,0.999008,0.500000,0.110119,0.000000,0.200000,0.431373,0.054103,0.000000,0.291793,1.000000,1.000000,0.000000,0.110119,0.500000,0
0.000000,0.252366,1.000000,1.000000,0.000000,0.110119,0.500000,0.014881,0.362538,0.200000,-0.529412,0.052761,0.000000,0.294479,1.000000,1.000000,0.000000,0.014881,0.500000,0
0.000000,0.260188,1.000000,1.000000,0.000000,0.237103,0.500000,0.014881,0.048338,-0.600000,0.411765,0.054740,0.000000,0.290520,1.000000,1.000000,0.000000,0.014881,0.500000,0
0.000000,0.254717,1.000000,1.000000,0.000000,0.046627,0.500000,0.110119,0.260870,0.600000,-0.980392,0.056509,0.000000,0.286982,1.000000,1.000000,0.000000,0.110119,0.500000,0
0.000000,0.250784,1.000000,1.000000,0.000000,-0.000992,0.500000,0.491071,0.000000,0.600000,0.627451,0.045679,0.000000,0.308642,1.000000,1.000000,0.000000,0.491071,0.500000,0
0.000000,0.268139,1.000000,1.000000,0.000000,0.491071,0.500000,0.014881,0.000000,-0.200000,-0.215686,0.039009,0.000000,0.321981,1.000000,1.000000,0.000000,0.014881,0.500000,0
0.000000,0.256329,1.000000,1.000000,0.000000,0.237103,0.500000,0.999008,0.000000,0.200000,-0.274510,0.050153,0.008000,0.299694,1.000000,1.000000,0.004000,0.999008,0.500000,0
0.000000,0.267296,1.000000,1.000000,0.000000,0.999008,0.500000,0.999008,0.000000,0.200000,0.333333,0.050000,0.004000,0.300000,1.000000,1.000000,0.002000,0.999008,0.500000,0
0.000000,0.252366,1.000000,1.000000,0.000000,0.046627,0.500000,0.014881,0.793555,-1.000000,-0.725490,0.050769,0.000000,0.298462,1.000000,1.000000,0.000000,0.014881,0.500000,0
0.000000,0.254717,1.000000,1.000000,0.000000,0.491071,0.500000,0.046627,0.960458,0.200000,0.039216,0.051227,0.000000,0.297546,1.000000,1.000000,0.000000,0.046627,0.500000,0
0.000000,0.291793,1.000000,1.000000,0.000000,0.110119,0.500000,0.110119,0.000000,0.200000,0.764706,0.060182,0.000000,0.279635,1.000000,1.000000,0.000000,0.110119,0.500000,0
0.000000,0.294479,1.000000,1.000000,0.000000,0.014881,0.500000,0.110119,0.574136,-1.000000,0.647059,0.060182,0.000000,0.279635,1.000000,1.000000,0.000000,0.110119,0.500000,0
0.000000,0.290520,1.000000,1.000000,0.000000,0.014881,0.500000,0.046627,0.893861,-0.600000,0.921569,0.059756,0.000000,0.280488,1.000000,1.000000,0.000000,0.046627,0.500000,0
0.000000,0.286982,1.000000,1.000000,0.000000,0.110119,0.500000,0.999008,0.000000,1.000000,0.431373,0.056707,0.000000,0.286585,1.000000,1.000000,0.000000,0.999008,0.500000,0
0.000000,0.308642,1.000000,1.000000,0.000000,0.491071,0.500000,-0.000992,0.900892,1.000000,0.098039,0.060182,0.000000,0.279635,1.000000,1.000000,0.000000,-0.000992,0.500000,0
0.000000,0.321981,1.000000,1.000000,0.000000,0.014881,0.500000,0.110119,0.000000,-0.600000,-0.058824,0.059091,0.000000,0.281818,1.000000,1.000000,0.000000,0.110119,0.500000,0
0.008000,0.299694,1.000000,1.000000,0.004000,0.999008,0.500000,-0.000992,0.128840,-1.000000,0.764706,0.056923,0.000000,0.286154,1.000000,1.000000,0.000000,-0.000992,0.500000,0
0.004000,0.300000,1.000000,1.000000,0.002000,0.999008,0.500000,0.237103,0.916775,-1.000000,-0.588235,0.057362,0.000000,0.285276,1.000000,1.000000,0.000000,0.237103,0.500000,0
0.000000,0.298462,1.000000,1.000000,0.000000,0.014881,0.500000,0.014881,0.981873,0.600000,0.725490,0.058232,0.000000,0.283537,1.000000,1.000000,0.000000,0.014881,0.500000,0
0.000000,0.297546,1.000000,1.000000,0.000000,0.046627,0.500000,0.491071,0.323587,0.600000,-0.137255,0.061607,0.000000,0.276786,1.000000,1.000000,0.000000,0.491071,0.500000,0
0.000000,0.279635,1.000000,1.000000,0.000000,0.110119,0.500000,0.999008,0.000000,-0.600000,0.019608,0.057143,0.000000,0.285714,1.000000,1.000000,0.000000,0.999008,0.500000,0
0.000000,0.279635,1.000000,1.000000,0.000000,0.110119,0.500000,-0.000992,0.164519,-1.000000,-0.725490,0.055799,0.000000,0.288401,1.000000,1.000000,0.000000,-0.000992,0.500000,0
0.000000,0.280488,1.000000,1.000000,0.000000,0.046627,0.500000,0.491071,0.892788,0.200000,-0.294118,0.051227,0.004000,0.297546,1.000000,1.000000,0.002000,0.491071,0.500000,0
0.000000,0.286585,1.000000,1.000000,0.000000,0.999008,0.500000,0.999008,0.000000,-0.600000,-0.980392,0.052308,0.004000,0.295385,1.000000,1.000000,0.002000,0.999008,0.500000,0
0.000000,0.279635,1.000000,1.000000,0.000000,-0.000992,0.500000,0.999008,0.000000,-0.600000,0.019608,0.050932,0.004000,0.298137,1.000000,1.000000,0.002000,0.999008,0.500000,0
0.000000,0.281818,1.000000,1.000000,0.000000,0.110119,0.500000,0.237103,0.768531,-0.200000,-0.705882,0.051735,0.000000,0.296530,1.000000,1.000000,0.000000,0.237103,0.500000,0
0.000000,0.286154,1.000000,1.000000,0.000000,-0.000992,0.500000,0.999008,0.000000,-0.200000,-0.098039,0.045426,0.004000,0.309148,1.000000,1.000000,0.002000,0.999008,0.500000,0
0.000000,0.285276,1.000000,1.000000,0.000000,0.237103,0.500000,0.237103,0.726918,0.600000,-0.156863,0.051097,0.004000,0.297806,1.000000,1.000000,0.002000,0.237103,0.500000,0
0.000000,0.283537,1.000000,1.000000,0.000000,0.014881,0.500000,0.110119,0.000000,0.200000,-0.274510,0.056037,0.000000,0.287926,1.000000,1.000000,0.000000,0.110119,0.500000,0
0.000000,0.276786,1.000000,1.000000,0.000000,0.491071,0.500000,-0.000992,0.043608,-0.600000,-0.490196,0.056481,0.000000,0.287037,1.000000,1.000000,0.000000,-0.000992,0.500000,0
0.000000,0.285714,1.000000,1.000000,0.000000,0.999008,0.500000,0.046627,0.203954,0.200000,-0.196078,0.086850,0.000000,0.226300,1.000000,1.000000,0.000000,0.046627,0.500000,0
0.000000,0.288401,1.000000,1.000000,0.000000,-0.000992,0.500000,0.999008,0.000000,1.000000,0.450980,0.080000,0.000000,0.240000,1.000000,1.000000,0.000000,0.999008,0.500000,0
0.004000,0.297546,1.000000,1.000000,0.002000,0.491071,0.500000,0.110119,0.027871,0.600000,0.215686,0.084259,0.000000,0.231481,1.000000,1.000000,0.000000,0.110119,0.500000,0
0.004000,0.295385,1.000000,1.000000,0.002000,0.999008,0.500000,0.014881,0.624371,0.600000,0.019608,0.089571,0.000000,0.220859,1.000000,1.000000,0.000000,0.014881,0.500000,0
0.004000,0.298137,1.000000,1.000000,0.002000,0.999008,0.500000,0.237103,0.941482,0.600000,0.568627,0.090093,0.000000,0.219814,1.000000,1.000000,0.000000,0.237103,0.500000,0
0.000000,0.296530,1.000000,1.000000,0.000000,0.237103,0.500000,0.110119,0.292085,-1.000000,0.254902,0.090093,0.000000,0.219814,1.000000,1.000000,0.000000,0.110119,0.500000,0
0.004000,0.309148,1.000000,1.000000,0.002000,0.999008,0.500000,0.110119,0.863991,-1.000000,0.960784,0.091768,0.000000,0.216463,1.000000,1.000000,0.000000,0.110119,0.500000,0
0.004000,0.297806,1.000000,1.000000,0.002000,0.237103,0.500000,0.999008,0.000000,0.200000,0.490196,0.084969,0.004000,0.230061,1.000000,1.000000,0.002000,0.999008,0.500000,0
0.000000,0.287926,1.000000,1.000000,0.000000,0.110119,0.500000,0.014881,0.212487,0.600000,0.254902,0.084969,0.000000,0.230061,1.000000,1.000000,0.000000,0.014881,0.500000,0
0.000000,0.287037,1.000000,1.000000,0.000000,-0.000992,0.500000,0.046627,0.312175,1.000000,0.843137,0.085093,0.000000,0.229814,1.000000,1.000000,0.000000,0.046627,0.500000,0
0.000000,0.226300,1.000000,1.000000,0.000000,0.046627,0.500000,0.046627,0.631634,-1.000000,-0.019608,0.009836,0.000000,0.380328,1.000000,1.000000,0.000000,-0.000992,0.500000,0
0.000000,0.240000,1.000000,1.000000,0.000000,0.999008,0.500000,-0.000992,0.352825,1.000000,0.568627,0.003030,0.000000,0.393939,1.000000,1.000000,0.000000,-0.000992,0.500000,0
0.000000,0.231481,1.000000,1.000000,0.000000,0.110119,0.500000,0.491071,0.113060,-1.000000,0.784314,0.007692,0.000000,0.384615,1.000000,1.000000,0.000000,-0.000992,0.500000,0
0.000000,0.220859,1.000000,1.000000,0.000000,0.014881,0.500000,0.491071,0.130604,-0.200000,0.313725,0.002013,0.000000,0.395973,1.000000,1.000000,0.000000,-0.000992,0.500000,0
0.000000,0.219814,1.000000,1.000000,0.000000,0.237103,0.500000,-0.000992,0.872151,1.000000,-0.058824,0.007047,0.000000,0.385906,1.000000,1.000000,0.000000,-0.000992,0.500000,0
0.000000,0.219814,1.000000,1.000000,0.000000,0.110119,0.500000,0.014881,0.746224,-1.000000,0.039216,0.001667,0.000000,0.396667,1.000000,1.000000,0.000000,-0.000992,0.500000,0
0.000000,0.216463,1.000000,1.000000,0.000000,0.110119,0.500000,-0.000992,0.834490,-0.600000,-0.980392,0.011667,0.000000,0.376667,1.000000,1.000000,0.000000,-0.000992,0.500000,0
0.004000,0.230061,1.000000,1.000000,0.002000,0.999008,0.500000,0.491071,0.945419,-0.600000,-0.039216,0.006397,0.000000,0.387205,1.000000,1.000000,0.000000,-0.000992,0.500000,0
0.000000,0.230061,1.000000,1.000000,0.000000,0.014881,0.500000,0.999008,0.000000,-1.000000,0.058824,0.008081,0.000000,0.383838,1.000000,1.000000,0.000000,-0.000992,0.500000,0
0.000000,0.229814,1.000000,1.000000,0.000000,0.046627,0.500000,0.014881,0.050352,-0.200000,-0.568627,0.007432,0.000000,0.385135,1.000000,1.000000,0.000000,-0.000992,0.500000,0
0.000000,0.380328,1.000000,1.000000,0.000000,-0.000992,0.500000,0.046627,0.937565,0.200000,0.823529,-0.003704,0.000000,0.407407,1.000000,1.000000,0.000000,-0.000992,0.500000,0
0.000000,0.393939,1.000000,1.000000,0.000000,-0.000992,0.500000,0.014881,0.749245,0.200000,-0.039216,-0.003704,0.000000,0.407407,1.000000,1.000000,0.000000,-0.000992,0.500000,0
0.000000,0.384615,1.000000,1.000000,0.000000,-0.000992,0.500000,0.237103,0.347204,-0.600000,0.705882,-0.002952,0.000000,0.405904,1.000000,1.000000,0.000000,-0.000992,0.500000,0
0.000000,0.395973,1.000000,1.000000,0.000000,-0.000992,0.500000,0.110119,0.007804,-0.200000,-0.725490,-0.006204,0.000000,0.412409,1.000000,1.000000,0.000000,-0.000992,0.500000,0
0.000000,0.385906,1.000000,1.000000,0.000000,-0.000992,0.500000,-0.000992,0.903865,1.000000,0.392157,-0.007407,0.000000,0.414815,1.000000,1.000000,0.000000,-0.000992,0.500000,0
0.000000,0.396667,1.000000,1.000000,0.000000,-0.000992,0.500000,0.491071,0.881092,0.600000,0.490196,-0.013483,0.000000,0.426966,1.000000,1.000000,0.000000,-0.000992,0.500000,0
0.000000,0.376667,1.000000,1.000000,0.000000,-0.000992,0.500000,0.014881,0.315206,-1.000000,-0.137255,-0.002555,0.000000,0.405109,1.000000,1.000000,0.000000,-0.000992,0.500000,0
0.000000,0.387205,1.000000,1.000000,0.000000,-0.000992,0.500000,0.014881,0.381672,1.000000,-0.039216,-0.012177,0.000000,0.424354,1.000000,1.000000,0.000000,-0.000992,0.500000,0
0.000000,0.383838,1.000000,1.000000,0.000000,-0.000992,0.500000,0.014881,0.878147,-1.000000,-0.568627,-0.003636,0.000000,0.407273,1.000000,1.000000,0.000000,-0.000992,0.500000,0
0.000000,0.385135,1.000000,1.000000,0.000000,-0.000992,0.500000,0.014881,0.170191,-1.000000,0.803922,-0.010526,0.000000,0.421053,1.000000,1.000000,0.000000,-0.000992,0.500000,0
0.000000,0.407407,1.000000,1.000000,0.000000,-0.000992,0.500000,0.046627,0.030177,-0.600000,0.941176,0.022635,0.000000,0.354730,1.000000,1.000000,0.000000,-0.000992,0.500000,0
0.000000,0.407407,1.000000,1.000000,0.000000,-0.000992,0.500000,0.014881,0.115811,1.000000,0.117647,0.019588,0.000000,0.360825,1.000000,1.000000,0.000000,-0.000992,0.500000,0
0.000000,0.405904,1.000000,1.000000,0.000000,-0.000992,0.500000,0.237103,0.209363,0.200000,0.647059,0.014626,0.000000,0.370748,1.000000,1.000000,0.000000,-0.000992,0.500000,0
0.000000,0.412409,1.000000,1.000000,0.000000,-0.000992,0.500000,0.046627,0.148803,0.200000,0.960784,0.021306,0.000000,0.357388,1.000000,1.000000,0.000000,-0.000992,0.500000,0
0.000000,0.414815,1.000000,1.000000,0.000000,-0.000992,0.500000,0.237103,0.449935,-0.600000,-0.960784,0.023129,0.000000,0.353741,1.000000,1.000000,0.000000,-0.000992,0.500000,0
0.000000,0.426966,1.000000,1.000000,0.000000,-0.000992,0.500000,0.999008,0.000000,0.600000,0.588235,0.015972,0.000000,0.368056,1.000000,1.000000,0.000000,-0.000992,0.500000,0
0.000000,0.405109,1.000000,1.000000,0.000000,-0.000992,0.500000,0.014881,0.188318,0.200000,0.392157,0.016949,0.000000,0.366102,1.000000,1.000000,0.000000,-0.000992,0.500000,0
0.000000,0.424354,1.000000,1.000000,0.000000,-0.000992,0.500000,0.110119,0.000000,-1.000000,0.568627,0.009278,0.000000,0.381443,1.000000,1.000000,0.000000,-0.000992,0.500000,0
0.000000,0.407273,1.000000,1.000000,0.000000,-0.000992,0.500000,-0.000992,0.569871,0.200000,-1.000000,0.018966,0.000000,0.362069,1.000000,1.000000,0.000000,-0.000992,0.500000,0
0.000000,0.421053,1.000000,1.000000,0.000000,-0.000992,0.500000,0.014881,0.895267,0.600000,0.078431,0.018493,0.000000,0.363014,1.000000,1.000000,0.000000,-0.000992,0.500000,0
0.000000,0.354730,1.000000,1.000000,0.000000,-0.000992,0.500000,0.014881,0.300101,-1.000000,0.666667,0.034520,0.000000,0.330961,1.000000,1.000000,0.000000,-0.000992,0.500000,0
0.000000,0.360825,1.000000,1.000000,0.000000,-0.000992,0.500000,0.110119,0.449275,1.000000,-0.019608,0.036879,0.000000,0.326241,1.000000,1.000000,0.000000,-0.000992,0.500000,0
0.000000,0.370748,1.000000,1.000000,0.000000,-0.000992,0.500000,0.237103,0.769831,0.600000,0.274510,0.033929,0.000000,0.332143,1.000000,1.000000,0.000000,-0.000992,0.500000,0
0.000000,0.357388,1.000000,1.000000,0.000000,-0.000992,0.500000,0.491071,0.000000,-0.600000,0.568627,0.035125,0.000000,0.329749,1.000000,1.000000,0.000000,-0.000992,0.500000,0
0.000000,0.353741,1.000000,1.000000,0.000000,-0.000992,0.500000,0.999008,0.000000,1.000000,0.156863,0.032740,0.000000,0.334520,1.000000,1.000000,0.000000,-0.000992,0.500000,0
0.000000,0.368056,1.000000,1.000000,0.000000,-0.000992,0.500000,0.046627,0.214360,-1.000000,0.509804,0.033333,0.000000,0.333333,1.000000,1.000000,0.000000,-0.000992,0.500000,0
0.000000,0.366102,1.000000,1.000000,0.000000,-0.000992,0.500000,0.491071,0.000000,1.000000,-0.588235,0.036879,0.000000,0.326241,1.000000,1.000000,0.000000,-0.000992,0.500000,0
0.000000,0.381443,1.000000,1.000000,0.000000,-0.000992,0.500000,0.237103,0.280884,-0.200000,0.411765,0.039286,0.000000,0.321429,1.000000,1.000000,0.000000,-0.000992,0.500000,0
0.000000,0.362069,1.000000,1.000000,0.000000,-0.000992,0.500000,0.999008,0.000000,-0.600000,0.254902,0.035714,0.000000,0.328571,1.000000,1.000000,0.000000,-0.000992,0.500000,0
0.000000,0.363014,1.000000,1.000000,0.000000,-0.000992,0.500000,0.491071,0.000000,0.200000,-0.823529,0.042561,0.000000,0.314879,1.000000,1.000000,0.000000,-0.000992,0.500000,0
0.000000,0.330961,1.000000,1.000000,0.000000,-0.000992,0.500000,0.110119,0.982163,-1.000000,-0.862745,0.039527,0.000000,0.320946,1.000000,1.000000,0.000000,-0.000992,0.500000,0
0.000000,0.326241,1.000000,1.000000,0.000000,-0.000992,0.500000,0.237103,0.452536,-0.600000,-0.705882,0.033893,0.000000,0.332215,1.000000,1.000000,0.000000,-0.000992,0.500000,0
0.000000,0.332143,1.000000,1.000000,0.000000,-0.000992,0.500000,0.110119,0.818283,-0.200000,-0.137255,0.040067,0.000000,0.319865,1.000000,1.000000,0.000000,-0.000992,0.500000,0
0.000000,0.329749,1.000000,1.000000,0.000000,-0.000992,0.500000,0.014881,0.812689,-0.600000,0.882353,0.036700,0.000000,0.326599,1.000000,1.000000,0.000000,-0.000992,0.500000,0
0.000000,0.334520,1.000000,1.000000,0.000000,-0.000992,0.500000,0.014881,0.645519,0.200000,0.117647,0.039527,0.000000,0.320946,1.000000,1.000000,0.000000,-0.000992,0.500000,0
0.000000,0.333333,1.000000,1.000000,0.000000,-0.000992,0.500000,0.046627,0.642040,-0.600000,0.882353,0.040067,0.000000,0.319865,1.000000,1.000000,0.000000,-0.000992,0.500000,0
0.000000,0.326241,1.000000,1.000000,0.000000,-0.000992,0.500000,0.999008,0.000000,1.000000,0.313725,0.037248,0.000000,0.325503,1.000000,1.000000,0.000000,-0.000992,0.500000,0
0.000000,0.321429,1.000000,1.000000,0.000000,-0.000992,0.500000,0.999008,0.000000,-0.600000,0.372549,0.044262,0.000000,0.311475,1.000000,1.000000,0.000000,-0.000992,0.500000,0
0.000000,0.328571,1.000000,1.000000,0.000000,-0.000992,0.500000,0.046627,0.653486,1.000000,0.215686,0.036093,0.000000,0.327815,1.000000,1.000000,0.000000,-0.000992,0.500000,0
0.000000,0.314879,1.000000,1.000000,0.000000,-0.000992,0.500000,0.110119,0.823857,-0.200000,0.000000,0.033333,0.000000,0.333333,1.000000,1.000000,0.000000,-0.000992,0.500000,0
0.000000,0.320946,1.000000,1.000000,0.000000,-0.000992,0.500000,0.014881,0.511581,-0.600000,0.000000,0.022635,0.000000,0.354730,1.000000,1.000000,0.000000,-0.000992,0.500000,0
0.000000,0.332215,1.000000,1.000000,0.000000,-0.000992,0.500000,-0.000992,0.567889,-0.200000,-0.058824,0.020819,0.000000,0.358362,1.000000,1.000000,0.000000,-0.000992,0.500000,0
0.000000,0.319865,1.000000,1.000000,0.000000,-0.000992,0.500000,0.237103,0.516255,-1.000000,-0.411765,0.023129,0.000000,0.353741,1.000000,1.000000,0.000000,-0.000992,0.500000,0
0.000000,0.326599,1.000000,1.000000,0.000000,-0.000992,0.500000,0.014881,0.197382,-0.200000,0.843137,0.021429,0.000000,0.357143,1.000000,1.000000,0.000000,-0.000992,0.500000,0
0.000000,0.320946,1.000000,1.000000,0.000000,-0.000992,0.500000,0.110119,0.315496,0.600000,-0.372549,0.018182,0.000000,0.363636,1.000000,1.000000,0.000000,-0.000992,0.500000,0
0.000000,0.319865,1.000000,1.000000,0.000000,-0.000992,0.500000,0.110119,0.954292,-0.200000,0.470588,0.018493,0.000000,0.363014,1.000000,1.000000,0.000000,-0.000992,0.500000,0
0.000000,0.325503,1.000000,1.000000,0.000000,-0.000992,0.500000,0.237103,0.000000,0.200000,0.392157,0.018644,0.000000,0.362712,1.000000,1.000000,0.000000,-0.000992,0.500000,0
0.000000,0.311475,1.000000,1.000000,0.000000,-0.000992,0.500000,0.110119,0.826087,0.200000,-0.039216,0.020819,0.000000,0.358362,1.000000,1.000000,0.000000,-0.000992,0.500000,0
0.000000,0.327815,1.000000,1.000000,0.000000,-0.000992,0.500000,0.110119,0.488294,1.000000,-0.529412,0.018027,0.000000,0.363946,1.000000,1.000000,0.000000,-0.000992,0.500000,0
0.000000,0.333333,1.000000,1.000000,0.000000,-0.000992,0.500000,0.046627,0.505723,-1.000000,-0.803922,0.020819,0.000000,0.358362,1.000000,1.000000,0.000000,-0.000992,0.500000,0
0.000000,0.354730,1.000000,1.000000,0.000000,-0.000992,0.500000,0.491071,0.000000,-0.200000,0.843137,0.020847,0.000000,0.358306,1.000000,1.000000,0.000000,-0.000992,0.500000,0
0.000000,0.358362,1.000000,1.000000,0.000000,-0.000992,0.500000,-0.000992,0.939544,-1.000000,-0.254902,0.018033,0.000000,0.363934,1.000000,1.000000,0.000000,-0.000992,0.500000,0
0.000000,0.353741,1.000000,1.000000,0.000000,-0.000992,0.500000,0.110119,0.173913,-1.000000,0.098039,0.018033,0.000000,0.363934,1.000000,1.000000,0.000000,-0.000992,0.500000,0
0.000000,0.357143,1.000000,1.000000,0.000000,-0.000992,0.500000,0.046627,0.831426,1.000000,-0.098039,0.016993,0.000000,0.366013,1.000000,1.000000,0.000000,-0.000992,0.500000,0
0.000000,0.363636,1.000000,1.000000,0.000000,-0.000992,0.500000,0.237103,0.729519,0.200000,0.274510,0.012903,0.000000,0.374194,1.000000,1.000000,0.000000,-0.000992,0.500000,0
0.000000,0.363014,1.000000,1.000000,0.000000,-0.000992,0.500000,0.999008,0.000000,0.600000,0.470588,0.017590,0.000000,0.364821,1.000000,1.000000,0.000000,-0.000992,0.500000,0
0.000000,0.362712,1.000000,1.000000,0.000000,-0.000992,0.500000,0.046627,0.367326,1.000000,-0.686275,0.017434,0.000000,0.365132,1.000000,1.000000,0.000000,-0.000992,0.500000,0
0.000000,0.358362,1.000000,1.000000,0.000000,-0.000992,0.500000,0.110119,0.140468,0.600000,-0.058824,0.024281,0.000000,0.351438,1.000000,1.000000,0.000000,-0.000992,0.500000,0
0.000000,0.363946,1.000000,1.000000,0.000000,-0.000992,0.500000,0.237103,0.000000,0.600000,-0.156863,0.016393,0.000000,0.367213,1.000000,1.000000,0.000000,-0.000992,0.500000,0
0.000000,0.358362,1.000000,1.000000,0.000000,-0.000992,0.500000,0.237103,0.621586,0.200000,-0.431373,0.019805,0.000000,0.360390,1.000000,1.000000,0.000000,-0.000992,0.500000,0
0.000000,0.358306,1.000000,1.000000,0.000000,-0.000992,0.500000,0.046627,0.449532,-0.600000,-0.078431,0.026990,0.000000,0.346021,1.000000,1.000000,0.000000,-0.000992,0.500000,0
0.000000,0.363934,1.000000,1.000000,0.000000,-0.000992,0.500000,0.046627,0.784599,-0.600000,-0.274510,0.026990,0.000000,0.346021,1.000000,1.000000,0.000000,-0.000992,0.500000,0
0.000000,0.363934,1.000000,1.000000,0.000000,-0.000992,0.500000,0.491071,0.144250,0.600000,0.901961,0.026990,0.000000,0.346021,1.000000,1.000000,0.000000,-0.000992,0.500000,0
0.000000,0.366013,1.000000,1.000000,0.000000,-0.000992,0.500000,0.999008,0.000000,-0.600000,-0.607843,0.021678,0.000000,0.356643,1.000000,1.000000,0.000000,-0.000992,0.500000,0
0.000000,0.374194,1.000000,1.000000,0.000000,-0.000992,0.500000,0.491071,0.000000,0.600000,-0.941176,0.023024,0.000000,0.353952,1.000000,1.000000,0.000000,-0.000992,0.500000,0
0.000000,0.364821,1.000000,1.000000,0.000000,-0.000992,0.500000,-0.000992,0.253717,-1.000000,0.588235,0.024042,0.000000,0.351916,1.000000,1.000000,0.000000,-0.000992,0.500000,0
0.000000,0.365132,1.000000,1.000000,0.000000,-0.000992,0.500000,0.237103,0.691808,1.000000,0.862745,0.025342,0.000000,0.349315,1.000000,1.000000,0.000000,-0.000992,0.500000,0
0.000000,0.351438,1.000000,1.000000,0.000000,-0.000992,0.500000,0.491071,0.547758,-1.000000,-0.705882,0.024138,0.000000,0.351724,1.000000,1.000000,0.000000,-0.000992,0.500000,0
0.000000,0.367213,1.000000,1.000000,0.000000,-0.000992,0.500000,0.110119,0.634337,-1.000000,0.568627,0.025175,0.000000,0.349650,1.000000,1.000000,0.000000,-0.000992,0.500000,0
0.000000,0.360390,1.000000,1.000000,0.000000,-0.000992,0.500000,0.110119,0.406912,-1.000000,0.176471,0.026389,0.000000,0.347222,1.000000,1.000000,0.000000,-0.000992,0.500000,0
0.000000,0.346021,1.000000,1.000000,0.000000,-0.000992,0.500000,0.237103,0.776333,0.200000,0.784314,0.034936,0.000000,0.330128,1.000000,1.000000,0.000000,-0.000992,0.500000,0
0.000000,0.346021,1.000000,1.000000,0.000000,-0.000992,0.500000,0.046627,0.762747,-1.000000,0.137255,0.042357,0.000000,0.315287,1.000000,1.000000,0.000000,-0.000992,0.500000,0
0.000000,0.346021,1.000000,1.000000,0.000000,-0.000992,0.500000,0.999008,0.000000,1.000000,-0.372549,0.040256,0.000000,0.319489,1.000000,1.000000,0.000000,-0.000992,0.500000,0
0.000000,0.356643,1.000000,1.000000,0.000000,-0.000992,0.500000,0.237103,0.000000,-0.600000,-0.215686,0.038188,0.000000,0.323625,1.000000,1.000000,0.000000,-0.000992,0.500000,0
0.000000,0.353952,1.000000,1.000000,0.000000,-0.000992,0.500000,0.237103,0.031209,0.200000,-0.176471,0.043849,0.000000,0.312303,1.000000,1.000000,0.000000,-0.000992,0.500000,0
0.000000,0.351916,1.000000,1.000000,0.000000,-0.000992,0.500000,0.999008,0.000000,-1.000000,-0.196078,0.038608,0.000000,0.322785,1.000000,1.000000,0.000000,-0.000992,0.500000,0
0.000000,0.349315,1.000000,1.000000,0.000000,-0.000992,0.500000,0.110119,0.283166,-0.200000,-0.764706,0.041346,0.000000,0.317308,1.000000,1.000000,0.000000,-0.000992,0.500000,0
0.000000,0.351724,1.000000,1.000000,0.000000,-0.000992,0.500000,0.046627,0.891779,-0.200000,-0.764706,0.034951,0.000000,0.330097,1.000000,1.000000,0.000000,-0.000992,0.500000,0
0.000000,0.349650,1.000000,1.000000,0.000000,-0.000992,0.500000,0.014881,0.838872,1.000000,-0.686275,0.035484,0.000000,0.329032,1.000000,1.000000,0.000000,-0.000992,0.500000,0
0.000000,0.347222,1.000000,1.000000,0.000000,-0.000992,0.500000,0.014881,0.734139,-1.000000,-0.803922,0.040625,0.000000,0.318750,1.000000,1.000000,0.000000,-0.000992,0.500000,0
0.000000,0.330128,1.000000,1.000000,0.000000,-0.000992,0.500000,-0.000992,0.799802,-0.600000,0.745098,0.020000,0.000000,0.360000,1.000000,1.000000,0.000000,-0.000992,0.500000,0
0.000000,0.315287,1.000000,1.000000,0.000000,-0.000992,0.500000,0.237103,0.000000,-1.000000,-0.901961,0.021782,0.000000,0.356436,1.000000,1.000000,0.000000,-0.000992,0.500000,0
0.000000,0.319489,1.000000,1.000000,0.000000,-0.000992,0.500000,0.237103,0.322497,-0.200000,0.137255,0.018937,0.000000,0.362126,1.000000,1.000000,0.000000,-0.000992,0.500000,0
0.000000,0.323625,1.000000,1.000000,0.000000,-0.000992,0.500000,0.491071,0.161793,-0.600000,0.176471,0.018937,0.000000,0.362126,1.000000,1.000000,0.000000,-0.000992,0.500000,0
0.000000,0.312303,1.000000,1.000000,0.000000,-0.000992,0.500000,-0.000992,0.367691,0.600000,-1.000000,0.018937,0.000000,0.362126,1.000000,1.000000,0.000000,-0.000992,0.500000,0
0.000000,0.322785,1.000000,1.000000,0.000000,-0.000992,0.500000,0.046627,0.110302,-0.200000,-0.823529,0.015436,0.000000,0.369128,1.000000,1.000000,0.000000,-0.000992,0.500000,0
0.000000,0.317308,1.000000,1.000000,0.000000,-0.000992,0.500000,0.999008,0.000000,-0.200000,0.196078,0.015182,0.000000,0.369637,1.000000,1.000000,0.000000,-0.000992,0.500000,0
0.000000,0.330097,1.000000,1.000000,0.000000,-0.000992,0.500000,0.237103,0.124837,0.600000,0.294118,0.020598,0.000000,0.358804,1.000000,1.000000,0.000000,-0.000992,0.500000,0
0.000000,0.329032,1.000000,1.000000,0.000000,-0.000992,0.500000,0.110119,0.027871,-1.000000,0.196078,0.020000,0.000000,0.360000,1.000000,1.000000,0.000000,-0.000992,0.500000,0
0.000000,0.318750,1.000000,1.000000,0.000000,-0.000992,0.500000,0.237103,0.581274,0.200000,-0.490196,0.018333,0.000000,0.363333,1.000000,1.000000,0.000000,-0.000992,0.500000,0
0.000000,0.360000,1.000000,1.000000,0.000000,-0.000992,0.500000,0.999008,0.000000,-1.000000,-0.764706,0.030769,0.000000,0.338462,1.000000,1.000000,0.000000,-0.000992,0.500000,0
0.000000,0.356436,1.000000,1.000000,0.000000,-0.000992,0.500000,0.110119,0.014493,0.200000,0.039216,0.029193,0.000000,0.341615,1.000000,1.000000,0.000000,-0.000992,0.500000,0
0.000000,0.362126,1.000000,1.000000,0.000000,-0.000992,0.500000,0.014881,0.920443,0.200000,0.921569,0.028660,0.000000,0.342679,1.000000,1.000000,0.000000,-0.000992,0.500000,0
0.000000,0.362126,1.000000,1.000000,0.000000,-0.000992,0.500000,0.014881,0.000000,-1.000000,0.176471,0.028660,0.000000,0.342679,1.000000,1.000000,0.000000,-0.000992,0.500000,0
0.000000,0.362126,1.000000,1.000000,0.000000,-0.000992,0.500000,0.491071,0.000000,-0.600000,0.666667,0.024451,0.000000,0.351097,1.000000,1.000000,0.000000,-0.000992,0.500000,0
0.000000,0.369128,1.000000,1.000000,0.000000,-0.000992,0.500000,0.014881,0.218530,-0.200000,-0.450980,0.026625,0.000000,0.346749,1.000000,1.000000,0.000000,-0.000992,0.500000,0
0.000000,0.369637,1.000000,1.000000,0.000000,-0.000992,0.500000,0.110119,0.000000,0.200000,-0.490196,0.030745,0.000000,0.338509,1.000000,1.000000,0.000000,-0.000992,0.500000,0
0.000000,0.358804,1.000000,1.000000,0.000000,-0.000992,0.500000,0.491071,0.000000,1.000000,0.745098,0.027103,0.000000,0.345794,1.000000,1.000000,0.000000,-0.000992,0.500000,0
0.000000,0.360000,1.000000,1.000000,0.000000,-0.000992,0.500000,0.110119,0.031215,-1.000000,-0.568627,0.027586,0.000000,0.344828,1.000000,1.000000,0.000000,-0.000992,0.500000,0
0.000000,0.363333,1.000000,1.000000,0.000000,-0.000992,0.500000,0.014881,0.950655,0.200000,-0.431373,0.031804,0.000000,0.336391,1.000000,1.000000,0.000000,-0.000992,0.500000,0
0.000000,0.338462,1.000000,1.000000,0.000000,-0.000992,0.500000,0.999008,0.000000,0.600000,0.137255,0.053741,0.000000,0.292517,1.000000,1.000000,0.000000,-0.000992,0.500000,0
0.000000,0.341615,1.000000,1.000000,0.000000,-0.000992,0.500000,0.110119,0.225195,-0.600000,0.509804,0.051211,0.000000,0.297578,1.000000,1.000000,0.000000,-0.000992,0.500000,0
0.000000,0.342679,1.000000,1.000000,0.000000,-0.000992,0.500000,0.110119,0.906355,-0.200000,-0.607843,0.049481,0.000000,0.301038,1.000000,1.000000,0.000000,-0.000992,0.500000,0
0.000000,0.342679,1.000000,1.000000,0.000000,-0.000992,0.500000,0.491071,0.814815,-0.200000,-0.705882,0.039161,0.000000,0.321678,1.000000,1.000000,0.000000,-0.000992,0.500000,0
0.000000,0.351097,1.000000,1.000000,0.000000,-0.000992,0.500000,0.237103,0.068921,1.000000,-0.039216,0.043643,0.000000,0.312715,1.000000,1.000000,0.000000,-0.000992,0.500000,0
0.000000,0.346749,1.000000,1.000000,0.000000,-0.000992,0.500000,0.491071,0.126706,1.000000,0.411765,0.049315,0.000000,0.301370,1.000000,1.000000,0.000000,-0.000992,0.500000,0
0.000000,0.338509,1.000000,1.000000,0.000000,-0.000992,0.500000,0.999008,0.000000,-0.600000,-0.627451,0.048797,0.000000,0.302405,1.000000,1.000000,0.000000,-0.000992,0.500000,0
0.000000,0.345794,1.000000,1.000000,0.000000,-0.000992,0.500000,0.999008,0.000000,-1.000000,0.000000,0.047079,0.000000,0.305842,1.000000,1.000000,0.000000,-0.000992,0.500000,0
0.000000,0.344828,1.000000,1.000000,0.000000,-0.000992,0.500000,0.491071,0.000000,-0.600000,-0.117647,0.052542,0.000000,0.294915,1.000000,1.000000,0.000000,-0.000992,0.500000,0
0.000000,0.336391,1.000000,1.000000,0.000000,-0.000992,0.500000,0.491071,0.000000,-0.200000,-0.470588,0.052542,0.000000,0.294915,1.000000,1.000000,0.000000,-0.000992,0.500000,0
0.000000,0.292517,1.000000,1.000000,0.000000,-0.000992,0.500000,0.014881,0.160121,0.600000,0.352941,0.052134,0.000000,0.295732,1.000000,1.000000,0.000000,-0.000992,0.500000,0
0.000000,0.297578,1.000000,1.000000,0.000000,-0.000992,0.500000,0.237103,0.000000,1.000000,0.333333,0.053659,0.000000,0.292683,1.000000,1.000000,0.000000,-0.000992,0.500000,0
0.000000,0.301038,1.000000,1.000000,0.000000,-0.000992,0.500000,0.491071,0.000000,0.600000,-0.568627,0.052584,0.000000,0.294833,1.000000,1.000000,0.000000,-0.000992,0.500000,0
0.000000,0.321678,1.000000,1.000000,0.000000,-0.000992,0.500000,0.110119,0.675585,-0.200000,0.156863,0.049544,0.000000,0.300912,1.000000,1.000000,0.000000,-0.000992,0.500000,0
0.000000,0.312715,1.000000,1.000000,0.000000,-0.000992,0.500000,0.110119,0.710145,0.600000,0.294118,0.047692,0.000000,0.304615,1.000000,1.000000,0.000000,-0.000992,0.500000,0
0.000000,0.301370,1.000000,1.000000,0.000000,-0.000992,0.500000,-0.000992,0.568880,1.000000,0.078431,0.048160,0.000000,0.303681,1.000000,1.000000,0.000000,-0.000992,0.500000,0
0.000000,0.302405,1.000000,1.000000,0.000000,-0.000992,0.500000,-0.000992,0.280476,-1.000000,-0.823529,0.046847,0.000000,0.306306,1.000000,1.000000,0.000000,-0.000992,0.500000,0
0.000000,0.305842,1.000000,1.000000,0.000000,-0.000992,0.500000,0.491071,0.000000,-1.000000,0.392157,0.040557,0.000000,0.318885,1.000000,1.000000,0.000000,-0.000992,0.500000,0
0.000000,0.294915,1.000000,1.000000,0.000000,-0.000992,0.500000,0.237103,0.410923,1.000000,0.176471,0.046626,0.000000,0.306748,1.000000,1.000000,0.000000,-0.000992,0.500000,0
0.000000,0.294915,1.000000,1.000000,0.000000,-0.000992,0.500000,0.014881,0.911380,-0.200000,0.000000,0.050453,0.000000,0.299094,1.000000,1.000000,0.000000,-0.000992,0.500000,0
0.000000,0.295732,1.000000,1.000000,0.000000,-0.000992,0.500000,0.999008,0.000000,1.000000,0.254902,0.046284,0.000000,0.307432,1.000000,1.000000,0.000000,-0.000992,0.500000,0
0.000000,0.292683,1.000000,1.000000,0.000000,-0.000992,0.500000,-0.000992,0.336967,-1.000000,0.450980,0.042466,0.000000,0.315068,1.000000,1.000000,0.000000,-0.000992,0.500000,0
0.000000,0.294833,1.000000,1.000000,0.000000,-0.000992,0.500000,0.046627,0.832466,-0.600000,-0.901961,0.046284,0.000000,0.307432,1.000000,1.000000,0.000000,-0.000992,0.500000,0
0.000000,0.300912,1.000000,1.000000,0.000000,-0.000992,0.500000,-0.000992,0.570862,-0.200000,-0.823529,0.037248,0.000000,0.325503,1.000000,1.000000,0.000000,-0.000992,0.500000,0
0.000000,0.304615,1.000000,1.000000,0.000000,-0.000992,0.500000,0.237103,0.444733,0.200000,0.352941,0.047458,0.000000,0.305085,1.000000,1.000000,0.000000,-0.000992,0.500000,0
0.000000,0.303681,1.000000,1.000000,0.000000,-0.000992,0.500000,0.014881,0.732125,0.600000,0.725490,0.039041,0.000000,0.321918,1.000000,1.000000,0.000000,-0.000992,0.500000,0
0.000000,0.306306,1.000000,1.000000,0.000000,-0.000992,0.500000,0.999008,0.000000,0.200000,-0.274510,0.050000,0.000000,0.300000,1.000000,1.000000,0.000000,-0.000992,0.500000,0
0.000000,0.318885,1.000000,1.000000,0.000000,-0.000992,0.500000,0.491071,0.000000,0.600000,0.843137,0.046939,0.000000,0.306122,1.000000,1.000000,0.000000,-0.000992,0.500000,0
0.000000,0.306748,1.000000,1.000000,0.000000,-0.000992,0.500000,0.999008,0.000000,0.200000,0.568627,0.045238,0.000000,0.309524,1.000000,1.000000,0.000000,-0.000992,0.500000,0
0.000000,0.299094,1.000000,1.000000,0.000000,-0.000992,0.500000,0.110119,0.000000,0.200000,-0.725490,0.050671,0.000000,0.298658,1.000000,1.000000,0.000000,-0.000992,0.500000,0
0.000000,0.307432,1.000000,1.000000,0.000000,-0.000992,0.500000,0.491071,0.000000,-0.600000,-0.549020,0.036923,0.000000,0.326154,1.000000,1.000000,0.000000,-0.000992,0.500000,0
0.000000,0.315068,1.000000,1.000000,0.000000,-0.000992,0.500000,0.014881,0.457200,0.200000,0.882353,0.036923,0.000000,0.326154,1.000000,1.000000,0.000000,-0.000992,0.500000,0
0.000000,0.307432,1.000000,1.000000,0.000000,-0.000992,0.500000,0.491071,0.968811,-1.000000,-0.019608,0.032288,0.000000,0.335423,1.000000,1.000000,0.000000,-0.000992,0.500000,0
0.000000,0.325503,1.000000,1.000000,0.000000,-0.000992,0.500000,0.999008,0.000000,-1.000000,0.607843,0.034891,0.000000,0.330218,1.000000,1.000000,0.000000,-0.000992,0.500000,0
0.000000,0.305085,1.000000,1.000000,0.000000,-0.000992,0.500000,-0.000992,0.393459,-0.600000,-0.666667,0.032278,0.000000,0.335443,1.000000,1.000000,0.000000,-0.000992,0.500000,0
0.000000,0.321918,1.000000,1.000000,0.000000,-0.000992,0.500000,-0.000992,0.106046,-0.200000,-0.725490,0.030189,0.000000,0.339623,1.000000,1.000000,0.000000,-0.000992,0.500000,0
0.000000,0.300000,1.000000,1.000000,0.000000,-0.000992,0.500000,0.014881,0.590131,0.200000,-0.137255,0.032278,0.000000,0.335443,1.000000,1.000000,0.000000,-0.000992,0.500000,0
0.000000,0.306122,1.000000,1.000000,0.000000,-0.000992,0.500000,0.110119,0.000000,-0.600000,-0.745098,0.025472,0.000000,0.349057,1.000000,1.000000,0.000000,-0.000992,0.500000,0
0.000000,0.309524,1.000000,1.000000,0.000000,-0.000992,0.500000,0.491071,0.000000,0.600000,-0.215686,0.038957,0.000000,0.322086,1.000000,1.000000,0.000000,-0.000992,0.500000,0
0.000000,0.298658,1.000000,1.000000,0.000000,-0.000992,0.500000,0.014881,0.722054,0.200000,-0.686275,0.032278,0.000000,0.335443,1.000000,1.000000,0.000000,-0.000992,0.500000,0
0.000000,0.326154,1.000000,1.000000,0.000000,-0.000992,0.500000,0.046627,0.041623,-0.200000,0.627451,0.052349,0.000000,0.295302,1.000000,1.000000,0.000000,-0.000992,0.500000,0
0.000000,0.326154,1.000000,1.000000,0.000000,-0.000992,0.500000,0.110119,0.096990,-0.600000,-0.117647,0.052349,0.000000,0.295302,1.000000,1.000000,0.000000,-0.000992,0.500000,0
0.000000,0.335423,1.000000,1.000000,0.000000,-0.000992,0.500000,0.046627,0.136316,-0.600000,0.588235,0.048837,0.000000,0.302326,1.000000,1.000000,0.000000,-0.000992,0.500000,0
0.000000,0.330218,1.000000,1.000000,0.000000,-0.000992,0.500000,0.999008,0.000000,-1.000000,-0.647059,0.050498,0.000000,0.299003,1.000000,1.000000,0.000000,-0.000992,0.500000,0
0.000000,0.335443,1.000000,1.000000,0.000000,-0.000992,0.500000,-0.000992,0.749257,1.000000,-0.607843,0.041216,0.000000,0.317568,1.000000,1.000000,0.000000,-0.000992,0.500000,0
0.000000,0.339623,1.000000,1.000000,0.000000,-0.000992,0.500000,0.237103,0.663199,-0.600000,-0.803922,0.055738,0.000000,0.288525,1.000000,1.000000,0.000000,-0.000992,0.500000,0
0.000000,0.335443,1.000000,1.000000,0.000000,-0.000992,0.500000,0.110119,0.280936,-0.200000,0.450980,0.052649,0.000000,0.294702,1.000000,1.000000,0.000000,-0.000992,0.500000,0
0.000000,0.349057,1.000000,1.000000,0.000000,-0.000992,0.500000,-0.000992,0.686819,0.600000,0.627451,0.050820,0.000000,0.298361,1.000000,1.000000,0.000000,-0.000992,0.500000,0
0.000000,0.322086,1.000000,1.000000,0.000000,-0.000992,0.500000,0.491071,0.549708,-0.200000,0.843137,0.048993,0.000000,0.302013,1.000000,1.000000,0.000000,-0.000992,0.500000,0
0.000000,0.335443,1.000000,1.000000,0.000000,-0.000992,0.500000,0.046627,0.409990,0.200000,0.274510,0.051987,0.000000,0.294702,0.996689,1.000000,0.000000,-0.000992,0.500000,0
0.000000,0.295302,1.000000,1.000000,0.000000,-0.000992,0.500000,0.110119,0.166109,-0.600000,-0.176471,0.067733,0.000000,0.264535,1.000000,1.000000,0.000000,-0.000992,0.500000,0
0.000000,0.295302,1.000000,1.000000,0.000000,-0.000992,0.500000,0.110119,0.686734,-1.000000,-0.745098,0.074277,0.000000,0.251445,1.000000,1.000000,0.000000,-0.000992,0.500000,0
0.000000,0.302326,1.000000,1.000000,0.000000,-0.000992,0.500000,-0.000992,0.014866,-0.200000,0.392157,0.073178,0.000000,0.253644,1.000000,1.000000,0.000000,-0.000992,0.500000,0
0.000000,0.299003,1.000000,1.000000,0.000000,-0.000992,0.500000,-0.000992,0.262636,0.600000,0.392157,0.072434,0.000000,0.255132,1.000000,1.000000,0.000000,-0.000992,0.500000,0
0.000000,0.317568,1.000000,1.000000,0.000000,-0.000992,0.500000,0.110119,0.000000,1.000000,0.666667,0.074277,0.000000,0.251445,1.000000,1.000000,0.000000,-0.000992,0.500000,0
0.000000,0.288525,1.000000,1.000000,0.000000,-0.000992,0.500000,0.110119,0.381271,1.000000,-0.803922,0.072832,0.000000,0.254335,1.000000,1.000000,0.000000,-0.000992,0.500000,0
0.000000,0.294702,1.000000,1.000000,0.000000,-0.000992,0.500000,0.014881,0.874119,0.600000,0.901961,0.070206,0.000000,0.259587,1.000000,1.000000,0.000000,-0.000992,0.500000,0
0.000000,0.298361,1.000000,1.000000,0.000000,-0.000992,0.500000,-0.000992,0.166501,0.200000,0.352941,0.069436,0.000000,0.261128,1.000000,1.000000,0.000000,-0.000992,0.500000,0
0.000000,0.302013,1.000000,1.000000,0.000000,-0.000992,0.500000,0.491071,0.144250,-0.600000,-0.627451,0.071720,0.000000,0.256560,1.000000,1.000000,0.000000,-0.000992,0.500000,0
0.000000,0.294702,0.996689,1.000000,0.000000,-0.000992,0.500000,0.237103,0.895969,0.200000,-0.117647,0.073900,0.000000,0.252199,1.000000,1.000000,0.000000,-0.000992,0.500000,0
0.000000,0.264535,1.000000,1.000000,0.000000,-0.000992,0.500000,0.237103,0.521456,-1.000000,-0.431373,0.044444,0.000000,0.311111,1.000000,1.000000,0.000000,-0.000992,0.500000,0
0.000000,0.251445,1.000000,1.000000,0.000000,-0.000992,0.500000,-0.000992,0.755203,0.600000,-0.411765,0.043949,0.000000,0.312102,1.000000,1.000000,0.000000,-0.000992,0.500000,0
0.000000,0.253644,1.000000,1.000000,0.000000,-0.000992,0.500000,0.999008,0.000000,1.000000,0.686275,0.037539,0.000000,0.324921,1.000000,1.000000,0.000000,-0.000992,0.500000,0
0.000000,0.255132,1.000000,1.000000,0.000000,-0.000992,0.500000,0.046627,0.636837,-0.200000,0.509804,0.041853,0.000000,0.316294,1.000000,1.000000,0.000000,-0.000992,0.500000,0
0.000000,0.251445,1.000000,1.000000,0.000000,-0.000992,0.500000,0.110119,0.338907,1.000000,-0.019608,0.043949,0.000000,0.312102,1.000000,1.000000,0.000000,-0.000992,0.500000,0
0.000000,0.254335,1.000000,1.000000,0.000000,-0.000992,0.500000,-0.000992,0.806739,-1.000000,0.843137,0.041346,0.000000,0.317308,1.000000,1.000000,0.000000,-0.000992,0.500000,0
0.000000,0.259587,1.000000,1.000000,0.000000,-0.000992,0.500000,-0.000992,0.638256,-0.200000,-1.000000,0.045312,0.000000,0.309375,1.000000,1.000000,0.000000,-0.000992,0.500000,0
0.000000,0.261128,1.000000,1.000000,0.000000,-0.000992,0.500000,0.110119,0.426979,-0.200000,0.450980,0.043949,0.000000,0.312102,1.000000,1.000000,0.000000,-0.000992,0.500000,0
0.000000,0.256560,1.000000,1.000000,0.000000,-0.000992,0.500000,0.237103,0.000000,-0.200000,0.647059,0.034395,0.000000,0.331210,1.000000,1.000000,0.000000,-0.000992,0.500000,0
0.000000,0.252199,1.000000,1.000000,0.000000,-0.000992,0.500000,0.014881,0.306143,1.000000,-0.588235,0.043450,0.000000,0.313099,1.000000,1.000000,0.000000,-0.000992,0.500000,0
0.000000,0.311111,1.000000,1.000000,0.000000,-0.000992,0.500000,0.999008,0.000000,-0.600000,0.215686,0.071642,0.000000,0.256716,1.000000,1.000000,0.000000,-0.000992,0.500000,0
0.000000,0.312102,1.000000,1.000000,0.000000,-0.000992,0.500000,0.014881,0.149043,0.600000,0.529412,0.068263,0.000000,0.263473,1.000000,1.000000,0.000000,-0.000992,0.500000,0
0.000000,0.324921,1.000000,1.000000,0.000000,-0.000992,0.500000,0.491071,0.000000,1.000000,0.901961,0.073900,0.000000,0.252199,1.000000,1.000000,0.000000,-0.000992,0.500000,0
0.000000,0.316294,1.000000,1.000000,0.000000,-0.000992,0.500000,0.999008,0.000000,1.000000,0.607843,0.070536,0.000000,0.258929,1.000000,1.000000,0.000000,-0.000992,0.500000,0
0.000000,0.312102,1.000000,1.000000,0.000000,-0.000992,0.500000,0.237103,0.044213,1.000000,0.352941,0.071212,0.000000,0.257576,1.000000,1.000000,0.000000,-0.000992,0.500000,0
0.000000,0.317308,1.000000,1.000000,0.000000,-0.000992,0.500000,0.046627,0.924037,1.000000,-0.686275,0.069697,0.000000,0.260606,1.000000,1.000000,0.000000,-0.000992,0.500000,0
0.000000,0.309375,1.000000,1.000000,0.000000,-0.000992,0.500000,0.491071,0.000000,1.000000,0.450980,0.068580,0.000000,0.262840,1.000000,1.000000,0.000000,-0.000992,0.500000,0
0.000000,0.312102,1.000000,1.000000,0.000000,-0.000992,0.500000,0.999008,0.000000,-0.600000,-0.431373,0.070149,0.004000,0.259701,1.000000,1.000000,0.002000,-0.000992,0.500000,0
0.000000,0.331210,1.000000,1.000000,0.000000,-0.000992,0.500000,0.110119,0.081382,-1.000000,0.784314,0.065964,0.000000,0.268072,1.000000,1.000000,0.000000,-0.000992,0.500000,0
0.000000,0.313099,1.000000,1.000000,0.000000,-0.000992,0.500000,0.014881,0.064451,0.200000,-0.117647,0.073112,0.000000,0.253776,1.000000,1.000000,0.000000,-0.000992,0.500000,0
0.000000,0.256716,1.000000,1.000000,0.000000,-0.000992,0.500000,0.999008,0.000000,0.600000,0.921569,0.070370,0.000000,0.259259,1.000000,1.000000,0.000000,-0.000992,0.500000,0
0.000000,0.263473,1.000000,1.000000,0.000000,-0.000992,0.500000,0.491071,0.007797,0.200000,-0.941176,0.070031,0.000000,0.259939,1.000000,1.000000,0.000000,-0.000992,0.500000,0
0.000000,0.252199,1.000000,1.000000,0.000000,-0.000992,0.500000,-0.000992,0.949455,0.600000,-0.215686,0.066771,0.000000,0.266458,1.000000,1.000000,0.000000,-0.000992,0.500000,0
0.000000,0.258929,1.000000,1.000000,0.000000,-0.000992,0.500000,0.491071,0.541910,-1.000000,-0.705882,0.066044,0.004000,0.267913,1.000000,1.000000,0.002000,-0.000992,0.500000,0
0.000000,0.257576,1.000000,1.000000,0.000000,-0.000992,0.500000,-0.000992,0.383548,-0.200000,0.196078,0.069497,0.000000,0.261006,1.000000,1.000000,0.000000,-0.000992,0.500000,0
0.000000,0.260606,1.000000,1.000000,0.000000,-0.000992,0.500000,0.014881,0.629406,-0.200000,-0.666667,0.069906,0.000000,0.260188,1.000000,1.000000,0.000000,-0.000992,0.500000,0
0.000000,0.262840,1.000000,1.000000,0.000000,-0.000992,0.500000,0.999008,0.000000,0.200000,0.960784,0.064063,0.000000,0.271875,1.000000,1.000000,0.000000,-0.000992,0.500000,0
0.004000,0.259701,1.000000,1.000000,0.002000,-0.000992,0.500000,0.237103,0.867360,-1.000000,0.941176,0.061635,0.000000,0.276730,1.000000,1.000000,0.000000,-0.000992,0.500000,0
0.000000,0.268072,1.000000,1.000000,0.000000,-0.000992,0.500000,-0.000992,0.797820,-1.000000,-0.235294,0.069085,0.000000,0.261830,1.000000,1.000000,0.000000,-0.000992,0.500000,0
0.000000,0.253776,1.000000,1.000000,0.000000,-0.000992,0.500000,0.110119,0.000000,-0.200000,0.588235,0.069906,0.000000,0.260188,1.000000,1.000000,0.000000,-0.000992,0.500000,0
0.000000,0.259259,1.000000,1.000000,0.000000,-0.000992,0.500000,0.491071,0.000000,-0.200000,0.490196,0.044575,0.000000,0.310850,1.000000,1.000000,0.000000,-0.000992,0.500000,0
0.000000,0.259939,1.000000,1.000000,0.000000,-0.000992,0.500000,0.491071,0.884990,-0.600000,0.509804,0.040841,0.004000,0.318318,1.000000,1.000000,0.002000,-0.000992,0.500000,0
0.000000,0.266458,1.000000,1.000000,0.000000,-0.000992,0.500000,0.491071,0.000000,-0.200000,-0.588235,0.041317,0.004000,0.317365,1.000000,1.000000,0.002000,-0.000992,0.500000,0
0.004000,0.267913,1.000000,1.000000,0.002000,-0.000992,0.500000,0.237103,0.446034,0.200000,-0.686275,0.039339,0.004000,0.321321,1.000000,1.000000,0.002000,-0.000992,0.500000,0
0.000000,0.261006,1.000000,1.000000,0.000000,-0.000992,0.500000,0.014881,0.280967,-1.000000,0.725490,0.033333,0.000000,0.333333,1.000000,1.000000,0.000000,-0.000992,0.500000,0
0.000000,0.260188,1.000000,1.000000,0.000000,-0.000992,0.500000,0.046627,0.092612,0.200000,-0.647059,0.040361,0.000000,0.319277,1.000000,1.000000,0.000000,-0.000992,0.500000,0
0.000000,0.271875,1.000000,1.000000,0.000000,-0.000992,0.500000,-0.000992,0.253717,0.600000,-0.941176,0.040774,0.000000,0.318452,1.000000,1.000000,0.000000,-0.000992,0.500000,0
0.000000,0.276730,1.000000,1.000000,0.000000,-0.000992,0.500000,0.014881,0.341390,1.000000,0.450980,0.039394,0.000000,0.321212,1.000000,1.000000,0.000000,-0.000992,0.500000,0
0.000000,0.261830,1.000000,1.000000,0.000000,-0.000992,0.500000,0.110119,0.162765,-1.000000,-0.843137,0.042262,0.000000,0.315476,1.000000,1.000000,0.000000,-0.000992,0.500000,0
0.000000,0.260188,1.000000,1.000000,0.000000,-0.000992,0.500000,0.014881,0.066465,1.000000,-0.882353,0.043658,0.000000,0.312684,1.000000,1.000000,0.000000,-0.000992,0.500000,0
0.000000,0.310850,1.000000,1.000000,0.000000,-0.000992,0.500000,0.237103,0.000000,-1.000000,0.450980,0.069969,0.000000,0.260062,1.000000,1.000000,0.000000,0.237103,0.500000,0
0.004000,0.318318,1.000000,1.000000,0.002000,-0.000992,0.500000,0.014881,0.968781,-1.000000,-0.215686,0.067925,0.000000,0.264151,1.000000,1.000000,0.000000,0.014881,0.500000,0
0.004000,0.317365,1.000000,1.000000,0.002000,-0.000992,0.500000,0.110119,0.178372,1.000000,-0.980392,0.070370,0.000000,0.259259,1.000000,1.000000,0.000000,0.110119,0.500000,0
0.004000,0.321321,1.000000,1.000000,0.002000,-0.000992,0.500000,0.237103,0.107932,0.600000,0.980392,0.067925,0.000000,0.264151,1.000000,1.000000,0.000000,0.237103,0.500000,0
0.000000,0.333333,1.000000,1.000000,0.000000,-0.000992,0.500000,0.237103,0.000000,-0.200000,0.039216,0.069969,0.000000,0.260062,1.000000,1.000000,0.000000,0.237103,0.500000,0
0.000000,0.319277,1.000000,1.000000,0.000000,-0.000992,0.500000,0.046627,0.893861,-1.000000,0.529412,0.063497,0.000000,0.273006,1.000000,1.000000,0.000000,0.046627,0.500000,0
0.000000,0.318452,1.000000,1.000000,0.000000,-0.000992,0.500000,0.491071,0.000000,0.600000,0.980392,0.068012,0.000000,0.263975,1.000000,1.000000,0.000000,0.491071,0.500000,0
0.000000,0.321212,1.000000,1.000000,0.000000,-0.000992,0.500000,0.491071,0.000000,0.600000,0.843137,0.066154,0.000000,0.267692,1.000000,1.000000,0.000000,0.491071,0.500000,0
0.000000,0.315476,1.000000,1.000000,0.000000,-0.000992,0.500000,0.014881,0.000000,-1.000000,-0.098039,0.066873,0.000000,0.266254,1.000000,1.000000,0.000000,0.014881,0.500000,0
0.000000,0.312684,1.000000,1.000000,0.000000,-0.000992,0.500000,0.491071,0.758285,0.600000,-0.901961,0.071166,0.000000,0.257669,1.000000,1.000000,0.000000,0.491071,0.500000,0
0.000000,0.260062,1.000000,1.000000,0.000000,0.237103,0.500000,-0.000992,0.094153,-0.200000,-0.372549,0.051479,0.000000,0.295858,0.997041,1.000000,0.000000,-0.000992,0.500000,0
0.000000,0.264151,1.000000,1.000000,0.000000,0.014881,0.500000,-0.000992,0.603568,0.200000,-0.431373,0.046364,0.000000,0.306061,0.996970,1.000000,0.000000,-0.000992,0.500000,0
0.000000,0.259259,1.000000,1.000000,0.000000,0.110119,0.500000,0.046627,0.853278,0.600000,0.039216,0.048338,0.000000,0.302115,0.996979,1.000000,0.000000,0.046627,0.500000,0
0.000000,0.264151,1.000000,1.000000,0.000000,0.237103,0.500000,0.237103,0.936281,-0.600000,0.666667,0.049249,0.004000,0.300300,0.996997,1.000000,0.002000,0.237103,0.500000,0
0.000000,0.260062,1.000000,1.000000,0.000000,0.237103,0.500000,0.237103,0.399220,-0.200000,-0.313725,0.050148,0.000000,0.299703,1.000000,1.000000,0.000000,0.237103,0.500000,0
0.000000,0.273006,1.000000,1.000000,0.000000,0.046627,0.500000,0.110119,0.000000,1.000000,-0.666667,0.040785,0.000000,0.317221,0.996979,1.000000,0.000000,0.110119,0.500000,0
0.000000,0.263975,1.000000,1.000000,0.000000,0.491071,0.500000,0.110119,0.238573,-1.000000,-0.784314,0.048338,0.000000,0.302115,0.996979,1.000000,0.000000,0.110119,0.500000,0
0.000000,0.267692,1.000000,1.000000,0.000000,0.491071,0.500000,0.491071,0.729045,1.000000,-0.666667,0.052187,0.004000,0.294461,0.997085,1.000000,0.002000,0.491071,0.500000,0
0.000000,0.266254,1.000000,1.000000,0.000000,0.014881,0.500000,0.999008,0.000000,-1.000000,0.725490,0.041667,0.004000,0.315476,0.997024,1.000000,0.002000,0.999008,0.500000,0
0.000000,0.257669,1.000000,1.000000,0.000000,0.491071,0.500000,0.110119,0.540691,0.600000,0.411765,0.048795,0.000000,0.301205,0.996988,1.000000,0.000000,0.110119,0.500000,0
0.000000,0.295858,0.997041,1.000000,0.000000,-0.000992,0.500000,0.999008,0.000000,1.000000,0.843137,0.022917,0.000000,0.354167,1.000000,1.000000,0.000000,0.999008,0.500000,0
0.000000,0.306061,0.996970,1.000000,0.000000,-0.000992,0.500000,0.999008,0.000000,-0.600000,0.000000,0.031034,0.000000,0.337931,1.000000,1.000000,0.000000,0.999008,0.500000,0
0.000000,0.302115,0.996979,1.000000,0.000000,0.046627,0.500000,-0.000992,0.462834,-0.600000,0.196078,0.027465,0.000000,0.345070,1.000000,1.000000,0.000000,-0.000992,0.500000,0
0.004000,0.300300,0.996997,1.000000,0.002000,0.237103,0.500000,0.110119,0.885173,1.000000,0.470588,0.029225,0.000000,0.341549,1.000000,1.000000,0.000000,0.110119,0.500000,0
0.000000,0.299703,1.000000,1.000000,0.000000,0.237103,0.500000,0.999008,0.000000,-0.200000,0.980392,0.021678,0.000000,0.356643,1.000000,1.000000,0.000000,0.999008,0.500000,0
0.000000,0.317221,0.996979,1.000000,0.000000,0.110119,0.500000,-0.000992,0.572844,0.200000,0.431373,0.026316,0.000000,0.347368,1.000000,1.000000,0.000000,-0.000992,0.500000,0
0.000000,0.302115,0.996979,1.000000,0.000000,0.110119,0.500000,0.046627,0.610822,1.000000,-0.745098,0.026316,0.000000,0.347368,1.000000,1.000000,0.000000,0.046627,0.500000,0
0.004000,0.294461,0.997085,1.000000,0.002000,0.491071,0.500000,0.491071,0.000000,0.200000,0.666667,0.016726,0.000000,0.366548,1.000000,1.000000,0.000000,0.491071,0.500000,0
0.004000,0.315476,0.997024,1.000000,0.002000,0.999008,0.500000,0.110119,0.212932,0.600000,-0.470588,0.021429,0.000000,0.357143,1.000000,1.000000,0.000000,0.110119,0.500000,0
0.000000,0.301205,0.996988,1.000000,0.000000,0.110119,0.500000,0.237103,0.798440,-1.000000,0.058824,0.022183,0.000000,0.355634,1.000000,1.000000,0.000000,0.237103,0.500000,0
0.000000,0.354167,1.000000,1.000000,0.000000,0.999008,0.500000,0.046627,0.966701,0.600000,-0.686275,0.010855,0.000000,0.378289,1.000000,1.000000,0.000000,0.046627,0.500000,0
0.000000,0.337931,1.000000,1.000000,0.000000,0.999008,0.500000,0.046627,0.697190,-0.600000,0.450980,0.009836,0.000000,0.380328,1.000000,1.000000,0.000000,0.046627,0.500000,0
0.000000,0.345070,1.000000,1.000000,0.000000,-0.000992,0.500000,-0.000992,0.164519,-1.000000,0.784314,0.010855,0.000000,0.378289,1.000000,1.000000,0.000000,-0.000992,0.500000,0
0.000000,0.341549,1.000000,1.000000,0.000000,0.110119,0.500000,0.046627,0.547347,0.200000,0.980392,0.009211,0.000000,0.381579,1.000000,1.000000,0.000000,0.046627,0.500000,0
0.000000,0.356643,1.000000,1.000000,0.000000,0.999008,0.500000,0.046627,0.975026,0.600000,0.098039,0.007947,0.000000,0.384106,1.000000,1.000000,0.000000,0.046627,0.500000,0
0.000000,0.347368,1.000000,1.000000,0.000000,-0.000992,0.500000,0.014881,0.500504,-1.000000,-0.235294,0.009211,0.000000,0.381579,1.000000,1.000000,0.000000,0.014881,0.500000,0
0.000000,0.347368,1.000000,1.000000,0.000000,0.046627,0.500000,0.237103,0.154746,-0.200000,-0.549020,0.010855,0.000000,0.378289,1.000000,1.000000,0.000000,0.237103,0.500000,0
0.000000,0.366548,1.000000,1.000000,0.000000,0.491071,0.500000,0.237103,0.684005,1.000000,0.450980,0.009211,0.000000,0.381579,1.000000,1.000000,0.000000,0.237103,0.500000,0
0.000000,0.357143,1.000000,1.000000,0.000000,0.110119,0.500000,0.237103,0.587776,0.200000,0.294118,0.012092,0.004000,0.375817,1.000000,1.000000,0.002000,0.237103,0.500000,0
0.000000,0.355634,1.000000,1.000000,0.000000,0.237103,0.500000,0.110119,0.681159,1.000000,0.431373,0.013115,0.000000,0.373770,1.000000,1.000000,0.000000,0.110119,0.500000,0
0.000000,0.378289,1.000000,1.000000,0.000000,0.046627,0.500000,0.046627,0.225806,-0.600000,0.823529,0.019149,0.000000,0.361702,1.000000,1.000000,0.000000,0.046627,0.500000,0
0.000000,0.380328,1.000000,1.000000,0.000000,0.046627,0.500000,0.491071,0.000000,-0.200000,-0.294118,0.017376,0.000000,0.365248,1.000000,1.000000,0.000000,0.491071,0.500000,0
0.000000,0.378289,1.000000,1.000000,0.000000,-0.000992,0.500000,0.014881,0.906344,0.200000,-0.450980,0.017857,0.000000,0.364286,1.000000,1.000000,0.000000,0.014881,0.500000,0
0.000000,0.381579,1.000000,1.000000,0.000000,0.046627,0.500000,0.110119,0.000000,1.000000,0.666667,0.017204,0.000000,0.365591,1.000000,1.000000,0.000000,0.110119,0.500000,0
0.000000,0.384106,1.000000,1.000000,0.000000,0.046627,0.500000,0.999008,0.000000,1.000000,-0.705882,0.015789,0.004000,0.368421,1.000000,1.000000,0.002000,0.999008,0.500000,0
0.000000,0.381579,1.000000,1.000000,0.000000,0.014881,0.500000,0.491071,0.364522,0.600000,0.470588,0.012500,0.000000,0.375000,1.000000,1.000000,0.000000,0.491071,0.500000,0
0.000000,0.378289,1.000000,1.000000,0.000000,0.237103,0.500000,0.237103,0.000000,0.200000,-0.980392,0.013830,0.000000,0.372340,1.000000,1.000000,0.000000,0.237103,0.500000,0
0.000000,0.381579,1.000000,1.000000,0.000000,0.237103,0.500000,-0.000992,0.355798,-0.600000,-0.392157,0.015412,0.000000,0.369176,1.000000,1.000000,0.000000,-0.000992,0.500000,0
0.004000,0.375817,1.000000,1.000000,0.002000,0.237103,0.500000,0.110119,0.315496,-0.200000,-0.764706,0.014079,0.000000,0.371841,1.000000,1.000000,0.000000,0.110119,0.500000,0
0.000000,0.373770,1.000000,1.000000,0.000000,0.110119,0.500000,0.491071,0.000000,-0.200000,-0.196078,0.014748,0.000000,0.370504,1.000000,1.000000,0.000000,0.491071,0.500000,0
0.000000,0.361702,1.000000,1.000000,0.000000,0.046627,0.500000,-0.000992,0.008920,-0.600000,0.078431,0.057353,0.000000,0.285294,1.000000,1.000000,0.000000,-0.000992,0.500000,0
0.000000,0.365248,1.000000,1.000000,0.000000,0.491071,0.500000,0.014881,0.076536,0.200000,-0.862745,0.053293,0.000000,0.293413,1.000000,1.000000,0.000000,0.014881,0.500000,0
0.000000,0.364286,1.000000,1.000000,0.000000,0.014881,0.500000,0.110119,0.023411,0.600000,-0.098039,0.053293,0.000000,0.293413,1.000000,1.000000,0.000000,0.110119,0.500000,0
0.000000,0.365591,1.000000,1.000000,0.000000,0.110119,0.500000,0.999008,0.000000,1.000000,-0.215686,0.050592,0.004000,0.298817,1.000000,1.000000,0.002000,0.999008,0.500000,0
0.004000,0.368421,1.000000,1.000000,0.002000,0.999008,0.500000,-0.000992,0.130823,-0.600000,0.333333,0.052853,0.000000,0.294294,1.000000,1.000000,0.000000,-0.000992,0.500000,0
0.000000,0.375000,1.000000,1.000000,0.000000,0.491071,0.500000,0.046627,0.648283,-0.600000,0.764706,0.046269,0.000000,0.307463,1.000000,1.000000,0.000000,0.046627,0.500000,0
0.000000,0.372340,1.000000,1.000000,0.000000,0.237103,0.500000,0.237103,0.634590,1.000000,-1.000000,0.056725,0.004000,0.286550,1.000000,1.000000,0.002000,0.237103,0.500000,0
0.000000,0.369176,1.000000,1.000000,0.000000,-0.000992,0.500000,0.014881,0.887210,-1.000000,0.039216,0.047633,0.000000,0.304734,1.000000,1.000000,0.000000,0.014881,0.500000,0
0.000000,0.371841,1.000000,1.000000,0.000000,0.110119,0.500000,-0.000992,0.720515,0.600000,-0.176471,0.055224,0.000000,0.289552,1.000000,1.000000,0.000000,-0.000992,0.500000,0
0.000000,0.370504,1.000000,1.000000,0.000000,0.491071,0.500000,-0.000992,0.199207,0.600000,-0.313725,0.058187,0.000000,0.283626,1.000000,1.000000,0.000000,-0.000992,0.500000,0
0.000000,0.285294,1.000000,1.000000,0.000000,-0.000992,0.500000,-0.000992,0.233895,0.200000,0.411765,0.016901,0.000000,0.366197,1.000000,1.000000,0.000000,-0.000992,0.500000,0
0.000000,0.293413,1.000000,1.000000,0.000000,0.014881,0.500000,-0.000992,0.037661,-0.200000,0.000000,0.016901,0.000000,0.366197,1.000000,1.000000,0.000000,-0.000992,0.500000,0
0.000000,0.293413,1.000000,1.000000,0.000000,0.110119,0.500000,0.999008,0.000000,0.600000,-0.568627,0.012281,0.000000,0.375439,1.000000,1.000000,0.000000,0.999008,0.500000,0
0.004000,0.298817,1.000000,1.000000,0.002000,0.999008,0.500000,0.491071,0.000000,0.200000,0.647059,0.010954,0.000000,0.378092,1.000000,1.000000,0.000000,0.491071,0.500000,0
0.000000,0.294294,1.000000,1.000000,0.000000,-0.000992,0.500000,0.237103,0.421326,-1.000000,0.019608,0.017544,0.000000,0.364912,1.000000,1.000000,0.000000,0.237103,0.500000,0
0.000000,0.307463,1.000000,1.000000,0.000000,0.046627,0.500000,0.237103,0.433030,0.600000,-0.490196,0.018662,0.000000,0.362676,1.000000,1.000000,0.000000,0.237103,0.500000,0
0.004000,0.286550,1.000000,1.000000,0.002000,0.237103,0.500000,0.491071,0.861598,-0.600000,-0.254902,0.017544,0.004000,0.364912,1.000000,1.000000,0.002000,0.491071,0.500000,0
0.000000,0.304734,1.000000,1.000000,0.000000,0.014881,0.500000,0.110119,0.324415,1.000000,-0.450980,0.017544,0.000000,0.364912,1.000000,1.000000,0.000000,0.110119,0.500000,0
0.000000,0.289552,1.000000,1.000000,0.000000,-0.000992,0.500000,0.046627,0.514048,-0.600000,-0.176471,0.018662,0.000000,0.362676,1.000000,1.000000,0.000000,0.046627,0.500000,0
0.000000,0.283626,1.000000,1.000000,0.000000,-0.000992,0.500000,0.237103,0.589077,-0.200000,-0.333333,0.019930,0.000000,0.360140,1.000000,1.000000,0.000000,0.237103,0.500000,0
0.000000,0.366197,1.000000,1.000000,0.000000,-0.000992,0.500000,0.046627,0.581686,-1.000000,0.098039,0.016151,0.000000,0.367698,1.000000,1.000000,0.000000,0.046627,0.500000,0
0.000000,0.366197,1.000000,1.000000,0.000000,-0.000992,0.500000,0.046627,0.112383,0.200000,-0.941176,0.020470,0.000000,0.359060,1.000000,1.000000,0.000000,0.046627,0.500000,0
0.000000,0.375439,1.000000,1.000000,0.000000,0.999008,0.500000,0.014881,0.544814,0.200000,0.254902,0.015517,0.000000,0.368966,1.000000,1.000000,0.000000,0.014881,0.500000,0
0.000000,0.378092,1.000000,1.000000,0.000000,0.491071,0.500000,0.999008,0.000000,-1.000000,0.333333,0.014626,0.000000,0.370748,1.000000,1.000000,0.000000,0.999008,0.500000,0
0.000000,0.364912,1.000000,1.000000,0.000000,0.237103,0.500000,0.999008,0.000000,-0.200000,-0.607843,0.011224,0.004000,0.377551,1.000000,1.000000,0.002000,0.999008,0.500000,0
0.000000,0.362676,1.000000,1.000000,0.000000,0.237103,0.500000,0.237103,0.810143,0.600000,0.470588,0.018493,0.004000,0.363014,1.000000,1.000000,0.002000,0.237103,0.500000,0
0.004000,0.364912,1.000000,1.000000,0.002000,0.491071,0.500000,-0.000992,0.934589,-0.200000,-0.745098,0.017241,0.000000,0.365517,1.000000,1.000000,0.000000,-0.000992,0.500000,0
0.000000,0.364912,1.000000,1.000000,0.000000,0.110119,0.500000,-0.000992,0.716551,-0.600000,0.450980,0.013356,0.000000,0.373288,1.000000,1.000000,0.000000,-0.000992,0.500000,0
0.000000,0.362676,1.000000,1.000000,0.000000,0.046627,0.500000,0.999008,0.000000,-0.200000,-0.078431,0.012287,0.004000,0.375427,1.000000,1.000000,0.002000,0.999008,0.500000,0
0.000000,0.360140,1.000000,1.000000,0.000000,0.237103,0.500000,0.999008,0.000000,-0.200000,-0.352941,0.013993,0.004000,0.372014,1.000000,1.000000,0.002000,0.999008,0.500000,0
0.000000,0.367698,1.000000,1.000000,0.000000,0.046627,0.500000,0.046627,0.094693,1.000000,-0.431373,0.026014,0.000000,0.347973,1.000000,1.000000,0.000000,0.046627,0.500000,0
0.000000,0.359060,1.000000,1.000000,0.000000,0.046627,0.500000,-0.000992,0.219029,0.200000,-0.450980,0.024324,0.000000,0.351351,1.000000,1.000000,0.000000,-0.000992,0.500000,0
0.000000,0.368966,1.000000,1.000000,0.000000,0.014881,0.500000,-0.000992,0.767096,1.000000,-0.745098,0.023729,0.000000,0.352542,1.000000,1.000000,0.000000,-0.000992,0.500000,0
0.000000,0.370748,1.000000,1.000000,0.000000,0.999008,0.500000,0.237103,0.905072,-1.000000,-0.980392,0.024415,0.000000,0.351171,1.000000,1.000000,0.000000,0.237103,0.500000,0
0.004000,0.377551,1.000000,1.000000,0.002000,0.999008,0.500000,0.046627,0.624350,-0.600000,0.803922,0.013793,0.000000,0.372414,1.000000,1.000000,0.000000,0.046627,0.500000,0
0.004000,0.363014,1.000000,1.000000,0.002000,0.237103,0.500000,0.046627,0.902185,-0.600000,0.176471,0.021306,0.000000,0.357388,1.000000,1.000000,0.000000,0.046627,0.500000,0
0.000000,0.365517,1.000000,1.000000,0.000000,-0.000992,0.500000,0.046627,0.472425,-0.200000,-0.137255,0.025424,0.000000,0.349153,1.000000,1.000000,0.000000,0.046627,0.500000,0
0.000000,0.373288,1.000000,1.000000,0.000000,-0.000992,0.500000,0.999008,0.000000,-0.200000,-0.843137,0.018182,0.000000,0.363636,1.000000,1.000000,0.000000,0.999008,0.500000,0
0.004000,0.375427,1.000000,1.000000,0.002000,0.999008,0.500000,0.491071,0.013645,0.600000,-0.352941,0.023129,0.000000,0.353741,1.000000,1.000000,0.000000,0.491071,0.500000,0
0.004000,0.372014,1.000000,1.000000,0.002000,0.999008,0.500000,0.046627,0.970864,0.600000,-0.980392,0.027243,0.000000,0.345515,1.000000,1.000000,0.000000,0.046627,0.500000,0
0.000000,0.347973,1.000000,1.000000,0.000000,0.046627,0.500000,0.491071,0.000000,-1.000000,-0.137255,0.027181,0.000000,0.345638,1.000000,1.000000,0.000000,0.491071,0.500000,0
0.000000,0.351351,1.000000,1.000000,0.000000,-0.000992,0.500000,0.491071,0.000000,-0.200000,-0.921569,0.022951,0.004000,0.354098,1.000000,1.000000,0.002000,0.491071,0.500000,0
0.000000,0.352542,1.000000,1.000000,0.000000,-0.000992,0.500000,0.110119,0.162765,-0.600000,-0.705882,0.024916,0.000000,0.350168,1.000000,1.000000,0.000000,0.110119,0.500000,0
0.000000,0.351171,1.000000,1.000000,0.000000,0.237103,0.500000,0.999008,0.000000,-1.000000,-0.392157,0.027303,0.004000,0.345395,1.000000,1.000000,0.002000,0.999008,0.500000,0
0.000000,0.372414,1.000000,1.000000,0.000000,0.046627,0.500000,0.237103,0.951886,0.200000,-0.215686,0.033333,0.004000,0.333333,1.000000,1.000000,0.002000,0.237103,0.500000,0
0.000000,0.357388,1.000000,1.000000,0.000000,0.046627,0.500000,0.046627,0.876171,-1.000000,0.549020,0.027703,0.000000,0.344595,1.000000,1.000000,0.000000,0.046627,0.500000,0
0.000000,0.349153,1.000000,1.000000,0.000000,0.046627,0.500000,0.110119,0.423634,-0.200000,-0.078431,0.029431,0.000000,0.341137,1.000000,1.000000,0.000000,0.110119,0.500000,0
0.000000,0.363636,1.000000,1.000000,0.000000,0.999008,0.500000,-0.000992,0.720515,-0.600000,-1.000000,0.037662,0.000000,0.324675,1.000000,1.000000,0.000000,-0.000992,0.500000,0
0.000000,0.353741,1.000000,1.000000,0.000000,0.491071,0.500000,0.110119,0.307692,-0.200000,-0.470588,0.031667,0.000000,0.336667,1.000000,1.000000,0.000000,0.110119,0.500000,0
0.000000,0.345515,1.000000,1.000000,0.000000,0.046627,0.500000,-0.000992,0.938553,0.600000,-0.862745,0.030565,0.000000,0.338870,1.000000,1.000000,0.000000,-0.000992,0.500000,0
0.000000,0.345638,1.000000,1.000000,0.000000,0.491071,0.500000,0.110119,0.901895,0.200000,0.411765,0.039394,0.000000,0.319865,0.996633,1.000000,0.000000,0.110119,0.500000,0
0.004000,0.354098,1.000000,1.000000,0.002000,0.491071,0.500000,0.491071,0.000000,-0.200000,-0.568627,0.036054,0.000000,0.326531,0.996599,1.000000,0.000000,0.491071,0.500000,0
0.000000,0.350168,1.000000,1.000000,0.000000,0.110119,0.500000,0.491071,0.298246,-0.200000,0.882353,0.037710,0.004000,0.323232,0.996633,1.000000,0.002000,0.491071,0.500000,0
0.004000,0.345395,1.000000,1.000000,0.002000,0.999008,0.500000,0.014881,0.948640,-0.600000,0.764706,0.036027,0.000000,0.326599,0.996633,1.000000,0.000000,0.014881,0.500000,0
0.004000,0.333333,1.000000,1.000000,0.002000,0.237103,0.500000,0.237103,0.000000,-1.000000,-0.901961,0.037710,0.000000,0.323232,0.996633,1.000000,0.000000,0.237103,0.500000,0
0.000000,0.344595,1.000000,1.000000,0.000000,0.046627,0.500000,0.237103,0.000000,0.200000,-0.980392,0.036000,0.000000,0.326667,0.996667,1.000000,0.000000,0.237103,0.500000,0
0.000000,0.341137,1.000000,1.000000,0.000000,0.110119,0.500000,0.046627,0.811655,0.600000,0.470588,0.038305,0.000000,0.322034,0.996610,1.000000,0.000000,0.046627,0.500000,0
0.000000,0.324675,1.000000,1.000000,0.000000,-0.000992,0.500000,-0.000992,0.962339,-1.000000,0.568627,0.038305,0.000000,0.322034,0.996610,1.000000,0.000000,-0.000992,0.500000,0
0.000000,0.336667,1.000000,1.000000,0.000000,0.110119,0.500000,0.491071,0.000000,0.600000,-0.784314,0.032082,0.000000,0.334471,0.996587,1.000000,0.000000,0.491071,0.500000,0
0.000000,0.338870,1.000000,1.000000,0.000000,-0.000992,0.500000,0.046627,0.372529,-0.600000,-0.352941,0.036054,0.000000,0.326531,0.996599,1.000000,0.000000,0.046627,0.500000,0
0.000000,0.319865,0.996633,1.000000,0.000000,0.110119,0.500000,0.491071,0.261209,0.600000,-0.725490,0.057367,0.000000,0.285266,1.000000,1.000000,0.000000,0.491071,0.500000,0
0.000000,0.326531,0.996599,1.000000,0.000000,0.491071,0.500000,-0.000992,0.509415,0.200000,-0.882353,0.058255,0.000000,0.283489,1.000000,1.000000,0.000000,-0.000992,0.500000,0
0.004000,0.323232,0.996633,1.000000,0.002000,0.491071,0.500000,0.237103,0.000000,-1.000000,-0.352941,0.053503,0.000000,0.292994,1.000000,1.000000,0.000000,0.237103,0.500000,0
0.000000,0.326599,0.996633,1.000000,0.000000,0.014881,0.500000,0.237103,0.871261,0.200000,-0.470588,0.055556,0.004000,0.288889,1.000000,1.000000,0.002000,0.237103,0.500000,0
0.000000,0.323232,0.996633,1.000000,0.000000,0.237103,0.500000,0.014881,0.719033,-0.600000,-0.372549,0.053968,0.000000,0.292063,1.000000,1.000000,0.000000,0.014881,0.500000,0
0.000000,0.326667,0.996667,1.000000,0.000000,0.237103,0.500000,0.491071,0.927875,-0.200000,0.352941,0.047619,0.004000,0.304762,1.000000,1.000000,0.002000,0.491071,0.500000,0
0.000000,0.322034,0.996610,1.000000,0.000000,0.046627,0.500000,0.046627,0.878252,0.200000,0.823529,0.055096,0.000000,0.289809,1.000000,1.000000,0.000000,0.046627,0.500000,0
0.000000,0.322034,0.996610,1.000000,0.000000,-0.000992,0.500000,0.237103,0.178153,-0.600000,0.568627,0.055096,0.000000,0.289809,1.000000,1.000000,0.000000,0.237103,0.500000,0
0.000000,0.334471,0.996587,1.000000,0.000000,0.491071,0.500000,0.014881,0.388721,1.000000,0.254902,0.054430,0.000000,0.291139,1.000000,1.000000,0.000000,0.014881,0.500000,0
0.000000,0.326531,0.996599,1.000000,0.000000,0.046627,0.500000,0.491071,0.750487,-0.200000,0.254902,0.056467,0.000000,0.287066,1.000000,1.000000,0.000000,0.491071,0.500000,0
0.000000,0.285266,1.000000,1.000000,0.000000,0.491071,0.500000,0.999008,0.000000,1.000000,-1.000000,0.029508,0.000000,0.340984,1.000000,1.000000,0.000000,0.999008,0.500000,0
0.000000,0.283489,1.000000,1.000000,0.000000,-0.000992,0.500000,0.046627,0.169615,0.200000,0.431373,0.025503,0.000000,0.348993,1.000000,1.000000,0.000000,0.046627,0.500000,0
0.000000,0.292994,1.000000,1.000000,0.000000,0.237103,0.500000,0.491071,0.799220,-1.000000,0.333333,0.021549,0.004000,0.356902,1.000000,1.000000,0.002000,0.491071,0.500000,0
0.004000,0.288889,1.000000,1.000000,0.002000,0.237103,0.500000,-0.000992,0.568880,-1.000000,0.039216,0.014433,0.000000,0.371134,1.000000,1.000000,0.000000,-0.000992,0.500000,0
0.000000,0.292063,1.000000,1.000000,0.000000,0.014881,0.500000,0.046627,0.888658,-0.200000,-0.490196,0.016151,0.000000,0.367698,1.000000,1.000000,0.000000,0.046627,0.500000,0
0.004000,0.304762,1.000000,1.000000,0.002000,0.491071,0.500000,0.014881,0.723061,-0.600000,-0.960784,0.017568,0.000000,0.364865,1.000000,1.000000,0.000000,0.014881,0.500000,0
0.000000,0.289809,1.000000,1.000000,0.000000,0.046627,0.500000,0.491071,0.000000,-0.200000,-0.235294,0.015700,0.000000,0.368601,1.000000,1.000000,0.000000,0.491071,0.500000,0
0.000000,0.289809,1.000000,1.000000,0.000000,0.237103,0.500000,-0.000992,0.200198,-0.600000,0.392157,0.020205,0.000000,0.359589,1.000000,1.000000,0.000000,-0.000992,0.500000,0
0.000000,0.291139,1.000000,1.000000,0.000000,0.014881,0.500000,0.046627,0.548387,0.600000,-0.862745,0.020205,0.000000,0.359589,1.000000,1.000000,0.000000,0.046627,0.500000,0
0.000000,0.287066,1.000000,1.000000,0.000000,0.491071,0.500000,-0.000992,0.146680,-1.000000,-0.588235,0.020819,0.000000,0.358362,1.000000,1.000000,0.000000,-0.000992,0.500000,0
0.000000,0.340984,1.000000,1.000000,0.000000,0.999008,0.500000,0.491071,0.982456,-1.000000,-0.196078,0.051735,0.000000,0.296530,1.000000,1.000000,0.000000,0.491071,0.500000,0
0.000000,0.348993,1.000000,1.000000,0.000000,0.046627,0.500000,0.014881,0.153072,0.600000,-0.058824,0.048726,0.000000,0.302548,1.000000,1.000000,0.000000,0.014881,0.500000,0
0.004000,0.356902,1.000000,1.000000,0.002000,0.491071,0.500000,-0.000992,0.798811,-0.600000,0.039216,0.050318,0.000000,0.299363,1.000000,1.000000,0.000000,-0.000992,0.500000,0
0.000000,0.371134,1.000000,1.000000,0.000000,-0.000992,0.500000,0.110119,0.273133,-1.000000,0.039216,0.047003,0.000000,0.305994,1.000000,1.000000,0.000000,0.110119,0.500000,0
0.000000,0.367698,1.000000,1.000000,0.000000,0.046627,0.500000,0.237103,0.877763,-1.000000,-0.215686,0.053312,0.004000,0.293375,1.000000,1.000000,0.002000,0.237103,0.500000,0
0.000000,0.364865,1.000000,1.000000,0.000000,0.014881,0.500000,0.110119,0.885173,0.600000,-0.058824,0.047756,0.000000,0.304487,1.000000,1.000000,0.000000,0.110119,0.500000,0
0.000000,0.368601,1.000000,1.000000,0.000000,0.491071,0.500000,0.237103,0.668401,0.600000,-0.980392,0.053583,0.000000,0.292835,1.000000,1.000000,0.000000,0.237103,0.500000,0
0.000000,0.359589,1.000000,1.000000,0.000000,-0.000992,0.500000,0.491071,0.095517,1.000000,-0.137255,0.051735,0.004000,0.296530,1.000000,1.000000,0.002000,0.491071,0.500000,0
0.000000,0.359589,1.000000,1.000000,0.000000,0.046627,0.500000,0.491071,0.000000,-0.200000,-0.235294,0.043354,0.000000,0.313291,1.000000,1.000000,0.000000,0.491071,0.500000,0
0.000000,0.358362,1.000000,1.000000,0.000000,-0.000992,0.500000,0.237103,0.886866,-0.600000,-0.235294,0.050794,0.004000,0.298413,1.000000,1.000000,0.002000,0.237103,0.500000,0
0.000000,0.296530,1.000000,1.000000,0.000000,0.491071,0.500000,-0.000992,0.641229,-0.200000,-0.627451,0.054098,0.000000,0.291803,1.000000,1.000000,0.000000,-0.000992,0.500000,0
0.000000,0.302548,1.000000,1.000000,0.000000,0.014881,0.500000,0.110119,0.685619,-1.000000,0.352941,0.057843,0.000000,0.284314,1.000000,1.000000,0.000000,0.110119,0.500000,0
0.000000,0.299363,1.000000,1.000000,0.000000,-0.000992,0.500000,0.999008,0.000000,-1.000000,0.588235,0.056913,0.000000,0.286174,1.000000,1.000000,0.000000,0.999008,0.500000,0
0.000000,0.305994,1.000000,1.000000,0.000000,0.110119,0.500000,0.999008,0.000000,0.200000,-0.294118,0.056452,0.004000,0.287097,1.000000,1.000000,0.002000,0.999008,0.500000,0
0.004000,0.293375,1.000000,1.000000,0.002000,0.237103,0.500000,0.110119,0.885173,0.600000,0.490196,0.050993,0.000000,0.298013,1.000000,1.000000,0.000000,0.110119,0.500000,0
0.000000,0.304487,1.000000,1.000000,0.000000,0.110119,0.500000,0.999008,0.000000,0.600000,0.862745,0.058521,0.000000,0.282958,1.000000,1.000000,0.000000,0.999008,0.500000,0
0.000000,0.292835,1.000000,1.000000,0.000000,0.237103,0.500000,0.999008,0.000000,-0.200000,-0.529412,0.060841,0.000000,0.278317,1.000000,1.000000,0.000000,0.999008,0.500000,0
0.004000,0.296530,1.000000,1.000000,0.002000,0.491071,0.500000,0.014881,0.532729,0.200000,0.960784,0.052159,0.000000,0.295681,1.000000,1.000000,0.000000,0.014881,0.500000,0
0.000000,0.313291,1.000000,1.000000,0.000000,0.491071,0.500000,0.014881,0.872105,-1.000000,-0.921569,0.058065,0.000000,0.283871,1.000000,1.000000,0.000000,0.014881,0.500000,0
0.004000,0.298413,1.000000,1.000000,0.002000,0.237103,0.500000,0.014881,0.716012,0.600000,-0.098039,0.054785,0.000000,0.290429,1.000000,1.000000,0.000000,0.014881,0.500000,0
0.000000,0.291803,1.000000,1.000000,0.000000,-0.000992,0.500000,0.237103,0.000000,1.000000,-0.156863,0.067868,0.000000,0.264264,1.000000,1.000000,0.000000,0.237103,0.500000,0
0.000000,0.284314,1.000000,1.000000,0.000000,0.110119,0.500000,0.014881,0.197382,1.000000,0.549020,0.067069,0.000000,0.265861,1.000000,1.000000,0.000000,0.014881,0.500000,0
0.000000,0.286174,1.000000,1.000000,0.000000,0.999008,0.500000,-0.000992,0.727453,-0.600000,0.647059,0.067868,0.000000,0.264264,1.000000,1.000000,0.000000,-0.000992,0.500000,0
0.004000,0.287097,1.000000,1.000000,0.002000,0.999008,0.500000,0.237103,0.464239,0.600000,-0.039216,0.067868,0.000000,0.264264,1.000000,1.000000,0.000000,0.237103,0.500000,0
0.000000,0.298013,1.000000,1.000000,0.000000,0.110119,0.500000,0.237103,0.967490,-0.200000,-0.294118,0.065964,0.000000,0.268072,1.000000,1.000000,0.000000,0.237103,0.500000,0
0.000000,0.282958,1.000000,1.000000,0.000000,0.999008,0.500000,-0.000992,0.905847,-0.600000,0.235294,0.065559,0.000000,0.268882,1.000000,1.000000,0.000000,-0.000992,0.500000,0
0.000000,0.278317,1.000000,1.000000,0.000000,0.999008,0.500000,0.999008,0.000000,0.200000,-0.352941,0.061765,0.008000,0.276471,1.000000,1.000000,0.004000,0.999008,0.500000,0
0.000000,0.295681,1.000000,1.000000,0.000000,0.014881,0.500000,0.046627,0.298647,-0.600000,0.117647,0.065559,0.000000,0.268882,1.000000,1.000000,0.000000,0.046627,0.500000,0
0.000000,0.283871,1.000000,1.000000,0.000000,0.014881,0.500000,-0.000992,0.639247,-0.200000,0.333333,0.064742,0.000000,0.270517,1.000000,1.000000,0.000000,-0.000992,0.500000,0
0.000000,0.290429,1.000000,1.000000,0.000000,0.014881,0.500000,0.491071,0.000000,0.200000,0.392157,0.064742,0.000000,0.270517,1.000000,1.000000,0.000000,0.491071,0.500000,0
0.000000,0.264264,1.000000,1.000000,0.000000,0.237103,0.500000,0.491071,0.000000,1.000000,0.980392,0.053135,0.000000,0.293729,1.000000,1.000000,0.000000,0.491071,0.500000,0
0.000000,0.265861,1.000000,1.000000,0.000000,0.014881,0.500000,0.046627,0.260146,-0.600000,-0.431373,0.053135,0.000000,0.293729,1.000000,1.000000,0.000000,0.046627,0.500000,0
0.000000,0.264264,1.000000,1.000000,0.000000,-0.000992,0.500000,0.999008,0.000000,-1.000000,0.176471,0.049180,0.000000,0.301639,1.000000,1.000000,0.000000,0.999008,0.500000,0
0.000000,0.264264,1.000000,1.000000,0.000000,0.237103,0.500000,0.014881,0.027190,-0.600000,-0.960784,0.054369,0.000000,0.291262,1.000000,1.000000,0.000000,0.014881,0.500000,0
0.000000,0.268072,1.000000,1.000000,0.000000,0.237103,0.500000,-0.000992,0.476710,-0.200000,-0.745098,0.053135,0.000000,0.293729,1.000000,1.000000,0.000000,-0.000992,0.500000,0
0.000000,0.268882,1.000000,1.000000,0.000000,-0.000992,0.500000,0.014881,0.932528,0.600000,-0.627451,0.050993,0.000000,0.298013,1.000000,1.000000,0.000000,0.014881,0.500000,0
0.008000,0.276471,1.000000,1.000000,0.004000,0.999008,0.500000,-0.000992,0.675917,-1.000000,0.411765,0.052843,0.000000,0.294314,1.000000,1.000000,0.000000,-0.000992,0.500000,0
0.000000,0.268882,1.000000,1.000000,0.000000,0.046627,0.500000,0.237103,0.518856,0.600000,0.627451,0.054305,0.000000,0.291391,1.000000,1.000000,0.000000,0.237103,0.500000,0
0.000000,0.270517,1.000000,1.000000,0.000000,-0.000992,0.500000,0.999008,0.000000,1.000000,0.470588,0.052090,0.004000,0.295820,1.000000,1.000000,0.002000,0.999008,0.500000,0
0.000000,0.270517,1.000000,1.000000,0.000000,0.491071,0.500000,0.999008,0.000000,0.200000,-0.235294,0.050820,0.000000,0.298361,1.000000,1.000000,0.000000,0.999008,0.500000,0
0.000000,0.293729,1.000000,1.000000,0.000000,0.491071,0.500000,0.014881,0.521652,1.000000,0.137255,0.039228,0.000000,0.321543,1.000000,1.000000,0.000000,0.014881,0.500000,0
0.000000,0.293729,1.000000,1.000000,0.000000,0.046627,0.500000,0.014881,0.447130,0.200000,-0.960784,0.042271,0.000000,0.315457,1.000000,1.000000,0.000000,0.014881,0.500000,0
0.000000,0.301639,1.000000,1.000000,0.000000,0.999008,0.500000,0.491071,0.206628,1.000000,0.078431,0.040625,0.004000,0.318750,1.000000,1.000000,0.002000,0.491071,0.500000,0
0.000000,0.291262,1.000000,1.000000,0.000000,0.014881,0.500000,0.999008,0.000000,-0.200000,-0.470588,0.036013,0.000000,0.327974,1.000000,1.000000,0.000000,0.999008,0.500000,0
0.000000,0.293729,1.000000,1.000000,0.000000,-0.000992,0.500000,0.237103,0.529259,1.000000,-0.862745,0.036538,0.004000,0.326923,1.000000,1.000000,0.002000,0.237103,0.500000,0
0.000000,0.298013,1.000000,1.000000,0.000000,0.014881,0.500000,0.237103,0.310793,-0.200000,0.352941,0.040764,0.004000,0.318471,1.000000,1.000000,0.002000,0.237103,0.500000,0
0.000000,0.294314,1.000000,1.000000,0.000000,-0.000992,0.500000,0.237103,0.797139,-1.000000,-0.764706,0.046749,0.004000,0.306502,1.000000,1.000000,0.002000,0.237103,0.500000,0
0.000000,0.291391,1.000000,1.000000,0.000000,0.237103,0.500000,0.046627,0.257024,1.000000,-0.764706,0.041772,0.000000,0.316456,1.000000,1.000000,0.000000,0.046627,0.500000,0
0.004000,0.295820,1.000000,1.000000,0.002000,0.999008,0.500000,0.046627,0.483871,1.000000,0.549020,0.041346,0.000000,0.317308,1.000000,1.000000,0.000000,0.046627,0.500000,0
0.000000,0.298361,1.000000,1.000000,0.000000,0.999008,0.500000,0.014881,0.489426,0.200000,0.078431,0.040764,0.000000,0.318471,1.000000,1.000000,0.000000,0.014881,0.500000,0
0.000000,0.321543,1.000000,1.000000,0.000000,0.014881,0.500000,0.491071,0.787524,-0.200000,0.431373,0.052239,0.000000,0.295522,1.000000,1.000000,0.000000,0.491071,0.500000,0
0.000000,0.315457,1.000000,1.000000,0.000000,0.014881,0.500000,0.999008,0.000000,1.000000,0.411765,0.055882,0.000000,0.288235,1.000000,1.000000,0.000000,0.999008,0.500000,0
0.004000,0.318750,1.000000,1.000000,0.002000,0.491071,0.500000,0.110119,0.119287,-1.000000,0.411765,0.058859,0.000000,0.282282,1.000000,1.000000,0.000000,0.110119,0.500000,0
0.000000,0.327974,1.000000,1.000000,0.000000,0.999008,0.500000,0.110119,0.433668,0.600000,0.529412,0.058209,0.000000,0.283582,1.000000,1.000000,0.000000,0.110119,0.500000,0
0.004000,0.326923,1.000000,1.000000,0.002000,0.237103,0.500000,0.237103,0.000000,-1.000000,-0.254902,0.058859,0.000000,0.282282,1.000000,1.000000,0.000000,0.237103,0.500000,0
0.004000,0.318471,1.000000,1.000000,0.002000,0.237103,0.500000,-0.000992,0.971259,0.600000,-0.196078,0.058434,0.000000,0.283133,1.000000,1.000000,0.000000,-0.000992,0.500000,0
0.004000,0.306502,1.000000,1.000000,0.002000,0.237103,0.500000,0.999008,0.000000,1.000000,0.764706,0.055224,0.000000,0.289552,1.000000,1.000000,0.000000,0.999008,0.500000,0
0.000000,0.316456,1.000000,1.000000,0.000000,0.046627,0.500000,0.046627,0.124870,1.000000,-0.313725,0.063501,0.000000,0.272997,1.000000,1.000000,0.000000,0.046627,0.500000,0
0.000000,0.317308,1.000000,1.000000,0.000000,0.046627,0.500000,0.110119,0.778149,-1.000000,-0.588235,0.060778,0.000000,0.278443,1.000000,1.000000,0.000000,0.110119,0.500000,0
0.000000,0.318471,1.000000,1.000000,0.000000,0.014881,0.500000,0.110119,0.202899,0.200000,-0.666667,0.063501,0.000000,0.272997,1.000000,1.000000,0.000000,0.110119,0.500000,0
0.000000,0.295522,1.000000,1.000000,0.000000,0.491071,0.500000,0.110119,0.384615,-1.000000,0.843137,0.065385,0.000000,0.269231,1.000000,1.000000,0.000000,0.110119,0.500000,0
0.000000,0.288235,1.000000,1.000000,0.000000,0.999008,0.500000,0.110119,0.234114,-0.200000,-0.235294,0.062275,0.000000,0.275449,1.000000,1.000000,0.000000,0.110119,0.500000,0
0.000000,0.282282,1.000000,1.000000,0.000000,0.110119,0.500000,0.014881,0.196375,0.600000,0.803922,0.063772,0.000000,0.272455,1.000000,1.000000,0.000000,0.014881,0.500000,0
0.000000,0.283582,1.000000,1.000000,0.000000,0.110119,0.500000,0.491071,0.506823,-0.600000,-0.882353,0.066569,0.004000,0.266862,1.000000,1.000000,0.002000,0.491071,0.500000,0
0.000000,0.282282,1.000000,1.000000,0.000000,0.237103,0.500000,0.491071,0.000000,-0.200000,0.470588,0.062832,0.004000,0.274336,1.000000,1.000000,0.002000,0.491071,0.500000,0
0.000000,0.283133,1.000000,1.000000,0.000000,-0.000992,0.500000,0.491071,0.000000,-0.600000,-0.803922,0.051351,0.000000,0.297297,1.000000,1.000000,0.000000,0.491071,0.500000,0
0.000000,0.289552,1.000000,1.000000,0.000000,0.999008,0.500000,0.999008,0.000000,-1.000000,-0.843137,0.061357,0.000000,0.277286,1.000000,1.000000,0.000000,0.999008,0.500000,0
0.000000,0.272997,1.000000,1.000000,0.000000,0.046627,0.500000,0.014881,0.609265,0.200000,0.843137,0.063363,0.000000,0.273273,1.000000,1.000000,0.000000,0.014881,0.500000,0
0.000000,0.278443,1.000000,1.000000,0.000000,0.110119,0.500000,0.491071,0.000000,0.600000,-0.431373,0.061607,0.000000,0.276786,1.000000,1.000000,0.000000,0.491071,0.500000,0
0.000000,0.272997,1.000000,1.000000,0.000000,0.110119,0.500000,0.046627,0.136316,1.000000,0.666667,0.063501,0.000000,0.272997,1.000000,1.000000,0.000000,0.046627,0.500000,0
0.000000,0.269231,1.000000,1.000000,0.000000,0.110119,0.500000,0.046627,0.319459,-1.000000,0.411765,0.044720,0.000000,0.310559,1.000000,1.000000,0.000000,0.046627,0.500000,0
0.000000,0.275449,1.000000,1.000000,0.000000,0.110119,0.500000,0.014881,0.995972,0.200000,-0.156863,0.045201,0.000000,0.309598,1.000000,1.000000,0.000000,0.014881,0.500000,0
0.000000,0.272455,1.000000,1.000000,0.000000,0.014881,0.500000,0.014881,0.247734,1.000000,-0.588235,0.043168,0.000000,0.313665,1.000000,1.000000,0.000000,0.014881,0.500000,0
0.004000,0.266862,1.000000,1.000000,0.002000,0.491071,0.500000,0.046627,0.283039,-1.000000,0.058824,0.042188,0.000000,0.315625,1.000000,1.000000,0.000000,0.046627,0.500000,0
0.004000,0.274336,1.000000,1.000000,0.002000,0.491071,0.500000,0.237103,0.244473,0.200000,-0.941176,0.042593,0.000000,0.314815,1.000000,1.000000,0.000000,0.237103,0.500000,0
0.000000,0.297297,1.000000,1.000000,0.000000,0.491071,0.500000,-0.000992,0.027750,-0.600000,0.352941,0.044720,0.000000,0.310559,1.000000,1.000000,0.000000,-0.000992,0.500000,0
0.000000,0.277286,1.000000,1.000000,0.000000,0.999008,0.500000,0.999008,0.000000,-1.000000,0.960784,0.037461,0.000000,0.325077,1.000000,1.000000,0.000000,0.999008,0.500000,0
0.000000,0.273273,1.000000,1.000000,0.000000,0.014881,0.500000,0.014881,0.936556,-0.600000,0.470588,0.037963,0.000000,0.324074,1.000000,1.000000,0.000000,0.014881,0.500000,0
0.000000,0.276786,1.000000,1.000000,0.000000,0.491071,0.500000,0.110119,0.868450,0.200000,0.843137,0.044237,0.000000,0.311526,1.000000,1.000000,0.000000,0.110119,0.500000,0
0.000000,0.272997,1.000000,1.000000,0.000000,0.046627,0.500000,0.014881,0.262840,-1.000000,-0.666667,0.047095,0.000000,0.305810,1.000000,1.000000,0.000000,0.014881,0.500000,0
0.000000,0.310559,1.000000,1.000000,0.000000,0.046627,0.500000,0.110119,0.054627,1.000000,0.764706,0.053623,0.000000,0.292754,1.000000,1.000000,0.000000,0.110119,0.500000,0
0.000000,0.309598,1.000000,1.000000,0.000000,0.014881,0.500000,0.237103,0.962289,-0.200000,-0.784314,0.053623,0.000000,0.292754,1.000000,1.000000,0.000000,0.237103,0.500000,0
0.000000,0.313665,1.000000,1.000000,0.000000,0.014881,0.500000,-0.000992,0.724480,-1.000000,-0.411765,0.053198,0.000000,0.293605,1.000000,1.000000,0.000000,-0.000992,0.500000,0
0.000000,0.315625,1.000000,1.000000,0.000000,0.046627,0.500000,0.237103,0.635891,0.200000,-0.058824,0.050725,0.004000,0.298551,1.000000,1.000000,0.002000,0.237103,0.500000,0
0.000000,0.314815,1.000000,1.000000,0.000000,0.237103,0.500000,0.110119,0.309922,0.200000,-0.803922,0.049415,0.000000,0.301170,1.000000,1.000000,0.000000,0.110119,0.500000,0
0.000000,0.310559,1.000000,1.000000,0.000000,-0.000992,0.500000,0.046627,0.271592,0.600000,0.039216,0.051744,0.000000,0.296512,1.000000,1.000000,0.000000,0.046627,0.500000,0
0.000000,0.325077,1.000000,1.000000,0.000000,0.999008,0.500000,0.999008,0.000000,1.000000,-1.000000,0.050282,0.004000,0.299435,1.000000,1.000000,0.002000,0.999008,0.500000,0
0.000000,0.324074,1.000000,1.000000,0.000000,0.014881,0.500000,0.491071,0.233918,0.600000,0.254902,0.054467,0.004000,0.291066,1.000000,1.000000,0.002000,0.491071,0.500000,0
0.000000,0.311526,1.000000,1.000000,0.000000,0.110119,0.500000,0.014881,0.303122,-0.600000,-0.823529,0.049711,0.000000,0.300578,1.000000,1.000000,0.000000,0.014881,0.500000,0
0.000000,0.305810,1.000000,1.000000,0.000000,0.014881,0.500000,0.491071,0.000000,-0.200000,0.607843,0.052601,0.000000,0.294798,1.000000,1.000000,0.000000,0.491071,0.500000,0
0.000000,0.292754,1.000000,1.000000,0.000000,0.110119,0.500000,0.237103,0.764629,-0.200000,0.392157,0.033916,0.000000,0.332168,1.000000,1.000000,0.000000,-0.000992,0.500000,0
0.000000,0.292754,1.000000,1.000000,0.000000,0.237103,0.500000,0.046627,0.942768,-0.200000,-0.705882,0.033916,0.000000,0.332168,1.000000,1.000000,0.000000,-0.000992,0.500000,0
0.000000,0.293605,1.000000,1.000000,0.000000,-0.000992,0.500000,0.110119,0.420290,-1.000000,0.176471,0.026855,0.000000,0.346290,1.000000,1.000000,0.000000,-0.000992,0.500000,0
0.004000,0.298551,1.000000,1.000000,0.002000,0.237103,0.500000,0.999008,0.000000,-1.000000,0.549020,0.028014,0.000000,0.343972,1.000000,1.000000,0.000000,-0.000992,0.500000,0
0.000000,0.301170,1.000000,1.000000,0.000000,0.110119,0.500000,0.999008,0.000000,1.000000,0.254902,0.028125,0.000000,0.343750,1.000000,1.000000,0.000000,-0.000992,0.500000,0
0.000000,0.296512,1.000000,1.000000,0.000000,0.046627,0.500000,0.110119,0.005574,1.000000,0.313725,0.032753,0.000000,0.334495,1.000000,1.000000,0.000000,-0.000992,0.500000,0
0.004000,0.299435,1.000000,1.000000,0.002000,0.999008,0.500000,0.237103,0.633290,-1.000000,0.078431,0.029181,0.000000,0.341637,1.000000,1.000000,0.000000,-0.000992,0.500000,0
0.004000,0.291066,1.000000,1.000000,0.002000,0.491071,0.500000,0.110119,0.367893,-1.000000,0.705882,0.027465,0.000000,0.345070,1.000000,1.000000,0.000000,-0.000992,0.500000,0
0.000000,0.300578,1.000000,1.000000,0.000000,0.014881,0.500000,0.999008,0.000000,-0.200000,0.647059,0.033333,0.000000,0.333333,1.000000,1.000000,0.000000,-0.000992,0.500000,0
0.000000,0.294798,1.000000,1.000000,0.000000,0.491071,0.500000,0.491071,0.000000,-0.600000,0.470588,0.026241,0.000000,0.347518,1.000000,1.000000,0.000000,-0.000992,0.500000,0
0.000000,0.332168,1.000000,1.000000,0.000000,-0.000992,0.500000,0.999008,0.000000,1.000000,0.274510,0.009836,0.000000,0.380328,1.000000,1.000000,0.000000,-0.000992,0.500000,0
0.000000,0.332168,1.000000,1.000000,0.000000,-0.000992,0.500000,0.491071,0.000000,0.600000,0.039216,0.001695,0.000000,0.396610,1.000000,1.000000,0.000000,-0.000992,0.500000,0
0.000000,0.346290,1.000000,1.000000,0.000000,-0.000992,0.500000,0.491071,0.087719,-1.000000,-0.882353,0.003333,0.000000,0.393333,1.000000,1.000000,0.000000,-0.000992,0.500000,0
0.000000,0.343972,1.000000,1.000000,0.000000,-0.000992,0.500000,0.014881,0.553877,-0.200000,-0.294118,0.010403,0.000000,0.379195,1.000000,1.000000,0.000000,-0.000992,0.500000,0
0.000000,0.343750,1.000000,1.000000,0.000000,-0.000992,0.500000,0.237103,0.000000,0.600000,-0.862745,0.005743,0.000000,0.388514,1.000000,1.000000,0.000000,-0.000992,0.500000,0
0.000000,0.334495,1.000000,1.000000,0.000000,-0.000992,0.500000,-0.000992,0.069376,-0.200000,0.000000,0.004422,0.000000,0.391156,1.000000,1.000000,0.000000,-0.000992,0.500000,0
0.000000,0.341637,1.000000,1.000000,0.000000,-0.000992,0.500000,0.110119,0.622074,-0.600000,-0.764706,0.001020,0.000000,0.397959,1.000000,1.000000,0.000000,-0.000992,0.500000,0
0.000000,0.345070,1.000000,1.000000,0.000000,-0.000992,0.500000,0.046627,0.723205,0.600000,0.568627,0.003082,0.000000,0.393836,1.000000,1.000000,0.000000,-0.000992,0.500000,0
0.000000,0.333333,1.000000,1.000000,0.000000,-0.000992,0.500000,-0.000992,0.495540,-1.000000,-0.803922,0.000664,0.000000,0.398671,1.000000,1.000000,0.000000,-0.000992,0.500000,0
0.000000,0.347518,1.000000,1.000000,0.000000,-0.000992,0.500000,0.014881,0.694864,-0.200000,0.901961,-0.007483,0.000000,0.414966,1.000000,1.000000,0.000000,-0.000992,0.500000,0
0.000000,0.380328,1.000000,1.000000,0.000000,-0.000992,0.500000,-0.000992,0.363726,-0.200000,-0.764706,-0.004797,0.000000,0.409594,1.000000,1.000000,0.000000,-0.000992,0.500000,0
0.000000,0.396610,1.000000,1.000000,0.000000,-0.000992,0.500000,-0.000992,0.435084,-1.000000,0.156863,-0.001087,0.000000,0.402174,1.000000,1.000000,0.000000,-0.000992,0.500000,0
0.000000,0.393333,1.000000,1.000000,0.000000,-0.000992,0.500000,0.110119,0.598662,-0.600000,0.901961,-0.008178,0.000000,0.416357,1.000000,1.000000,0.000000,-0.000992,0.500000,0
0.000000,0.379195,1.000000,1.000000,0.000000,-0.000992,0.500000,0.237103,0.626788,-1.000000,-0.647059,-0.008487,0.000000,0.416974,1.000000,1.000000,0.000000,-0.000992,0.500000,0
0.000000,0.388514,1.000000,1.000000,0.000000,-0.000992,0.500000,-0.000992,0.177403,-0.600000,-0.882353,0.000360,0.000000,0.399281,1.000000,1.000000,0.000000,-0.000992,0.500000,0
0.000000,0.391156,1.000000,1.000000,0.000000,-0.000992,0.500000,0.014881,0.784491,-1.000000,0.470588,-0.008178,0.000000,0.416357,1.000000,1.000000,0.000000,-0.000992,0.500000,0
0.000000,0.397959,1.000000,1.000000,0.000000,-0.000992,0.500000,-0.000992,0.478692,-0.600000,0.980392,-0.005455,0.000000,0.410909,1.000000,1.000000,0.000000,-0.000992,0.500000,0
0.000000,0.393836,1.000000,1.000000,0.000000,-0.000992,0.500000,0.046627,0.134235,-1.000000,-0.470588,-0.014552,0.000000,0.429104,1.000000,1.000000,0.000000,-0.000992,0.500000,0
0.000000,0.398671,1.000000,1.000000,0.000000,-0.000992,0.500000,0.014881,0.836858,0.200000,-1.000000,-0.005556,0.000000,0.411111,1.000000,1.000000,0.000000,-0.000992,0.500000,0
0.000000,0.414966,1.000000,1.000000,0.000000,-0.000992,0.500000,0.999008,0.000000,-1.000000,0.588235,-0.007407,0.000000,0.414815,1.000000,1.000000,0.000000,-0.000992,0.500000,0
0.000000,0.409594,1.000000,1.000000,0.000000,-0.000992,0.500000,0.491071,0.000000,-0.600000,-0.039216,0.003333,0.000000,0.393333,1.000000,1.000000,0.000000,-0.000992,0.500000,0
0.000000,0.402174,1.000000,1.000000,0.000000,-0.000992,0.500000,0.046627,0.344433,-0.600000,-0.784314,-0.002970,0.000000,0.405941,1.000000,1.000000,0.000000,-0.000992,0.500000,0
0.000000,0.416357,1.000000,1.000000,0.000000,-0.000992,0.500000,0.237103,0.589077,-1.000000,-0.098039,0.010231,0.000000,0.379538,1.000000,1.000000,0.000000,-0.000992,0.500000,0
0.000000,0.416974,1.000000,1.000000,0.000000,-0.000992,0.500000,0.237103,0.105332,0.200000,-0.431373,0.012092,0.000000,0.375817,1.000000,1.000000,0.000000,-0.000992,0.500000,0
0.000000,0.399281,1.000000,1.000000,0.000000,-0.000992,0.500000,0.014881,0.162135,-0.200000,-0.254902,0.011075,0.000000,0.377850,1.000000,1.000000,0.000000,-0.000992,0.500000,0
0.000000,0.416357,1.000000,1.000000,0.000000,-0.000992,0.500000,0.014881,0.022155,0.600000,0.725490,-0.002020,0.000000,0.404040,1.000000,1.000000,0.000000,-0.000992,0.500000,0
0.000000,0.410909,1.000000,1.000000,0.000000,-0.000992,0.500000,-0.000992,0.018831,0.200000,-0.725490,0.002013,0.000000,0.395973,1.000000,1.000000,0.000000,-0.000992,0.500000,0
0.000000,0.429104,1.000000,1.000000,0.000000,-0.000992,0.500000,0.110119,0.600892,0.600000,-0.098039,-0.004698,0.000000,0.409396,1.000000,1.000000,0.000000,-0.000992,0.500000,0
0.000000,0.411111,1.000000,1.000000,0.000000,-0.000992,0.500000,0.110119,0.516165,-0.200000,-0.470588,-0.001014,0.000000,0.402027,1.000000,1.000000,0.000000,-0.000992,0.500000,0
0.000000,0.414815,1.000000,1.000000,0.000000,-0.000992,0.500000,0.237103,0.000000,-0.600000,0.607843,0.000676,0.000000,0.398649,1.000000,1.000000,0.000000,-0.000992,0.500000,0
0.000000,0.393333,1.000000,1.000000,0.000000,-0.000992,0.500000,0.999008,0.000000,0.200000,-0.470588,0.026990,0.000000,0.346021,1.000000,1.000000,0.000000,-0.000992,0.500000,0
0.000000,0.405941,1.000000,1.000000,0.000000,-0.000992,0.500000,0.491071,0.000000,-0.600000,-1.000000,0.026389,0.000000,0.347222,1.000000,1.000000,0.000000,-0.000992,0.500000,0
0.000000,0.379538,1.000000,1.000000,0.000000,-0.000992,0.500000,0.014881,0.076536,0.600000,-0.549020,0.024138,0.000000,0.351724,1.000000,1.000000,0.000000,-0.000992,0.500000,0
0.000000,0.375817,1.000000,1.000000,0.000000,-0.000992,0.500000,0.999008,0.000000,0.600000,-0.549020,0.023427,0.000000,0.353147,1.000000,1.000000,0.000000,-0.000992,0.500000,0
0.000000,0.377850,1.000000,1.000000,0.000000,-0.000992,0.500000,0.046627,0.670135,0.200000,0.627451,0.021053,0.000000,0.357895,1.000000,1.000000,0.000000,-0.000992,0.500000,0
0.000000,0.404040,1.000000,1.000000,0.000000,-0.000992,0.500000,0.046627,0.224766,1.000000,0.254902,0.022807,0.000000,0.354386,1.000000,1.000000,0.000000,-0.000992,0.500000,0
0.000000,0.395973,1.000000,1.000000,0.000000,-0.000992,0.500000,0.237103,0.000000,1.000000,0.392157,0.019930,0.000000,0.360140,1.000000,1.000000,0.000000,-0.000992,0.500000,0
0.000000,0.409396,1.000000,1.000000,0.000000,-0.000992,0.500000,0.491071,0.000000,-0.200000,-0.078431,0.028070,0.000000,0.343860,1.000000,1.000000,0.000000,-0.000992,0.500000,0
0.000000,0.402027,1.000000,1.000000,0.000000,-0.000992,0.500000,0.491071,0.382066,0.200000,0.019608,0.029861,0.000000,0.340278,1.000000,1.000000,0.000000,-0.000992,0.500000,0
0.000000,0.398649,1.000000,1.000000,0.000000,-0.000992,0.500000,0.014881,0.380665,-1.000000,0.039216,0.028671,0.000000,0.342657,1.000000,1.000000,0.000000,-0.000992,0.500000,0
0.000000,0.346021,1.000000,1.000000,0.000000,-0.000992,0.500000,0.014881,0.550856,-1.000000,-0.921569,0.024281,0.000000,0.351438,1.000000,1.000000,0.000000,-0.000992,0.500000,0
0.000000,0.347222,1.000000,1.000000,0.000000,-0.000992,0.500000,0.014881,0.029204,1.000000,0.431373,0.018328,0.000000,0.363344,1.000000,1.000000,0.000000,-0.000992,0.500000,0
0.000000,0.351724,1.000000,1.000000,0.000000,-0.000992,0.500000,-0.000992,0.668979,-0.600000,0.431373,0.022581,0.000000,0.354839,1.000000,1.000000,0.000000,-0.000992,0.500000,0
0.000000,0.353147,1.000000,1.000000,0.000000,-0.000992,0.500000,0.014881,0.675730,0.600000,0.137255,0.016879,0.000000,0.366242,1.000000,1.000000,0.000000,-0.000992,0.500000,0
0.000000,0.357895,1.000000,1.000000,0.000000,-0.000992,0.500000,0.999008,0.000000,1.000000,-0.529412,0.023248,0.000000,0.353503,1.000000,1.000000,0.000000,-0.000992,0.500000,0
0.000000,0.354386,1.000000,1.000000,0.000000,-0.000992,0.500000,0.110119,0.678930,-0.200000,0.745098,0.023151,0.000000,0.353698,1.000000,1.000000,0.000000,-0.000992,0.500000,0
0.000000,0.360140,1.000000,1.000000,0.000000,-0.000992,0.500000,0.491071,0.000000,0.600000,-0.313725,0.014754,0.000000,0.370492,1.000000,1.000000,0.000000,-0.000992,0.500000,0
0.000000,0.343860,1.000000,1.000000,0.000000,-0.000992,0.500000,-0.000992,0.638256,1.000000,-0.568627,0.020388,0.000000,0.359223,1.000000,1.000000,0.000000,-0.000992,0.500000,0
0.000000,0.340278,1.000000,1.000000,0.000000,-0.000992,0.500000,0.999008,0.000000,0.600000,-0.058824,0.022684,0.000000,0.354633,1.000000,1.000000,0.000000,-0.000992,0.500000,0
0.000000,0.342657,1.000000,1.000000,0.000000,-0.000992,0.500000,0.491071,0.610136,-0.200000,0.352941,0.021656,0.000000,0.356688,1.000000,1.000000,0.000000,-0.000992,0.500000,0
0.000000,0.351438,1.000000,1.000000,0.000000,-0.000992,0.500000,0.014881,0.783484,-1.000000,0.019608,0.032759,0.000000,0.334483,1.000000,1.000000,0.000000,-0.000992,0.500000,0
0.000000,0.363344,1.000000,1.000000,0.000000,-0.000992,0.500000,0.014881,0.400806,-0.600000,0.352941,0.029861,0.000000,0.340278,1.000000,1.000000,0.000000,-0.000992,0.500000,0
0.000000,0.354839,1.000000,1.000000,0.000000,-0.000992,0.500000,-0.000992,0.079286,0.600000,0.549020,0.031633,0.000000,0.336735,1.000000,1.000000,0.000000,-0.000992,0.500000,0
0.000000,0.366242,1.000000,1.000000,0.000000,-0.000992,0.500000,-0.000992,0.093162,-0.200000,-0.705882,0.024042,0.000000,0.351916,1.000000,1.000000,0.000000,-0.000992,0.500000,0
0.000000,0.353503,1.000000,1.000000,0.000000,-0.000992,0.500000,0.237103,0.820546,0.600000,-0.843137,0.030450,0.000000,0.339100,1.000000,1.000000,0.000000,-0.000992,0.500000,0
0.000000,0.353698,1.000000,1.000000,0.000000,-0.000992,0.500000,0.014881,0.740181,0.600000,-0.470588,0.029861,0.000000,0.340278,1.000000,1.000000,0.000000,-0.000992,0.500000,0
0.000000,0.370492,1.000000,1.000000,0.000000,-0.000992,0.500000,0.014881,0.684794,0.200000,0.901961,0.031597,0.000000,0.336806,1.000000,1.000000,0.000000,-0.000992,0.500000,0
0.000000,0.359223,1.000000,1.000000,0.000000,-0.000992,0.500000,0.999008,0.000000,-0.600000,0.215686,0.026389,0.000000,0.347222,1.000000,1.000000,0.000000,-0.000992,0.500000,0
0.000000,0.354633,1.000000,1.000000,0.000000,-0.000992,0.500000,0.014881,0.702920,-0.600000,0.098039,0.032180,0.000000,0.335640,1.000000,1.000000,0.000000,-0.000992,0.500000,0
0.000000,0.356688,1.000000,1.000000,0.000000,-0.000992,0.500000,-0.000992,0.826561,0.600000,-0.156863,0.034459,0.000000,0.331081,1.000000,1.000000,0.000000,-0.000992,0.500000,0
0.000000,0.334483,1.000000,1.000000,0.000000,-0.000992,0.500000,0.046627,0.383975,-0.200000,0.117647,0.058065,0.000000,0.283871,1.000000,1.000000,0.000000,-0.000992,0.500000,0
0.000000,0.340278,1.000000,1.000000,0.000000,-0.000992,0.500000,0.046627,0.754422,0.200000,0.941176,0.058065,0.000000,0.283871,1.000000,1.000000,0.000000,-0.000992,0.500000,0
0.000000,0.336735,1.000000,1.000000,0.000000,-0.000992,0.500000,0.237103,0.000000,0.600000,-0.215686,0.058065,0.000000,0.283871,1.000000,1.000000,0.000000,-0.000992,0.500000,0
0.000000,0.351916,1.000000,1.000000,0.000000,-0.000992,0.500000,0.491071,0.000000,0.600000,0.254902,0.054167,0.000000,0.291667,1.000000,1.000000,0.000000,-0.000992,0.500000,0
0.000000,0.339100,1.000000,1.000000,0.000000,-0.000992,0.500000,0.999008,0.000000,-0.200000,-0.019608,0.055305,0.000000,0.289389,1.000000,1.000000,0.000000,-0.000992,0.500000,0
0.000000,0.340278,1.000000,1.000000,0.000000,-0.000992,0.500000,0.237103,0.530559,0.200000,0.568627,0.056230,0.000000,0.287540,1.000000,1.000000,0.000000,-0.000992,0.500000,0
0.000000,0.336806,1.000000,1.000000,0.000000,-0.000992,0.500000,0.237103,0.248375,0.200000,-0.705882,0.060759,0.000000,0.278481,1.000000,1.000000,0.000000,-0.000992,0.500000,0
0.000000,0.347222,1.000000,1.000000,0.000000,-0.000992,0.500000,0.491071,0.000000,-1.000000,-0.450980,0.055519,0.000000,0.288961,1.000000,1.000000,0.000000,-0.000992,0.500000,0
0.000000,0.335640,1.000000,1.000000,0.000000,-0.000992,0.500000,0.046627,0.876171,1.000000,-0.019608,0.058065,0.000000,0.283871,1.000000,1.000000,0.000000,-0.000992,0.500000,0
0.000000,0.331081,1.000000,1.000000,0.000000,-0.000992,0.500000,0.014881,0.192346,0.600000,-0.058824,0.060317,0.000000,0.279365,1.000000,1.000000,0.000000,-0.000992,0.500000,0
0.000000,0.283871,1.000000,1.000000,0.000000,-0.000992,0.500000,0.237103,0.226268,0.200000,0.313725,0.045118,0.000000,0.309764,1.000000,1.000000,0.000000,-0.000992,0.500000,0
0.000000,0.283871,1.000000,1.000000,0.000000,-0.000992,0.500000,0.110119,0.870680,-0.200000,-0.411765,0.044595,0.000000,0.310811,1.000000,1.000000,0.000000,-0.000992,0.500000,0
0.000000,0.283871,1.000000,1.000000,0.000000,-0.000992,0.500000,-0.000992,0.205154,-0.600000,-0.392157,0.044595,0.000000,0.310811,1.000000,1.000000,0.000000,-0.000992,0.500000,0
0.000000,0.291667,1.000000,1.000000,0.000000,-0.000992,0.500000,0.110119,0.324415,0.600000,0.568627,0.042282,0.000000,0.315436,1.000000,1.000000,0.000000,-0.000992,0.500000,0
0.000000,0.289389,1.000000,1.000000,0.000000,-0.000992,0.500000,0.014881,0.042296,-0.200000,-0.254902,0.041751,0.000000,0.316498,1.000000,1.000000,0.000000,-0.000992,0.500000,0
0.000000,0.287540,1.000000,1.000000,0.000000,-0.000992,0.500000,0.110119,0.283166,-0.200000,0.784314,0.042905,0.000000,0.314189,1.000000,1.000000,0.000000,-0.000992,0.500000,0
0.000000,0.278481,1.000000,1.000000,0.000000,-0.000992,0.500000,0.014881,0.697885,0.600000,-0.450980,0.033893,0.000000,0.332215,1.000000,1.000000,0.000000,-0.000992,0.500000,0
0.000000,0.288961,1.000000,1.000000,0.000000,-0.000992,0.500000,0.237103,0.000000,-0.600000,0.862745,0.040678,0.000000,0.318644,1.000000,1.000000,0.000000,-0.000992,0.500000,0
0.000000,0.283871,1.000000,1.000000,0.000000,-0.000992,0.500000,0.491071,0.937622,0.600000,-0.431373,0.038870,0.000000,0.322259,1.000000,1.000000,0.000000,-0.000992,0.500000,0
0.000000,0.279365,1.000000,1.000000,0.000000,-0.000992,0.500000,0.491071,0.664717,0.600000,-0.862745,0.042809,0.000000,0.314381,1.000000,1.000000,0.000000,-0.000992,0.500000,0
0.000000,0.309764,1.000000,1.000000,0.000000,-0.000992,0.500000,0.014881,0.105740,1.000000,0.745098,0.021767,0.000000,0.356467,1.000000,1.000000,0.000000,-0.000992,0.500000,0
0.000000,0.310811,1.000000,1.000000,0.000000,-0.000992,0.500000,0.110119,0.523969,-0.600000,-0.058824,0.022327,0.000000,0.355346,1.000000,1.000000,0.000000,-0.000992,0.500000,0
0.000000,0.310811,1.000000,1.000000,0.000000,-0.000992,0.500000,0.046627,0.224766,0.600000,0.156863,0.010726,0.000000,0.378549,1.000000,1.000000,0.000000,-0.000992,0.500000,0
0.000000,0.315436,1.000000,1.000000,0.000000,-0.000992,0.500000,0.237103,0.756827,-1.000000,0.882353,0.019620,0.000000,0.360759,1.000000,1.000000,0.000000,-0.000992,0.500000,0
0.000000,0.316498,1.000000,1.000000,0.000000,-0.000992,0.500000,0.237103,0.000000,0.200000,-0.039216,0.019048,0.000000,0.361905,1.000000,1.000000,0.000000,-0.000992,0.500000,0
0.000000,0.314189,1.000000,1.000000,0.000000,-0.000992,0.500000,0.491071,0.627680,-0.200000,0.686275,0.018612,0.000000,0.362776,1.000000,1.000000,0.000000,-0.000992,0.500000,0
0.000000,0.332215,1.000000,1.000000,0.000000,-0.000992,0.500000,0.491071,0.744639,-0.200000,-0.803922,0.019315,0.000000,0.361371,1.000000,1.000000,0.000000,-0.000992,0.500000,0
0.000000,0.318644,1.000000,1.000000,0.000000,-0.000992,0.500000,0.110119,0.808250,-1.000000,-0.019608,0.024451,0.000000,0.351097,1.000000,1.000000,0.000000,-0.000992,0.500000,0
0.000000,0.322259,1.000000,1.000000,0.000000,-0.000992,0.500000,0.237103,0.938882,1.000000,0.960784,0.020635,0.000000,0.358730,1.000000,1.000000,0.000000,-0.000992,0.500000,0
0.000000,0.314381,1.000000,1.000000,0.000000,-0.000992,0.500000,0.999008,0.000000,-1.000000,0.333333,0.021317,0.000000,0.357367,1.000000,1.000000,0.000000,-0.000992,0.500000,0
0.000000,0.356467,1.000000,1.000000,0.000000,-0.000992,0.500000,-0.000992,0.272547,-0.200000,-0.882353,0.019079,0.000000,0.361842,1.000000,1.000000,0.000000,-0.000992,0.500000,0
0.000000,0.355346,1.000000,1.000000,0.000000,-0.000992,0.500000,0.046627,0.834547,0.200000,0.784314,0.017276,0.000000,0.365449,1.000000,1.000000,0.000000,-0.000992,0.500000,0
0.000000,0.378549,1.000000,1.000000,0.000000,-0.000992,0.500000,0.491071,0.000000,-1.000000,-0.078431,0.015615,0.000000,0.368771,1.000000,1.000000,0.000000,-0.000992,0.500000,0
0.000000,0.360759,1.000000,1.000000,0.000000,-0.000992,0.500000,0.237103,0.427828,-0.200000,0.039216,0.015615,0.000000,0.368771,1.000000,1.000000,0.000000,-0.000992,0.500000,0
0.000000,0.361905,1.000000,1.000000,0.000000,-0.000992,0.500000,0.237103,0.000000,1.000000,-0.784314,0.019536,0.000000,0.360927,1.000000,1.000000,0.000000,-0.000992,0.500000,0
0.000000,0.362776,1.000000,1.000000,0.000000,-0.000992,0.500000,-0.000992,0.124876,-0.200000,0.254902,0.017276,0.000000,0.365449,1.000000,1.000000,0.000000,-0.000992,0.500000,0
0.000000,0.361371,1.000000,1.000000,0.000000,-0.000992,0.500000,0.046627,0.170656,0.600000,-0.705882,0.019398,0.000000,0.361204,1.000000,1.000000,0.000000,-0.000992,0.500000,0
0.000000,0.351097,1.000000,1.000000,0.000000,-0.000992,0.500000,0.237103,0.135241,-1.000000,0.705882,0.020000,0.000000,0.360000,1.000000,1.000000,0.000000,-0.000992,0.500000,0
0.000000,0.358730,1.000000,1.000000,0.000000,-0.000992,0.500000,0.999008,0.000000,-0.600000,-0.470588,0.019672,0.000000,0.360656,1.000000,1.000000,0.000000,-0.000992,0.500000,0
0.000000,0.357367,1.000000,1.000000,0.000000,-0.000992,0.500000,0.046627,0.092612,0.600000,-0.431373,0.022951,0.000000,0.354098,1.000000,1.000000,0.000000,-0.000992,0.500000,0
0.000000,0.361842,1.000000,1.000000,0.000000,-0.000992,0.500000,0.046627,0.000000,1.000000,-0.980392,0.049544,0.000000,0.300912,1.000000,1.000000,0.000000,-0.000992,0.500000,0
0.000000,0.365449,1.000000,1.000000,0.000000,-0.000992,0.500000,-0.000992,0.514371,-0.200000,0.862745,0.048160,0.000000,0.303681,1.000000,1.000000,0.000000,-0.000992,0.500000,0
0.000000,0.368771,1.000000,1.000000,0.000000,-0.000992,0.500000,0.110119,0.000000,-0.200000,0.882353,0.048160,0.000000,0.303681,1.000000,1.000000,0.000000,-0.000992,0.500000,0
0.000000,0.368771,1.000000,1.000000,0.000000,-0.000992,0.500000,0.110119,0.157191,0.600000,-0.039216,0.047892,0.000000,0.304217,1.000000,1.000000,0.000000,-0.000992,0.500000,0
0.000000,0.360927,1.000000,1.000000,0.000000,-0.000992,0.500000,-0.000992,0.639247,1.000000,0.156863,0.050000,0.000000,0.300000,1.000000,1.000000,0.000000,-0.000992,0.500000,0
0.000000,0.365449,1.000000,1.000000,0.000000,-0.000992,0.500000,0.046627,0.123829,0.200000,-0.411765,0.044136,0.000000,0.311728,1.000000,1.000000,0.000000,-0.000992,0.500000,0
0.000000,0.361204,1.000000,1.000000,0.000000,-0.000992,0.500000,0.237103,0.712614,-0.200000,0.352941,0.046626,0.000000,0.306748,1.000000,1.000000,0.000000,-0.000992,0.500000,0
0.000000,0.360000,1.000000,1.000000,0.000000,-0.000992,0.500000,0.999008,0.000000,0.200000,0.392157,0.046970,0.000000,0.306061,1.000000,1.000000,0.000000,-0.000992,0.500000,0
0.000000,0.360656,1.000000,1.000000,0.000000,-0.000992,0.500000,0.999008,0.000000,-0.200000,0.921569,0.047561,0.000000,0.304878,1.000000,1.000000,0.000000,-0.000992,0.500000,0
0.000000,0.354098,1.000000,1.000000,0.000000,-0.000992,0.500000,0.110119,0.303233,0.200000,-0.764706,0.048624,0.000000,0.302752,1.000000,1.000000,0.000000,-0.000992,0.500000,0
0.000000,0.300912,1.000000,1.000000,0.000000,-0.000992,0.500000,-0.000992,0.867195,-0.200000,0.274510,0.041424,0.000000,0.317152,1.000000,1.000000,0.000000,-0.000992,0.500000,0
0.000000,0.303681,1.000000,1.000000,0.000000,-0.000992,0.500000,0.999008,0.000000,-0.600000,-0.411765,0.036634,0.000000,0.326733,1.000000,1.000000,0.000000,-0.000992,0.500000,0
0.000000,0.303681,1.000000,1.000000,0.000000,-0.000992,0.500000,0.491071,0.000000,0.600000,-0.470588,0.037748,0.000000,0.324503,1.000000,1.000000,0.000000,-0.000992,0.500000,0
0.000000,0.304217,1.000000,1.000000,0.000000,-0.000992,0.500000,0.237103,0.000000,0.600000,-0.882353,0.028383,0.000000,0.343234,1.000000,1.000000,0.000000,-0.000992,0.500000,0
0.000000,0.300000,1.000000,1.000000,0.000000,-0.000992,0.500000,0.014881,0.296073,0.200000,0.647059,0.036634,0.000000,0.326733,1.000000,1.000000,0.000000,-0.000992,0.500000,0
0.000000,0.311728,1.000000,1.000000,0.000000,-0.000992,0.500000,0.237103,0.403121,-0.600000,-0.725490,0.030565,0.000000,0.338870,1.000000,1.000000,0.000000,-0.000992,0.500000,0
0.000000,0.306748,1.000000,1.000000,0.000000,-0.000992,0.500000,0.237103,0.750325,-0.200000,-1.000000,0.036066,0.000000,0.327869,1.000000,1.000000,0.000000,-0.000992,0.500000,0
0.000000,0.306061,1.000000,1.000000,0.000000,-0.000992,0.500000,0.014881,0.617321,0.600000,0.392157,0.033887,0.000000,0.332226,1.000000,1.000000,0.000000,-0.000992,0.500000,0
0.000000,0.304878,1.000000,1.000000,0.000000,-0.000992,0.500000,0.046627,0.177940,-0.200000,0.372549,0.031667,0.000000,0.336667,1.000000,1.000000,0.000000,-0.000992,0.500000,0
0.000000,0.302752,1.000000,1.000000,0.000000,-0.000992,0.500000,-0.000992,0.280476,0.600000,-0.666667,0.037134,0.000000,0.325733,1.000000,1.000000,0.000000,-0.000992,0.500000,0
0.000000,0.317152,1.000000,1.000000,0.000000,-0.000992,0.500000,0.237103,0.579974,1.000000,-0.490196,0.054790,0.000000,0.290419,1.000000,1.000000,0.000000,-0.000992,0.500000,0
0.000000,0.326733,1.000000,1.000000,0.000000,-0.000992,0.500000,0.491071,0.000000,1.000000,0.784314,0.050153,0.000000,0.299694,1.000000,1.000000,0.000000,-0.000992,0.500000,0
0.000000,0.324503,1.000000,1.000000,0.000000,-0.000992,0.500000,0.014881,0.753273,-0.200000,0.313725,0.051227,0.000000,0.297546,1.000000,1.000000,0.000000,-0.000992,0.500000,0
0.000000,0.343234,1.000000,1.000000,0.000000,-0.000992,0.500000,0.491071,0.538012,-0.200000,0.352941,0.048624,0.000000,0.302752,1.000000,1.000000,0.000000,-0.000992,0.500000,0
0.000000,0.326733,1.000000,1.000000,0.000000,-0.000992,0.500000,0.110119,0.000000,0.200000,0.294118,0.051682,0.000000,0.296636,1.000000,1.000000,0.000000,-0.000992,0.500000,0
0.000000,0.338870,1.000000,1.000000,0.000000,-0.000992,0.500000,0.999008,0.000000,-1.000000,-0.862745,0.043077,0.000000,0.313846,1.000000,1.000000,0.000000,-0.000992,0.500000,0
0.000000,0.327869,1.000000,1.000000,0.000000,-0.000992,0.500000,0.046627,0.475546,-0.200000,0.529412,0.044037,0.000000,0.311927,1.000000,1.000000,0.000000,-0.000992,0.500000,0
0.000000,0.332226,1.000000,1.000000,0.000000,-0.000992,0.500000,0.110119,0.348941,-0.600000,-0.235294,0.052853,0.000000,0.294294,1.000000,1.000000,0.000000,-0.000992,0.500000,0
0.000000,0.336667,1.000000,1.000000,0.000000,-0.000992,0.500000,0.046627,0.249740,-0.200000,0.078431,0.049693,0.000000,0.300613,1.000000,1.000000,0.000000,-0.000992,0.500000,0
0.000000,0.325733,1.000000,1.000000,0.000000,-0.000992,0.500000,0.237103,0.330299,-0.600000,-0.215686,0.050610,0.000000,0.298780,1.000000,1.000000,0.000000,-0.000992,0.500000,0
0.000000,0.290419,1.000000,1.000000,0.000000,-0.000992,0.500000,0.046627,0.269511,-0.600000,-0.745098,0.060656,0.000000,0.278689,1.000000,1.000000,0.000000,-0.000992,0.500000,0
0.000000,0.299694,1.000000,1.000000,0.000000,-0.000992,0.500000,0.014881,0.615307,-0.600000,-0.568627,0.057377,0.000000,0.285246,1.000000,1.000000,0.000000,-0.000992,0.500000,0
0.000000,0.297546,1.000000,1.000000,0.000000,-0.000992,0.500000,0.110119,0.000000,-1.000000,-0.627451,0.061842,0.000000,0.276316,1.000000,1.000000,0.000000,-0.000992,0.500000,0
0.000000,0.302752,1.000000,1.000000,0.000000,-0.000992,0.500000,0.046627,0.371488,-0.600000,-0.490196,0.060656,0.000000,0.278689,1.000000,1.000000,0.000000,-0.000992,0.500000,0
0.000000,0.296636,1.000000,1.000000,0.000000,-0.000992,0.500000,0.046627,0.550468,0.600000,-0.313725,0.058804,0.000000,0.282392,1.000000,1.000000,0.000000,-0.000992,0.500000,0
0.000000,0.313846,1.000000,1.000000,0.000000,-0.000992,0.500000,0.491071,0.364522,1.000000,0.843137,0.058086,0.000000,0.283828,1.000000,1.000000,0.000000,-0.000992,0.500000,0
0.000000,0.311927,1.000000,1.000000,0.000000,-0.000992,0.500000,0.110119,0.662207,0.600000,-0.098039,0.061842,0.000000,0.276316,1.000000,1.000000,0.000000,-0.000992,0.500000,0
0.000000,0.294294,1.000000,1.000000,0.000000,-0.000992,0.500000,0.999008,0.000000,-0.600000,0.411765,0.048534,0.000000,0.302932,1.000000,1.000000,0.000000,-0.000992,0.500000,0
0.000000,0.300613,1.000000,1.000000,0.000000,-0.000992,0.500000,0.491071,0.000000,0.200000,-0.960784,0.061564,0.000000,0.276873,1.000000,1.000000,0.000000,-0.000992,0.500000,0
0.000000,0.298780,1.000000,1.000000,0.000000,-0.000992,0.500000,0.110119,0.593088,1.000000,-0.549020,0.059736,0.000000,0.280528,1.000000,1.000000,0.000000,-0.000992,0.500000,0
0.000000,0.278689,1.000000,1.000000,0.000000,-0.000992,0.500000,0.110119,0.811594,-0.600000,-0.509804,0.053116,0.000000,0.293769,1.000000,1.000000,0.000000,-0.000992,0.500000,0
0.000000,0.285246,1.000000,1.000000,0.000000,-0.000992,0.500000,0.999008,0.000000,0.200000,-0.784314,0.050592,0.000000,0.298817,1.000000,1.000000,0.000000,-0.000992,0.500000,0
0.000000,0.276316,1.000000,1.000000,0.000000,-0.000992,0.500000,0.237103,0.758127,0.600000,0.627451,0.050592,0.000000,0.298817,1.000000,1.000000,0.000000,-0.000992,0.500000,0
0.000000,0.278689,1.000000,1.000000,0.000000,-0.000992,0.500000,0.110119,0.738016,0.600000,0.352941,0.052239,0.000000,0.295522,1.000000,1.000000,0.000000,-0.000992,0.500000,0
0.000000,0.282392,1.000000,1.000000,0.000000,-0.000992,0.500000,0.014881,0.605237,1.000000,0.784314,0.055030,0.000000,0.289941,1.000000,1.000000,0.000000,-0.000992,0.500000,0
0.000000,0.283828,1.000000,1.000000,0.000000,-0.000992,0.500000,0.046627,0.320499,0.200000,0.901961,0.050299,0.000000,0.299401,1.000000,1.000000,0.000000,-0.000992,0.500000,0
0.000000,0.276316,1.000000,1.000000,0.000000,-0.000992,0.500000,-0.000992,0.802775,-1.000000,0.901961,0.043284,0.000000,0.313433,1.000000,1.000000,0.000000,-0.000992,0.500000,0
0.000000,0.302932,1.000000,1.000000,0.000000,-0.000992,0.500000,0.999008,0.000000,-0.200000,-0.333333,0.048214,0.000000,0.303571,1.000000,1.000000,0.000000,-0.000992,0.500000,0
0.000000,0.276873,1.000000,1.000000,0.000000,-0.000992,0.500000,0.237103,0.925878,-1.000000,0.019608,0.057143,0.000000,0.285714,1.000000,1.000000,0.000000,-0.000992,0.500000,0
0.000000,0.280528,1.000000,1.000000,0.000000,-0.000992,0.500000,0.491071,0.000000,0.600000,0.313725,0.056725,0.000000,0.286550,1.000000,1.000000,0.000000,-0.000992,0.500000,0
0.000000,0.293769,1.000000,1.000000,0.000000,-0.000992,0.500000,0.237103,0.684005,-0.200000,0.666667,0.049835,0.000000,0.300330,1.000000,1.000000,0.000000,-0.000992,0.500000,0
0.000000,0.298817,1.000000,1.000000,0.000000,-0.000992,0.500000,0.110119,0.237458,-0.200000,-0.627451,0.051485,0.000000,0.297030,1.000000,1.000000,0.000000,-0.000992,0.500000,0
0.000000,0.298817,1.000000,1.000000,0.000000,-0.000992,0.500000,0.999008,0.000000,-1.000000,-1.000000,0.049026,0.000000,0.301948,1.000000,1.000000,0.000000,-0.000992,0.500000,0
0.000000,0.295522,1.000000,1.000000,0.000000,-0.000992,0.500000,0.491071,0.000000,-0.600000,-0.019608,0.055987,0.000000,0.288026,1.000000,1.000000,0.000000,-0.000992,0.500000,0
0.000000,0.289941,1.000000,1.000000,0.000000,-0.000992,0.500000,-0.000992,0.765114,-0.600000,0.764706,0.053135,0.000000,0.293729,1.000000,1.000000,0.000000,-0.000992,0.500000,0
0.000000,0.299401,1.000000,1.000000,0.000000,-0.000992,0.500000,0.110119,0.234114,-1.000000,0.607843,0.051485,0.000000,0.297030,1.000000,1.000000,0.000000,-0.000992,0.500000,0
0.000000,0.313433,1.000000,1.000000,0.000000,-0.000992,0.500000,0.237103,0.695709,0.200000,0.352941,0.053135,0.000000,0.293729,1.000000,1.000000,0.000000,-0.000992,0.500000,0
0.000000,0.303571,1.000000,1.000000,0.000000,-0.000992,0.500000,0.491071,0.116959,-1.000000,-0.921569,0.053896,0.000000,0.292208,1.000000,1.000000,0.000000,-0.000992,0.500000,0
0.000000,0.285714,1.000000,1.000000,0.000000,-0.000992,0.500000,0.491071,0.000000,-0.600000,0.980392,0.044262,0.000000,0.311475,1.000000,1.000000,0.000000,-0.000992,0.500000,0
0.000000,0.286550,1.000000,1.000000,0.000000,-0.000992,0.500000,0.999008,0.000000,0.200000,-0.137255,0.051792,0.000000,0.296417,1.000000,1.000000,0.000000,-0.000992,0.500000,0
0.000000,0.300330,1.000000,1.000000,0.000000,-0.000992,0.500000,0.110119,0.338907,1.000000,0.392157,0.039763,0.000000,0.320475,1.000000,1.000000,0.000000,-0.000992,0.500000,0
0.000000,0.297030,1.000000,1.000000,0.000000,-0.000992,0.500000,0.237103,0.384915,-1.000000,0.627451,0.040237,0.000000,0.319527,1.000000,1.000000,0.000000,-0.000992,0.500000,0
0.000000,0.301948,1.000000,1.000000,0.000000,-0.000992,0.500000,-0.000992,0.275520,0.200000,0.647059,0.042939,0.000000,0.314121,1.000000,1.000000,0.000000,-0.000992,0.500000,0
0.000000,0.288026,1.000000,1.000000,0.000000,-0.000992,0.500000,0.046627,0.807492,1.000000,-0.725490,0.041176,0.000000,0.317647,1.000000,1.000000,0.000000,-0.000992,0.500000,0
0.000000,0.293729,1.000000,1.000000,0.000000,-0.000992,0.500000,-0.000992,0.017839,1.000000,0.058824,0.041716,0.000000,0.316568,1.000000,1.000000,0.000000,-0.000992,0.500000,0
0.000000,0.297030,1.000000,1.000000,0.000000,-0.000992,0.500000,0.110119,0.278707,-0.600000,0.352941,0.037313,0.000000,0.325373,1.000000,1.000000,0.000000,-0.000992,0.500000,0
0.000000,0.293729,1.000000,1.000000,0.000000,-0.000992,0.500000,-0.000992,0.156591,-0.600000,0.882353,0.039286,0.000000,0.321429,1.000000,1.000000,0.000000,-0.000992,0.500000,0
0.000000,0.292208,1.000000,1.000000,0.000000,-0.000992,0.500000,0.110119,0.321070,-1.000000,-0.176471,0.037758,0.000000,0.324484,1.000000,1.000000,0.000000,-0.000992,0.500000,0
0.000000,0.311475,1.000000,1.000000,0.000000,-0.000992,0.500000,-0.000992,0.301288,0.600000,-0.058824,0.042566,0.000000,0.314869,1.000000,1.000000,0.000000,-0.000992,0.500000,0
0.000000,0.296417,1.000000,1.000000,0.000000,-0.000992,0.500000,0.491071,0.060429,-1.000000,0.549020,0.042647,0.000000,0.314706,1.000000,1.000000,0.000000,-0.000992,0.500000,0
0.000000,0.320475,1.000000,1.000000,0.000000,-0.000992,0.500000,0.110119,0.000000,0.600000,-0.549020,0.041195,0.000000,0.317610,1.000000,1.000000,0.000000,-0.000992,0.500000,0
0.000000,0.319527,1.000000,1.000000,0.000000,-0.000992,0.500000,-0.000992,0.880079,-0.200000,-0.117647,0.041195,0.000000,0.317610,1.000000,1.000000,0.000000,-0.000992,0.500000,0
0.000000,0.314121,1.000000,1.000000,0.000000,-0.000992,0.500000,0.491071,0.764133,-0.200000,0.313725,0.038558,0.000000,0.322884,1.000000,1.000000,0.000000,-0.000992,0.500000,0
0.000000,0.317647,1.000000,1.000000,0.000000,-0.000992,0.500000,0.014881,0.760322,0.200000,0.725490,0.039117,0.000000,0.321767,1.000000,1.000000,0.000000,-0.000992,0.500000,0
0.000000,0.316568,1.000000,1.000000,0.000000,-0.000992,0.500000,0.999008,0.000000,-0.600000,0.666667,0.036957,0.004000,0.326087,1.000000,1.000000,0.002000,-0.000992,0.500000,0
0.000000,0.325373,1.000000,1.000000,0.000000,-0.000992,0.500000,-0.000992,0.898910,-0.600000,-0.156863,0.039564,0.000000,0.320872,1.000000,1.000000,0.000000,-0.000992,0.500000,0
0.000000,0.321429,1.000000,1.000000,0.000000,-0.000992,0.500000,0.110119,0.685619,-0.600000,0.156863,0.041693,0.000000,0.316614,1.000000,1.000000,0.000000,-0.000992,0.500000,0
0.000000,0.324484,1.000000,1.000000,0.000000,-0.000992,0.500000,0.999008,0.000000,-0.200000,-0.411765,0.035423,0.000000,0.329154,1.000000,1.000000,0.000000,-0.000992,0.500000,0
0.000000,0.314869,1.000000,1.000000,0.000000,-0.000992,0.500000,0.110119,0.575251,-0.600000,-0.254902,0.041195,0.000000,0.317610,1.000000,1.000000,0.000000,-0.000992,0.500000,0
0.000000,0.314706,1.000000,1.000000,0.000000,-0.000992,0.500000,0.046627,0.544225,0.200000,0.411765,0.040694,0.000000,0.318612,1.000000,1.000000,0.000000,-0.000992,0.500000,0
0.000000,0.317610,1.000000,1.000000,0.000000,-0.000992,0.500000,0.999008,0.000000,1.000000,0.607843,0.097554,0.004000,0.204893,1.000000,1.000000,0.002000,-0.000992,0.500000,0
0.000000,0.317610,1.000000,1.000000,0.000000,-0.000992,0.500000,0.110119,0.688963,0.200000,0.196078,0.098148,0.000000,0.203704,1.000000,1.000000,0.000000,-0.000992,0.500000,0
0.000000,0.322884,1.000000,1.000000,0.000000,-0.000992,0.500000,0.999008,0.000000,0.200000,0.235294,0.096657,0.004000,0.206687,1.000000,1.000000,0.002000,-0.000992,0.500000,0
0.000000,0.321767,1.000000,1.000000,0.000000,-0.000992,0.500000,0.046627,0.767950,0.200000,-0.352941,0.102174,0.000000,0.195652,1.000000,0.978261,0.000000,-0.000992,0.500000,0
0.004000,0.326087,1.000000,1.000000,0.002000,-0.000992,0.500000,0.237103,0.988296,0.600000,-0.313725,0.099687,0.000000,0.200627,1.000000,1.000000,0.000000,-0.000992,0.500000,0
0.000000,0.320872,1.000000,1.000000,0.000000,-0.000992,0.500000,0.999008,0.000000,-0.600000,0.568627,0.093750,0.000000,0.212500,1.000000,1.000000,0.000000,-0.000992,0.500000,0
0.000000,0.316614,1.000000,1.000000,0.000000,-0.000992,0.500000,0.110119,0.324415,0.600000,0.450980,0.101254,0.000000,0.197492,1.000000,0.987461,0.000000,-0.000992,0.500000,0
0.000000,0.329154,1.000000,1.000000,0.000000,-0.000992,0.500000,0.999008,0.000000,-1.000000,0.274510,0.098773,0.008000,0.202454,1.000000,1.000000,0.004000,-0.000992,0.500000,0
0.000000,0.317610,1.000000,1.000000,0.000000,-0.000992,0.500000,0.491071,0.000000,1.000000,-0.882353,0.104478,0.004000,0.191045,1.000000,0.955224,0.002000,-0.000992,0.500000,0
0.000000,0.318612,1.000000,1.000000,0.000000,-0.000992,0.500000,0.110119,0.000000,-1.000000,0.705882,0.094984,0.000000,0.210031,1.000000,1.000000,0.000000,-0.000992,0.500000,0
0.004000,0.204893,1.000000,1.000000,0.002000,-0.000992,0.500000,0.110119,0.914158,1.000000,0.607843,0.081818,0.000000,0.236364,1.000000,1.000000,0.000000,-0.000992,0.500000,0
0.000000,0.203704,1.000000,1.000000,0.000000,-0.000992,0.500000,0.491071,0.000000,-0.200000,0.274510,0.075380,0.000000,0.249240,1.000000,1.000000,0.000000,-0.000992,0.500000,0
0.004000,0.206687,1.000000,1.000000,0.002000,-0.000992,0.500000,0.046627,0.276795,-1.000000,0.647059,0.080368,0.000000,0.239264,1.000000,1.000000,0.000000,-0.000992,0.500000,0
0.000000,0.195652,1.000000,0.978261,0.000000,-0.000992,0.500000,0.014881,0.223565,0.200000,0.019608,0.079573,0.000000,0.240854,1.000000,1.000000,0.000000,-0.000992,0.500000,0
0.000000,0.200627,1.000000,1.000000,0.000000,-0.000992,0.500000,0.046627,0.309053,-1.000000,0.039216,0.076524,0.000000,0.246951,1.000000,1.000000,0.000000,-0.000992,0.500000,0
0.000000,0.212500,1.000000,1.000000,0.000000,-0.000992,0.500000,0.999008,0.000000,-0.200000,-0.470588,0.073112,0.004000,0.253776,1.000000,1.000000,0.002000,-0.000992,0.500000,0
0.000000,0.197492,1.000000,0.987461,0.000000,-0.000992,0.500000,0.046627,0.118626,1.000000,-0.392157,0.076133,0.000000,0.247734,1.000000,1.000000,0.000000,-0.000992,0.500000,0
0.008000,0.202454,1.000000,1.000000,0.004000,-0.000992,0.500000,0.999008,0.000000,1.000000,0.607843,0.075000,0.004000,0.250000,1.000000,1.000000,0.002000,-0.000992,0.500000,0
0.004000,0.191045,1.000000,0.955224,0.002000,-0.000992,0.500000,0.046627,0.402706,-0.200000,0.490196,0.076923,0.000000,0.246154,1.000000,1.000000,0.000000,-0.000992,0.500000,0
0.000000,0.210031,1.000000,1.000000,0.000000,-0.000992,0.500000,0.999008,0.000000,-0.200000,0.862745,0.081381,0.000000,0.237237,1.000000,1.000000,0.000000,-0.000992,0.500000,0
0.000000,0.236364,1.000000,1.000000,0.000000,-0.000992,0.500000,-0.000992,0.872151,0.600000,-0.784314,0.059649,0.000000,0.280702,1.000000,1.000000,0.000000,-0.000992,0.500000,0
0.000000,0.249240,1.000000,1.000000,0.000000,-0.000992,0.500000,0.014881,0.000000,0.600000,0.352941,0.057771,0.000000,0.284457,1.000000,1.000000,0.000000,0.014881,0.500000,0
0.000000,0.239264,1.000000,1.000000,0.000000,-0.000992,0.500000,0.046627,0.020812,0.200000,0.666667,0.053801,0.000000,0.292398,1.000000,1.000000,0.000000,0.046627,0.500000,0
0.000000,0.240854,1.000000,1.000000,0.000000,-0.000992,0.500000,0.491071,0.265107,-0.600000,-0.235294,0.059599,0.000000,0.280802,1.000000,1.000000,0.000000,0.491071,0.500000,0
0.000000,0.246951,1.000000,1.000000,0.000000,-0.000992,0.500000,0.237103,0.070221,0.600000,-0.156863,0.059238,0.000000,0.281525,1.000000,1.000000,0.000000,0.237103,0.500000,0
0.004000,0.253776,1.000000,1.000000,0.002000,-0.000992,0.500000,0.110119,0.909699,-1.000000,-0.745098,0.052174,0.004000,0.295652,1.000000,1.000000,0.002000,0.110119,0.500000,0
0.000000,0.247734,1.000000,1.000000,0.000000,-0.000992,0.500000,0.491071,0.000000,-0.600000,0.882353,0.053801,0.004000,0.292398,1.000000,1.000000,0.002000,0.491071,0.500000,0
0.004000,0.250000,1.000000,1.000000,0.002000,-0.000992,0.500000,-0.000992,0.380575,-0.200000,0.294118,0.057353,0.000000,0.285294,1.000000,1.000000,0.000000,-0.000992,0.500000,0
0.000000,0.246154,1.000000,1.000000,0.000000,-0.000992,0.500000,0.491071,0.787524,-0.200000,-0.372549,0.055263,0.000000,0.289474,1.000000,1.000000,0.000000,0.491071,0.500000,0
0.000000,0.237237,1.000000,1.000000,0.000000,-0.000992,0.500000,0.237103,0.646294,-0.200000,0.843137,0.057771,0.000000,0.284457,1.000000,1.000000,0.000000,0.237103,0.500000,0
0.000000,0.280702,1.000000,1.000000,0.000000,-0.000992,0.500000,0.046627,0.365245,0.600000,-0.372549,0.012044,0.000000,0.375912,1.000000,1.000000,0.000000,0.046627,0.500000,0
0.000000,0.284457,1.000000,1.000000,0.000000,0.014881,0.500000,-0.000992,0.830525,0.600000,0.764706,0.011355,0.000000,0.377289,1.000000,1.000000,0.000000,-0.000992,0.500000,0
0.000000,0.292398,1.000000,1.000000,0.000000,0.046627,0.500000,0.491071,0.586745,0.200000,-0.784314,0.013406,0.000000,0.373188,1.000000,1.000000,0.000000,0.491071,0.500000,0
0.000000,0.280802,1.000000,1.000000,0.000000,0.491071,0.500000,0.491071,0.984405,-0.200000,0.254902,0.013620,0.000000,0.372760,1.000000,1.000000,0.000000,0.491071,0.500000,0
0.000000,0.281525,1.000000,1.000000,0.000000,0.237103,0.500000,0.046627,0.143600,-1.000000,0.823529,-0.002602,0.000000,0.405204,1.000000,1.000000,0.000000,0.046627,0.500000,0
0.004000,0.295652,1.000000,1.000000,0.002000,0.110119,0.500000,0.999008,0.000000,0.600000,0.745098,0.000000,0.000000,0.400000,1.000000,1.000000,0.000000,0.999008,0.500000,0
0.004000,0.292398,1.000000,1.000000,0.002000,0.491071,0.500000,0.999008,0.000000,0.200000,0.862745,0.001818,0.000000,0.396364,1.000000,1.000000,0.000000,0.999008,0.500000,0
0.000000,0.285294,1.000000,1.000000,0.000000,-0.000992,0.500000,0.237103,0.000000,1.000000,0.803922,0.005147,0.000000,0.389706,1.000000,1.000000,0.000000,0.237103,0.500000,0
0.000000,0.289474,1.000000,1.000000,0.000000,0.491071,0.500000,-0.000992,0.787909,1.000000,0.745098,0.004104,0.000000,0.391791,1.000000,1.000000,0.000000,-0.000992,0.500000,0
0.000000,0.284457,1.000000,1.000000,0.000000,0.237103,0.500000,0.999008,0.000000,-1.000000,-0.352941,0.010469,0.004000,0.379061,1.000000,1.000000,0.002000,0.999008,0.500000,0
0.000000,0.375912,1.000000,1.000000,0.000000,0.046627,0.500000,0.491071,0.000000,0.600000,0.176471,0.002970,0.000000,0.392739,0.996700,1.000000,0.000000,0.491071,0.500000,0
0.000000,0.377289,1.000000,1.000000,0.000000,-0.000992,0.500000,0.046627,0.932362,1.000000,-0.784314,0.000334,0.000000,0.397993,0.996656,1.000000,0.000000,0.046627,0.500000,0
0.000000,0.373188,1.000000,1.000000,0.000000,0.491071,0.500000,0.237103,0.000000,0.200000,0.000000,0.003333,0.004000,0.393333,1.000000,1.000000,0.002000,0.237103,0.500000,0
0.000000,0.372760,1.000000,1.000000,0.000000,0.491071,0.500000,0.046627,0.877211,-1.000000,-0.549020,-0.001338,0.000000,0.401338,0.996656,1.000000,0.000000,0.046627,0.500000,0
0.000000,0.405204,1.000000,1.000000,0.000000,0.046627,0.500000,0.014881,0.734139,-0.600000,-0.901961,0.002623,0.000000,0.393443,0.996721,1.000000,0.000000,0.014881,0.500000,0
0.000000,0.400000,1.000000,1.000000,0.000000,0.999008,0.500000,0.491071,0.000000,0.600000,0.156863,-0.005369,0.000000,0.409396,0.996644,1.000000,0.000000,0.491071,0.500000,0
0.000000,0.396364,1.000000,1.000000,0.000000,0.999008,0.500000,-0.000992,0.593657,-1.000000,0.745098,-0.002013,0.000000,0.402685,0.996644,1.000000,0.000000,-0.000992,0.500000,0
0.000000,0.389706,1.000000,1.000000,0.000000,0.237103,0.500000,0.110119,0.103679,-1.000000,0.019608,-0.002694,0.000000,0.404040,0.996633,1.000000,0.000000,0.110119,0.500000,0
0.000000,0.391791,1.000000,1.000000,0.000000,-0.000992,0.500000,-0.000992,0.343905,1.000000,-0.647059,-0.002013,0.000000,0.402685,0.996644,1.000000,0.000000,-0.000992,0.500000,0
0.004000,0.379061,1.000000,1.000000,0.002000,0.999008,0.500000,-0.000992,0.450942,-0.600000,-0.294118,-0.003061,0.000000,0.404762,0.996599,1.000000,0.000000,-0.000992,0.500000,0
0.000000,0.392739,0.996700,1.000000,0.000000,0.491071,0.500000,-0.000992,0.105055,-0.600000,0.313725,0.017029,0.000000,0.365942,1.000000,1.000000,0.000000,-0.000992,0.500000,0
0.000000,0.397993,0.996656,1.000000,0.000000,0.046627,0.500000,0.999008,0.000000,-1.000000,-0.823529,0.010219,0.000000,0.379562,1.000000,1.000000,0.000000,0.999008,0.500000,0
0.004000,0.393333,1.000000,1.000000,0.002000,0.237103,0.500000,0.237103,0.390117,0.600000,0.941176,0.013187,0.000000,0.373626,1.000000,1.000000,0.000000,0.237103,0.500000,0
0.000000,0.401338,0.996656,1.000000,0.000000,0.046627,0.500000,0.237103,0.000000,0.200000,-0.960784,0.017857,0.000000,0.364286,1.000000,1.000000,0.000000,0.237103,0.500000,0
0.000000,0.393443,0.996721,1.000000,0.000000,0.014881,0.500000,0.491071,0.187135,0.600000,-0.470588,0.009524,0.000000,0.380952,1.000000,1.000000,0.000000,0.491071,0.500000,0
0.000000,0.409396,0.996644,1.000000,0.000000,0.491071,0.500000,0.110119,0.326644,1.000000,-0.333333,0.013187,0.000000,0.373626,1.000000,1.000000,0.000000,0.110119,0.500000,0
0.000000,0.402685,0.996644,1.000000,0.000000,-0.000992,0.500000,0.999008,0.000000,-0.200000,-1.000000,0.014286,0.000000,0.371429,1.000000,1.000000,0.000000,0.999008,0.500000,0
0.000000,0.404040,0.996633,1.000000,0.000000,0.110119,0.500000,0.237103,0.602081,-0.600000,0.843137,0.015018,0.000000,0.369963,1.000000,1.000000,0.000000,0.237103,0.500000,0
0.000000,0.402685,0.996644,1.000000,0.000000,-0.000992,0.500000,0.046627,0.865765,-0.600000,-0.666667,0.013869,0.000000,0.372263,1.000000,1.000000,0.000000,0.046627,0.500000,0
0.000000,0.404762,0.996599,1.000000,0.000000,-0.000992,0.500000,0.014881,0.704935,-0.200000,0.490196,0.015018,0.000000,0.369963,1.000000,1.000000,0.000000,0.014881,0.500000,0
0.000000,0.365942,1.000000,1.000000,0.000000,-0.000992,0.500000,0.999008,0.000000,0.600000,-0.137255,0.018182,0.004000,0.363636,1.000000,1.000000,0.002000,0.999008,0.500000,0
0.000000,0.379562,1.000000,1.000000,0.000000,0.999008,0.500000,0.046627,0.809573,1.000000,-0.764706,0.013333,0.000000,0.373333,1.000000,1.000000,0.000000,0.046627,0.500000,0
0.000000,0.373626,1.000000,1.000000,0.000000,0.237103,0.500000,-0.000992,0.818632,-1.000000,-0.254902,0.015000,0.000000,0.370000,1.000000,1.000000,0.000000,-0.000992,0.500000,0
0.000000,0.364286,1.000000,1.000000,0.000000,0.237103,0.500000,0.014881,0.490433,-0.200000,0.019608,0.011448,0.000000,0.377104,1.000000,1.000000,0.000000,0.014881,0.500000,0
0.000000,0.380952,1.000000,1.000000,0.000000,0.491071,0.500000,0.110119,0.800446,0.600000,-0.137255,0.011667,0.000000,0.376667,1.000000,1.000000,0.000000,0.110119,0.500000,0
0.000000,0.373626,1.000000,1.000000,0.000000,0.110119,0.500000,0.014881,0.666667,-0.200000,0.921569,0.011037,0.000000,0.377926,1.000000,1.000000,0.000000,0.014881,0.500000,0
0.000000,0.371429,1.000000,1.000000,0.000000,0.999008,0.500000,0.046627,0.301769,-0.200000,-0.745098,0.013758,0.000000,0.372483,1.000000,1.000000,0.000000,0.046627,0.500000,0
0.000000,0.369963,1.000000,1.000000,0.000000,0.237103,0.500000,0.999008,0.000000,-1.000000,0.352941,0.006020,0.000000,0.387960,1.000000,1.000000,0.000000,0.999008,0.500000,0
0.000000,0.372263,1.000000,1.000000,0.000000,0.046627,0.500000,0.110119,0.348941,0.600000,0.470588,0.014381,0.004000,0.371237,1.000000,1.000000,0.002000,0.110119,0.500000,0
0.000000,0.369963,1.000000,1.000000,0.000000,0.014881,0.500000,0.014881,0.058409,0.600000,0.313725,0.014381,0.000000,0.371237,1.000000,1.000000,0.000000,0.014881,0.500000,0
0.004000,0.363636,1.000000,1.000000,0.002000,0.999008,0.500000,0.491071,0.000000,1.000000,0.000000,0.026786,0.000000,0.346429,1.000000,1.000000,0.000000,0.491071,0.500000,0
0.000000,0.373333,1.000000,1.000000,0.000000,0.046627,0.500000,0.046627,0.472425,-1.000000,0.098039,0.028014,0.000000,0.343972,1.000000,1.000000,0.000000,0.046627,0.500000,0
0.000000,0.370000,1.000000,1.000000,0.000000,-0.000992,0.500000,0.999008,0.000000,0.200000,0.372549,0.028671,0.000000,0.342657,1.000000,1.000000,0.000000,0.999008,0.500000,0
0.000000,0.377104,1.000000,1.000000,0.000000,0.014881,0.500000,0.110119,0.230769,-1.000000,0.843137,0.025000,0.000000,0.350000,1.000000,1.000000,0.000000,0.110119,0.500000,0
0.000000,0.376667,1.000000,1.000000,0.000000,0.110119,0.500000,0.110119,0.225195,0.600000,0.196078,0.025000,0.000000,0.350000,1.000000,1.000000,0.000000,0.110119,0.500000,0
0.000000,0.377926,1.000000,1.000000,0.000000,0.014881,0.500000,0.014881,0.336354,-0.200000,-0.725490,0.027338,0.000000,0.345324,1.000000,1.000000,0.000000,0.014881,0.500000,0
0.000000,0.372483,1.000000,1.000000,0.000000,0.046627,0.500000,0.237103,0.466840,-0.600000,0.411765,0.030961,0.000000,0.338078,1.000000,1.000000,0.000000,0.237103,0.500000,0
0.000000,0.387960,1.000000,1.000000,0.000000,0.999008,0.500000,0.491071,0.000000,-0.600000,-0.980392,0.027526,0.000000,0.344948,1.000000,1.000000,0.000000,0.491071,0.500000,0
0.004000,0.371237,1.000000,1.000000,0.002000,0.110119,0.500000,0.237103,0.049415,0.600000,0.039216,0.027338,0.000000,0.345324,1.000000,1.000000,0.000000,0.237103,0.500000,0
0.000000,0.371237,1.000000,1.000000,0.000000,0.014881,0.500000,0.110119,0.196210,-0.600000,0.294118,0.027957,0.000000,0.344086,1.000000,1.000000,0.000000,0.110119,0.500000,0
0.000000,0.000000,0.000000,0.000000,0.000000,0.000000,0.000000,0.491071,0.000000,-0.600000,-0.333333,0.005195,0.004000,0.389610,1.000000,1.000000,0.002000,0.491071,0.500000,0
0.000000,0.000000,0.000000,0.000000,0.000000,0.000000,0.000000,0.491071,0.000000,-1.000000,-0.843137,0.004560,0.000000,0.390879,1.000000,1.000000,0.000000,0.491071,0.500000,0
0.000000,0.000000,0.000000,0.000000,0.000000,0.000000,0.000000,-0.000992,0.514371,0.600000,0.137255,0.005556,0.000000,0.388889,1.000000,1.000000,0.000000,-0.000992,0.500000,0
0.000000,0.000000,0.000000,0.000000,0.000000,0.000000,0.000000,0.046627,0.781478,0.200000,-0.352941,0.005556,0.000000,0.388889,1.000000,1.000000,0.000000,0.046627,0.500000,0
0.000000,0.000000,0.000000,0.000000,0.000000,0.000000,0.000000,0.999008,0.000000,0.600000,-0.313725,-0.000980,0.000000,0.401961,1.000000,1.000000,0.000000,0.999008,0.500000,0
0.000000,0.000000,0.000000,0.000000,0.000000,0.000000,0.000000,0.237103,0.693108,0.600000,-0.470588,0.000000,0.000000,0.400000,1.000000,1.000000,0.000000,0.237103,0.500000,0
0.000000,0.000000,0.000000,0.000000,0.000000,0.000000,0.000000,0.110119,0.510591,-1.000000,0.882353,0.005648,0.000000,0.388704,1.000000,1.000000,0.000000,0.110119,0.500000,0
0.000000,0.000000,0.000000,0.000000,0.000000,0.000000,0.000000,0.046627,0.478668,1.000000,0.784314,0.008197,0.000000,0.383607,1.000000,1.000000,0.000000,0.046627,0.500000,0
0.000000,0.000000,0.000000,0.000000,0.000000,0.000000,0.000000,0.110119,0.642140,-1.000000,0.058824,0.006557,0.004000,0.386885,1.000000,1.000000,0.002000,0.110119,0.500000,0
0.000000,0.000000,0.000000,0.000000,0.000000,0.000000,0.000000,0.046627,0.414152,-1.000000,0.235294,0.004636,0.000000,0.390728,1.000000,1.000000,0.000000,0.046627,0.500000,0
0.004000,0.389610,1.000000,1.000000,0.002000,0.491071,0.500000,0.110119,0.000000,0.200000,-0.313725,0.019865,0.000000,0.360269,1.000000,1.000000,0.000000,0.110119,0.500000,0
0.000000,0.390879,1.000000,1.000000,0.000000,0.491071,0.500000,0.491071,0.000000,0.600000,-0.039216,0.019865,0.000000,0.360269,1.000000,1.000000,0.000000,0.491071,0.500000,0
0.000000,0.388889,1.000000,1.000000,0.000000,-0.000992,0.500000,0.999008,0.000000,-1.000000,-0.882353,0.021311,0.004000,0.357377,1.000000,1.000000,0.002000,0.999008,0.500000,0
0.000000,0.388889,1.000000,1.000000,0.000000,0.046627,0.500000,0.491071,0.000000,0.200000,0.549020,0.015254,0.000000,0.369492,1.000000,1.000000,0.000000,0.491071,0.500000,0
0.000000,0.401961,1.000000,1.000000,0.000000,0.999008,0.500000,0.237103,0.537061,-0.200000,0.254902,0.012925,0.000000,0.374150,1.000000,1.000000,0.000000,0.237103,0.500000,0
0.000000,0.400000,1.000000,1.000000,0.000000,0.237103,0.500000,0.046627,0.674298,-1.000000,-0.470588,0.011644,0.000000,0.376712,1.000000,1.000000,0.000000,0.046627,0.500000,0
0.000000,0.388704,1.000000,1.000000,0.000000,0.110119,0.500000,0.491071,0.000000,-0.200000,0.627451,0.011644,0.000000,0.376712,1.000000,1.000000,0.000000,0.491071,0.500000,0
0.000000,0.383607,1.000000,1.000000,0.000000,0.046627,0.500000,0.014881,0.245720,1.000000,0.039216,0.016781,0.000000,0.366438,1.000000,1.000000,0.000000,0.014881,0.500000,0
0.004000,0.386885,1.000000,1.000000,0.002000,0.110119,0.500000,0.014881,0.015106,0.200000,0.725490,0.015700,0.000000,0.368601,1.000000,1.000000,0.000000,0.014881,0.500000,0
0.000000,0.390728,1.000000,1.000000,0.000000,0.046627,0.500000,0.046627,0.000000,0.200000,-0.647059,0.018644,0.000000,0.362712,1.000000,1.000000,0.000000,0.046627,0.500000,0
0.000000,0.360269,1.000000,1.000000,0.000000,0.110119,0.500000,-0.000992,0.130823,0.600000,-0.058824,0.035962,0.000000,0.328076,1.000000,1.000000,0.000000,-0.000992,0.500000,0
0.000000,0.360269,1.000000,1.000000,0.000000,0.491071,0.500000,0.014881,0.881168,-1.000000,0.843137,0.034906,0.000000,0.330189,1.000000,1.000000,0.000000,0.014881,0.500000,0
0.004000,0.357377,1.000000,1.000000,0.002000,0.999008,0.500000,0.237103,0.881664,-0.600000,0.921569,0.038509,0.004000,0.322981,1.000000,1.000000,0.002000,0.237103,0.500000,0
0.000000,0.369492,1.000000,1.000000,0.000000,0.491071,0.500000,-0.000992,0.835481,0.200000,0.823529,0.029073,0.000000,0.341853,1.000000,1.000000,0.000000,-0.000992,0.500000,0
0.000000,0.374150,1.000000,1.000000,0.000000,0.237103,0.500000,-0.000992,0.827552,-0.600000,-0.568627,0.033861,0.000000,0.332278,1.000000,1.000000,0.000000,-0.000992,0.500000,0
0.000000,0.376712,1.000000,1.000000,0.000000,0.046627,0.500000,0.999008,0.000000,-0.200000,0.568627,0.025472,0.004000,0.349057,1.000000,1.000000,0.002000,0.999008,0.500000,0
0.000000,0.376712,1.000000,1.000000,0.000000,0.491071,0.500000,-0.000992,0.620416,0.200000,-0.254902,0.034395,0.000000,0.331210,1.000000,1.000000,0.000000,-0.000992,0.500000,0
0.000000,0.366438,1.000000,1.000000,0.000000,0.014881,0.500000,0.237103,0.000000,0.600000,-0.627451,0.034906,0.000000,0.330189,1.000000,1.000000,0.000000,0.237103,0.500000,0
0.000000,0.368601,1.000000,1.000000,0.000000,0.014881,0.500000,0.491071,0.000000,1.000000,-0.098039,0.034385,0.000000,0.331230,1.000000,1.000000,0.000000,0.491071,0.500000,0
0.000000,0.362712,1.000000,1.000000,0.000000,0.046627,0.500000,0.491071,0.120858,-0.600000,-0.725490,0.031746,0.000000,0.336508,1.000000,1.000000,0.000000,0.491071,0.500000,0
0.000000,0.328076,1.000000,1.000000,0.000000,-0.000992,0.500000,0.999008,0.000000,0.200000,-0.254902,0.046278,0.000000,0.307443,1.000000,1.000000,0.000000,0.999008,0.500000,0
0.000000,0.330189,1.000000,1.000000,0.000000,0.014881,0.500000,-0.000992,0.589693,-0.600000,-0.372549,0.043234,0.000000,0.313531,1.000000,1.000000,0.000000,-0.000992,0.500000,0
0.004000,0.322981,1.000000,1.000000,0.002000,0.237103,0.500000,-0.000992,0.415263,-1.000000,-0.647059,0.042715,0.000000,0.314570,1.000000,1.000000,0.000000,-0.000992,0.500000,0
0.000000,0.341853,1.000000,1.000000,0.000000,-0.000992,0.500000,0.491071,0.218324,0.600000,-0.254902,0.042105,0.000000,0.315789,1.000000,1.000000,0.000000,0.491071,0.500000,0
0.000000,0.332278,1.000000,1.000000,0.000000,-0.000992,0.500000,0.110119,0.290970,0.200000,-0.176471,0.038816,0.000000,0.322368,1.000000,1.000000,0.000000,0.110119,0.500000,0
0.004000,0.349057,1.000000,1.000000,0.002000,0.999008,0.500000,0.237103,0.702211,-0.600000,-0.549020,0.039465,0.000000,0.321070,1.000000,1.000000,0.000000,0.237103,0.500000,0
0.000000,0.331210,1.000000,1.000000,0.000000,-0.000992,0.500000,0.237103,0.531860,-0.200000,0.294118,0.043234,0.000000,0.313531,1.000000,1.000000,0.000000,0.237103,0.500000,0
0.000000,0.330189,1.000000,1.000000,0.000000,0.237103,0.500000,0.491071,0.296296,1.000000,0.549020,0.042105,0.000000,0.315789,1.000000,1.000000,0.000000,0.491071,0.500000,0
0.000000,0.331230,1.000000,1.000000,0.000000,0.491071,0.500000,0.237103,0.000000,-0.200000,-0.803922,0.042715,0.000000,0.314570,1.000000,1.000000,0.000000,0.237103,0.500000,0
0.000000,0.336508,1.000000,1.000000,0.000000,0.491071,0.500000,0.237103,0.646294,-0.600000,0.254902,0.043750,0.000000,0.312500,1.000000,1.000000,0.000000,0.237103,0.500000,0
0.000000,0.307443,1.000000,1.000000,0.000000,0.999008,0.500000,0.999008,0.000000,0.600000,0.176471,0.032797,0.004000,0.334405,1.000000,1.000000,0.002000,0.999008,0.500000,0
0.000000,0.313531,1.000000,1.000000,0.000000,-0.000992,0.500000,0.491071,0.442495,0.200000,0.254902,0.033333,0.000000,0.333333,1.000000,1.000000,0.000000,0.491071,0.500000,0
0.000000,0.314570,1.000000,1.000000,0.000000,-0.000992,0.500000,-0.000992,0.270565,-1.000000,-0.882353,0.035484,0.000000,0.329032,1.000000,1.000000,0.000000,-0.000992,0.500000,0
0.000000,0.315789,1.000000,1.000000,0.000000,0.491071,0.500000,0.014881,0.075529,-0.600000,-0.254902,0.031148,0.000000,0.337705,1.000000,1.000000,0.000000,0.014881,0.500000,0
0.000000,0.322368,1.000000,1.000000,0.000000,0.110119,0.500000,0.110119,0.566332,0.600000,0.352941,0.034426,0.000000,0.331148,1.000000,1.000000,0.000000,0.110119,0.500000,0
0.000000,0.321070,1.000000,1.000000,0.000000,0.237103,0.500000,0.491071,0.000000,-0.200000,-0.490196,0.030065,0.000000,0.339869,1.000000,1.000000,0.000000,0.491071,0.500000,0
0.000000,0.313531,1.000000,1.000000,0.000000,0.237103,0.500000,0.491071,0.536062,-0.600000,-0.588235,0.029508,0.004000,0.340984,1.000000,1.000000,0.002000,0.491071,0.500000,0
0.000000,0.315789,1.000000,1.000000,0.000000,0.491071,0.500000,0.046627,0.206035,-0.600000,0.862745,0.034426,0.000000,0.331148,1.000000,1.000000,0.000000,0.046627,0.500000,0
0.000000,0.314570,1.000000,1.000000,0.000000,0.237103,0.500000,0.999008,0.000000,0.600000,0.352941,0.031169,0.004000,0.337662,1.000000,1.000000,0.002000,0.999008,0.500000,0
0.000000,0.312500,1.000000,1.000000,0.000000,0.237103,0.500000,0.491071,0.721248,-1.000000,-0.137255,0.032787,0.000000,0.334426,1.000000,1.000000,0.000000,0.491071,0.500000,0
0.004000,0.334405,1.000000,1.000000,0.002000,0.999008,0.500000,0.999008,0.000000,-1.000000,0.549020,0.046278,0.004000,0.307443,1.000000,1.000000,0.002000,0.999008,0.500000,0
0.000000,0.333333,1.000000,1.000000,0.000000,0.491071,0.500000,0.014881,0.839879,-0.200000,-0.764706,0.041503,0.000000,0.316993,1.000000,1.000000,0.000000,0.014881,0.500000,0
0.000000,0.329032,1.000000,1.000000,0.000000,-0.000992,0.500000,0.110119,0.855072,0.600000,0.392157,0.040461,0.000000,0.319079,1.000000,1.000000,0.000000,0.110119,0.500000,0
0.000000,0.337705,1.000000,1.000000,0.000000,0.014881,0.500000,-0.000992,0.851338,-1.000000,-0.823529,0.041060,0.000000,0.317881,1.000000,1.000000,0.000000,-0.000992,0.500000,0
0.000000,0.331148,1.000000,1.000000,0.000000,0.110119,0.500000,0.491071,0.000000,0.600000,0.117647,0.040461,0.000000,0.319079,1.000000,1.000000,0.000000,0.491071,0.500000,0
0.000000,0.339869,1.000000,1.000000,0.000000,0.491071,0.500000,0.491071,0.000000,-1.000000,0.941176,0.039934,0.000000,0.320132,1.000000,1.000000,0.000000,0.491071,0.500000,0
0.004000,0.340984,1.000000,1.000000,0.002000,0.491071,0.500000,0.014881,0.185297,-0.600000,0.529412,0.033893,0.000000,0.332215,1.000000,1.000000,0.000000,0.014881,0.500000,0
0.000000,0.331148,1.000000,1.000000,0.000000,0.046627,0.500000,0.999008,0.000000,1.000000,0.039216,0.036634,0.000000,0.326733,1.000000,1.000000,0.000000,0.999008,0.500000,0
0.004000,0.337662,1.000000,1.000000,0.002000,0.999008,0.500000,0.110119,0.090301,1.000000,-0.529412,0.042105,0.000000,0.315789,1.000000,1.000000,0.000000,0.110119,0.500000,0
0.000000,0.334426,1.000000,1.000000,0.000000,0.491071,0.500000,-0.000992,0.698712,0.600000,-0.235294,0.040461,0.000000,0.319079,1.000000,1.000000,0.000000,-0.000992,0.500000,0
0.004000,0.307443,1.000000,1.000000,0.002000,0.999008,0.500000,0.110119,0.857302,-0.200000,-1.000000,0.025466,0.000000,0.347826,0.996894,1.000000,0.000000,0.110119,0.500000,0
0.000000,0.316993,1.000000,1.000000,0.000000,0.014881,0.500000,0.110119,0.000000,-0.200000,-0.333333,0.022152,0.000000,0.354430,0.996835,1.000000,0.000000,0.110119,0.500000,0
0.000000,0.319079,1.000000,1.000000,0.000000,0.110119,0.500000,0.491071,0.231969,0.200000,0.098039,0.020249,0.000000,0.358255,0.996885,1.000000,0.000000,0.491071,0.500000,0
0.000000,0.317881,1.000000,1.000000,0.000000,-0.000992,0.500000,0.110119,0.664437,-0.600000,-0.372549,0.018987,0.000000,0.360759,0.996835,1.000000,0.000000,0.110119,0.500000,0
0.000000,0.319079,1.000000,1.000000,0.000000,0.491071,0.500000,-0.000992,0.136769,0.200000,-0.039216,0.017252,0.000000,0.364217,0.996805,1.000000,0.000000,-0.000992,0.500000,0
0.000000,0.320132,1.000000,1.000000,0.000000,0.491071,0.500000,0.046627,0.112383,-0.200000,0.882353,0.016242,0.000000,0.366242,0.996815,1.000000,0.000000,0.046627,0.500000,0
0.000000,0.332215,1.000000,1.000000,0.000000,0.014881,0.500000,0.491071,0.000000,1.000000,0.647059,0.022257,0.004000,0.354232,0.996865,1.000000,0.002000,0.491071,0.500000,0
0.000000,0.326733,1.000000,1.000000,0.000000,0.999008,0.500000,-0.000992,0.014866,-0.600000,-0.607843,0.021698,0.000000,0.355346,0.996855,1.000000,0.000000,-0.000992,0.500000,0
0.000000,0.315789,1.000000,1.000000,0.000000,0.110119,0.500000,0.491071,0.000000,-0.600000,0.784314,0.019620,0.004000,0.360759,1.000000,1.000000,0.002000,0.491071,0.500000,0
0.000000,0.319079,1.000000,1.000000,0.000000,-0.000992,0.500000,-0.000992,0.548067,-0.600000,0.450980,0.018850,0.000000,0.361022,0.996805,1.000000,0.000000,-0.000992,0.500000,0
0.000000,0.347826,0.996894,1.000000,0.000000,0.110119,0.500000,0.110119,0.744705,-0.600000,-0.941176,0.046154,0.000000,0.307692,1.000000,1.000000,0.000000,0.110119,0.500000,0
0.000000,0.354430,0.996835,1.000000,0.000000,0.110119,0.500000,0.999008,0.000000,0.600000,-0.176471,0.041297,0.000000,0.317406,1.000000,1.000000,0.000000,0.999008,0.500000,0
0.000000,0.358255,0.996885,1.000000,0.000000,0.491071,0.500000,0.491071,0.851852,-0.600000,-0.784314,0.042373,0.004000,0.315254,1.000000,1.000000,0.002000,0.491071,0.500000,0
0.000000,0.360759,0.996835,1.000000,0.000000,0.110119,0.500000,0.046627,0.000000,1.000000,-0.784314,0.039655,0.000000,0.320690,1.000000,1.000000,0.000000,0.046627,0.500000,0
0.000000,0.364217,0.996805,1.000000,0.000000,-0.000992,0.500000,-0.000992,0.789891,0.600000,-0.882353,0.042373,0.000000,0.315254,1.000000,1.000000,0.000000,-0.000992,0.500000,0
0.000000,0.366242,0.996815,1.000000,0.000000,0.046627,0.500000,0.999008,0.000000,-0.200000,0.156863,0.038435,0.004000,0.323129,1.000000,1.000000,0.002000,0.999008,0.500000,0
0.004000,0.354232,0.996865,1.000000,0.002000,0.491071,0.500000,0.014881,0.568983,-0.200000,0.000000,0.036806,0.000000,0.326389,1.000000,1.000000,0.000000,0.014881,0.500000,0
0.000000,0.355346,0.996855,1.000000,0.000000,-0.000992,0.500000,0.014881,0.886203,-1.000000,0.666667,0.041379,0.000000,0.317241,1.000000,1.000000,0.000000,0.014881,0.500000,0
0.004000,0.360759,1.000000,1.000000,0.002000,0.491071,0.500000,0.999008,0.000000,0.600000,0.098039,0.033333,0.000000,0.333333,1.000000,1.000000,0.000000,0.999008,0.500000,0
0.000000,0.361022,0.996805,1.000000,0.000000,-0.000992,0.500000,-0.000992,0.285431,-0.200000,-0.607843,0.039655,0.000000,0.320690,1.000000,1.000000,0.000000,-0.000992,0.500000,0
0.000000,0.307692,1.000000,1.000000,0.000000,0.110119,0.500000,0.491071,0.582846,-0.600000,-0.039216,0.045062,0.004000,0.308642,0.996914,1.000000,0.002000,0.491071,0.500000,0
0.000000,0.317406,1.000000,1.000000,0.000000,0.999008,0.500000,0.237103,0.253576,-0.200000,0.196078,0.045652,0.004000,0.307453,0.996894,1.000000,0.002000,0.237103,0.500000,0
0.004000,0.315254,1.000000,1.000000,0.002000,0.491071,0.500000,0.999008,0.000000,-0.200000,-0.529412,0.039441,0.004000,0.319876,0.996894,1.000000,0.002000,0.999008,0.500000,0
0.000000,0.320690,1.000000,1.000000,0.000000,0.046627,0.500000,0.237103,0.152146,-0.600000,0.176471,0.047546,0.004000,0.303681,0.996933,1.000000,0.002000,0.237103,0.500000,0
0.000000,0.315254,1.000000,1.000000,0.000000,-0.000992,0.500000,0.237103,0.304291,0.600000,-0.764706,0.041486,0.004000,0.315789,0.996904,1.000000,0.002000,0.237103,0.500000,0
0.004000,0.323129,1.000000,1.000000,0.002000,0.999008,0.500000,-0.000992,0.981169,1.000000,-0.745098,0.044687,0.000000,0.309375,0.996875,1.000000,0.000000,-0.000992,0.500000,0
0.000000,0.326389,1.000000,1.000000,0.000000,0.014881,0.500000,0.014881,0.762336,-0.200000,-0.392157,0.046729,0.000000,0.305296,0.996885,1.000000,0.000000,0.014881,0.500000,0
0.000000,0.317241,1.000000,1.000000,0.000000,0.014881,0.500000,0.110119,0.000000,-1.000000,-0.039216,0.044687,0.000000,0.309375,0.996875,1.000000,0.000000,0.110119,0.500000,0
0.000000,0.333333,1.000000,1.000000,0.000000,0.999008,0.500000,0.110119,0.760312,0.600000,0.352941,0.043125,0.000000,0.312500,0.996875,1.000000,0.000000,0.110119,0.500000,0
0.000000,0.320690,1.000000,1.000000,0.000000,-0.000992,0.500000,0.046627,0.688866,-1.000000,-0.196078,0.047678,0.000000,0.303406,0.996904,1.000000,0.000000,0.046627,0.500000,0
0.004000,0.308642,0.996914,1.000000,0.002000,0.491071,0.500000,0.999008,0.000000,-0.200000,-0.294118,0.057362,0.000000,0.285276,1.000000,1.000000,0.000000,0.999008,0.500000,0
0.004000,0.307453,0.996894,1.000000,0.002000,0.237103,0.500000,0.046627,0.455775,0.600000,-0.862745,0.055140,0.000000,0.289720,1.000000,1.000000,0.000000,0.046627,0.500000,0
0.004000,0.319876,0.996894,1.000000,0.002000,0.999008,0.500000,0.999008,0.000000,-1.000000,0.137255,0.053395,0.000000,0.293210,1.000000,1.000000,0.000000,0.999008,0.500000,0
0.004000,0.303681,0.996933,1.000000,0.002000,0.237103,0.500000,0.046627,0.243496,0.200000,0.078431,0.058025,0.000000,0.283951,1.000000,1.000000,0.000000,0.046627,0.500000,0
0.004000,0.315789,0.996904,1.000000,0.002000,0.237103,0.500000,0.237103,0.906372,-0.600000,0.490196,0.053583,0.000000,0.292835,1.000000,1.000000,0.000000,0.237103,0.500000,0
0.000000,0.309375,0.996875,1.000000,0.000000,-0.000992,0.500000,0.491071,0.000000,-1.000000,-0.411765,0.052941,0.000000,0.294118,1.000000,1.000000,0.000000,0.491071,0.500000,0
0.000000,0.305296,0.996885,1.000000,0.000000,0.014881,0.500000,0.014881,0.771400,1.000000,0.901961,0.058462,0.000000,0.283077,1.000000,1.000000,0.000000,0.014881,0.500000,0
0.000000,0.309375,0.996875,1.000000,0.000000,0.110119,0.500000,-0.000992,0.096135,0.200000,0.941176,0.057585,0.000000,0.284830,1.000000,1.000000,0.000000,-0.000992,0.500000,0
0.000000,0.312500,0.996875,1.000000,0.000000,0.110119,0.500000,0.046627,0.355879,1.000000,0.803922,0.052308,0.000000,0.295385,1.000000,1.000000,0.000000,0.046627,0.500000,0
0.000000,0.303406,0.996904,1.000000,0.000000,0.046627,0.500000,0.237103,0.443433,-0.600000,0.941176,0.056481,0.000000,0.287037,1.000000,1.000000,0.000000,0.237103,0.500000,0
0.000000,0.285276,1.000000,1.000000,0.000000,0.999008,0.500000,0.110119,0.276477,-0.200000,0.333333,0.065964,0.000000,0.268072,1.000000,1.000000,0.000000,0.110119,0.500000,0
0.000000,0.289720,1.000000,1.000000,0.000000,0.046627,0.500000,0.999008,0.000000,0.600000,0.372549,0.061702,0.004000,0.276596,1.000000,1.000000,0.002000,0.999008,0.500000,0
0.000000,0.293210,1.000000,1.000000,0.000000,0.999008,0.500000,0.491071,0.000000,0.600000,-0.078431,0.064865,0.000000,0.270270,1.000000,1.000000,0.000000,0.491071,0.500000,0
0.000000,0.283951,1.000000,1.000000,0.000000,0.046627,0.500000,0.237103,0.070221,1.000000,0.450980,0.064329,0.004000,0.271341,1.000000,1.000000,0.002000,0.237103,0.500000,0
0.000000,0.292835,1.000000,1.000000,0.000000,0.237103,0.500000,0.999008,0.000000,-0.200000,-0.274510,0.062385,0.000000,0.275229,1.000000,1.000000,0.000000,0.999008,0.500000,0
0.000000,0.294118,1.000000,1.000000,0.000000,0.491071,0.500000,0.491071,0.294347,0.200000,-0.686275,0.060000,0.000000,0.280000,1.000000,1.000000,0.000000,0.491071,0.500000,0
0.000000,0.283077,1.000000,1.000000,0.000000,0.014881,0.500000,0.014881,0.304129,-0.600000,-0.745098,0.060681,0.000000,0.278638,1.000000,1.000000,0.000000,0.014881,0.500000,0
0.000000,0.284830,1.000000,1.000000,0.000000,-0.000992,0.500000,0.046627,0.712799,0.200000,0.882353,0.064198,0.000000,0.271605,1.000000,1.000000,0.000000,0.046627,0.500000,0
0.000000,0.295385,1.000000,1.000000,0.000000,0.046627,0.500000,0.491071,0.000000,-0.600000,0.588235,0.063222,0.000000,0.273556,1.000000,1.000000,0.000000,0.491071,0.500000,0
0.000000,0.287037,1.000000,1.000000,0.000000,0.237103,0.500000,0.014881,0.787513,1.000000,0.058824,0.063354,0.000000,0.273292,1.000000,1.000000,0.000000,0.014881,0.500000,0
0.000000,0.268072,1.000000,1.000000,0.000000,0.110119,0.500000,0.110119,0.321070,-1.000000,0.392157,0.082911,0.000000,0.234177,1.000000,1.000000,0.000000,0.110119,0.500000,0
0.004000,0.276596,1.000000,1.000000,0.002000,0.999008,0.500000,0.237103,0.931079,-0.200000,0.000000,0.078165,0.000000,0.243671,1.000000,1.000000,0.000000,0.237103,0.500000,0
0.000000,0.270270,1.000000,1.000000,0.000000,0.491071,0.500000,0.110119,0.000000,0.600000,0.176471,0.082911,0.000000,0.234177,1.000000,1.000000,0.000000,0.110119,0.500000,0
0.004000,0.271341,1.000000,1.000000,0.002000,0.237103,0.500000,0.110119,0.656633,0.200000,-0.254902,0.084127,0.000000,0.231746,1.000000,1.000000,0.000000,0.110119,0.500000,0
0.000000,0.275229,1.000000,1.000000,0.000000,0.999008,0.500000,0.237103,0.407022,-1.000000,-0.823529,0.084858,0.000000,0.230284,1.000000,1.000000,0.000000,0.237103,0.500000,0
0.000000,0.280000,1.000000,1.000000,0.000000,0.491071,0.500000,0.999008,0.000000,-1.000000,-0.156863,0.078882,0.004000,0.242236,1.000000,1.000000,0.002000,0.999008,0.500000,0
0.000000,0.278638,1.000000,1.000000,0.000000,0.014881,0.500000,0.237103,0.689207,-1.000000,0.803922,0.086435,0.000000,0.227129,1.000000,1.000000,0.000000,0.237103,0.500000,0
0.000000,0.271605,1.000000,1.000000,0.000000,0.046627,0.500000,-0.000992,0.613479,0.200000,0.450980,0.082911,0.000000,0.234177,1.000000,1.000000,0.000000,-0.000992,0.500000,0
0.000000,0.273556,1.000000,1.000000,0.000000,0.491071,0.500000,0.491071,0.000000,1.000000,-0.843137,0.084494,0.000000,0.231013,1.000000,1.000000,0.000000,0.491071,0.500000,0
0.000000,0.273292,1.000000,1.000000,0.000000,0.014881,0.500000,0.110119,0.713489,-0.600000,-0.882353,0.090244,0.000000,0.219512,1.000000,1.000000,0.000000,0.110119,0.500000,0
0.000000,0.234177,1.000000,1.000000,0.000000,0.110119,0.500000,0.110119,0.190635,-1.000000,0.941176,0.036127,0.000000,0.326590,0.997110,1.000000,0.000000,0.110119,0.500000,0
0.000000,0.243671,1.000000,1.000000,0.000000,0.237103,0.500000,0.237103,0.000000,-1.000000,0.980392,0.036127,0.000000,0.326590,0.997110,1.000000,0.000000,0.237103,0.500000,0
0.000000,0.234177,1.000000,1.000000,0.000000,0.110119,0.500000,0.110119,0.630992,-1.000000,-0.176471,0.037101,0.000000,0.324638,0.997101,1.000000,0.000000,0.110119,0.500000,0
0.000000,0.231746,1.000000,1.000000,0.000000,0.110119,0.500000,-0.000992,0.756194,0.600000,-0.509804,0.039017,0.000000,0.320809,0.997110,1.000000,0.000000,-0.000992,0.500000,0
0.000000,0.230284,1.000000,1.000000,0.000000,0.237103,0.500000,0.046627,0.665973,-1.000000,0.294118,0.043626,0.000000,0.311615,0.997167,1.000000,0.000000,0.046627,0.500000,0
0.004000,0.242236,1.000000,1.000000,0.002000,0.999008,0.500000,0.491071,0.317739,-0.200000,-0.333333,0.033721,0.004000,0.331395,0.997093,1.000000,0.002000,0.491071,0.500000,0
0.000000,0.227129,1.000000,1.000000,0.000000,0.237103,0.500000,0.237103,0.477243,-0.200000,0.000000,0.037609,0.000000,0.323615,0.997085,1.000000,0.000000,0.237103,0.500000,0
0.000000,0.234177,1.000000,1.000000,0.000000,-0.000992,0.500000,-0.000992,0.241824,0.600000,0.019608,0.040462,0.000000,0.317919,0.997110,1.000000,0.000000,-0.000992,0.500000,0
0.000000,0.231013,1.000000,1.000000,0.000000,0.491071,0.500000,0.110119,0.402453,0.200000,-0.078431,0.041379,0.000000,0.316092,0.997126,1.000000,0.000000,0.110119,0.500000,0
0.000000,0.219512,1.000000,1.000000,0.000000,0.110119,0.500000,0.110119,0.412486,0.200000,-0.627451,0.042330,0.000000,0.315341,1.000000,1.000000,0.000000,0.110119,0.500000,0
0.000000,0.326590,0.997110,1.000000,0.000000,0.110119,0.500000,0.046627,0.639958,-0.600000,0.470588,0.076543,0.000000,0.246914,1.000000,1.000000,0.000000,0.046627,0.500000,0
0.000000,0.326590,0.997110,1.000000,0.000000,0.237103,0.500000,0.046627,0.000000,0.200000,0.568627,0.075000,0.000000,0.250000,1.000000,1.000000,0.000000,0.046627,0.500000,0
0.000000,0.324638,0.997101,1.000000,0.000000,0.110119,0.500000,0.046627,0.489074,-0.200000,0.745098,0.075000,0.000000,0.250000,1.000000,1.000000,0.000000,0.046627,0.500000,0
0.000000,0.320809,0.997110,1.000000,0.000000,-0.000992,0.500000,0.491071,0.000000,1.000000,0.686275,0.072308,0.000000,0.255385,1.000000,1.000000,0.000000,0.491071,0.500000,0
0.000000,0.311615,0.997167,1.000000,0.000000,0.046627,0.500000,0.237103,0.000000,-0.200000,-0.607843,0.074608,0.000000,0.250784,1.000000,1.000000,0.000000,0.237103,0.500000,0
0.004000,0.331395,0.997093,1.000000,0.002000,0.491071,0.500000,-0.000992,0.294351,-0.200000,0.803922,0.072642,0.000000,0.254717,1.000000,1.000000,0.000000,-0.000992,0.500000,0
0.000000,0.323615,0.997085,1.000000,0.000000,0.237103,0.500000,0.046627,0.200832,0.600000,0.901961,0.075000,0.000000,0.250000,1.000000,1.000000,0.000000,0.046627,0.500000,0
0.000000,0.317919,0.997110,1.000000,0.000000,-0.000992,0.500000,0.491071,0.627680,-0.600000,0.274510,0.071914,0.000000,0.256173,1.000000,1.000000,0.000000,0.491071,0.500000,0
0.000000,0.316092,0.997126,1.000000,0.000000,0.110119,0.500000,0.491071,0.000000,-1.000000,-0.666667,0.074224,0.000000,0.251553,1.000000,1.000000,0.000000,0.491071,0.500000,0
0.000000,0.315341,1.000000,1.000000,0.000000,0.110119,0.500000,0.999008,0.000000,-0.200000,-0.490196,0.076543,0.000000,0.246914,1.000000,1.000000,0.000000,0.999008,0.500000,0
0.000000,0.246914,1.000000,1.000000,0.000000,0.046627,0.500000,0.014881,0.454179,1.000000,0.823529,0.064286,0.000000,0.270186,0.996894,1.000000,0.000000,0.014881,0.500000,0
0.000000,0.250000,1.000000,1.000000,0.000000,0.046627,0.500000,0.999008,0.000000,0.600000,0.509804,0.060312,0.000000,0.278125,0.996875,1.000000,0.000000,0.999008,0.500000,0
0.000000,0.250000,1.000000,1.000000,0.000000,0.046627,0.500000,0.014881,0.102719,-1.000000,0.588235,0.063009,0.000000,0.272727,0.996865,1.000000,0.000000,0.014881,0.500000,0
0.000000,0.255385,1.000000,1.000000,0.000000,0.491071,0.500000,0.491071,0.760234,-0.600000,-0.960784,0.062883,0.000000,0.273006,0.996933,1.000000,0.000000,0.491071,0.500000,0
0.000000,0.250784,1.000000,1.000000,0.000000,0.237103,0.500000,0.491071,0.374269,0.600000,0.431373,0.059190,0.004000,0.280374,0.996885,1.000000,0.002000,0.491071,0.500000,0
0.000000,0.254717,1.000000,1.000000,0.000000,-0.000992,0.500000,-0.000992,0.985134,-0.600000,0.313725,0.061610,0.000000,0.275542,0.996904,1.000000,0.000000,-0.000992,0.500000,0
0.000000,0.250000,1.000000,1.000000,0.000000,0.046627,0.500000,0.491071,0.532164,0.600000,0.215686,0.063720,0.004000,0.271341,0.996951,1.000000,0.002000,0.491071,0.500000,0
0.000000,0.256173,1.000000,1.000000,0.000000,0.491071,0.500000,0.491071,0.009747,-0.600000,-0.627451,0.061635,0.004000,0.276730,1.000000,1.000000,0.002000,0.491071,0.500000,0
0.000000,0.251553,1.000000,1.000000,0.000000,0.491071,0.500000,0.046627,0.780437,1.000000,0.588235,0.061006,0.000000,0.276730,0.996855,1.000000,0.000000,0.046627,0.500000,0
0.000000,0.246914,1.000000,1.000000,0.000000,0.999008,0.500000,0.999008,0.000000,-0.600000,-0.294118,0.066061,0.000000,0.266667,0.996970,1.000000,0.000000,0.999008,0.500000,0
0.000000,0.270186,0.996894,1.000000,0.000000,0.014881,0.500000,0.046627,0.816857,-0.600000,0.745098,0.074269,0.000000,0.251462,1.000000,1.000000,0.000000,0.046627,0.500000,0
0.000000,0.278125,0.996875,1.000000,0.000000,0.999008,0.500000,-0.000992,0.108028,-0.600000,0.411765,0.072434,0.000000,0.255132,1.000000,1.000000,0.000000,-0.000992,0.500000,0
0.000000,0.272727,0.996865,1.000000,0.000000,0.014881,0.500000,0.014881,0.210473,-0.200000,0.764706,0.072059,0.000000,0.255882,1.000000,1.000000,0.000000,0.014881,0.500000,0
0.000000,0.273006,0.996933,1.000000,0.000000,0.491071,0.500000,0.014881,0.949648,1.000000,-0.607843,0.073900,0.000000,0.252199,1.000000,1.000000,0.000000,0.014881,0.500000,0
0.004000,0.280374,0.996885,1.000000,0.002000,0.491071,0.500000,0.046627,0.507804,0.200000,-0.450980,0.071302,0.000000,0.257396,1.000000,1.000000,0.000000,0.046627,0.500000,0
0.000000,0.275542,0.996904,1.000000,0.000000,-0.000992,0.500000,0.014881,0.878147,0.600000,0.549020,0.073900,0.000000,0.252199,1.000000,1.000000,0.000000,0.014881,0.500000,0
0.004000,0.271341,0.996951,1.000000,0.002000,0.491071,0.500000,0.999008,0.000000,0.200000,0.745098,0.064706,0.000000,0.270588,1.000000,1.000000,0.000000,0.999008,0.500000,0
0.004000,0.276730,1.000000,1.000000,0.002000,0.491071,0.500000,0.110119,0.554069,-0.200000,-0.862745,0.069118,0.000000,0.261765,1.000000,1.000000,0.000000,0.110119,0.500000,0
0.000000,0.276730,0.996855,1.000000,0.000000,0.046627,0.500000,0.014881,0.869084,0.200000,-0.333333,0.073178,0.000000,0.253644,1.000000,1.000000,0.000000,0.014881,0.500000,0
0.000000,0.266667,0.996970,1.000000,0.000000,0.999008,0.500000,0.046627,0.592092,-0.600000,0.000000,0.073900,0.000000,0.252199,1.000000,1.000000,0.000000,0.046627,0.500000,0
0.000000,0.251462,1.000000,1.000000,0.000000,0.046627,0.500000,0.046627,0.317378,1.000000,-0.235294,-0.002614,0.000000,0.405229,1.000000,1.000000,0.000000,-0.000992,0.500000,0
0.000000,0.255132,1.000000,1.000000,0.000000,-0.000992,0.500000,0.491071,0.000000,-0.200000,-0.725490,-0.004918,0.000000,0.409836,1.000000,1.000000,0.000000,-0.000992,0.500000,0
0.000000,0.255882,1.000000,1.000000,0.000000,0.014881,0.500000,0.999008,0.000000,0.200000,-0.058824,-0.003279,0.000000,0.406557,1.000000,1.000000,0.000000,-0.000992,0.500000,0
0.000000,0.252199,1.000000,1.000000,0.000000,0.014881,0.500000,0.046627,0.409990,-1.000000,-0.098039,-0.001639,0.000000,0.403279,1.000000,1.000000,0.000000,-0.000992,0.500000,0
0.000000,0.257396,1.000000,1.000000,0.000000,0.046627,0.500000,0.237103,0.899870,1.000000,-0.274510,-0.009302,0.000000,0.418605,1.000000,1.000000,0.000000,-0.000992,0.500000,0
0.000000,0.252199,1.000000,1.000000,0.000000,0.014881,0.500000,0.046627,0.000000,1.000000,0.411765,-0.006271,0.000000,0.412541,1.000000,1.000000,0.000000,-0.000992,0.500000,0
0.000000,0.270588,1.000000,1.000000,0.000000,0.999008,0.500000,0.046627,0.957336,-0.200000,0.960784,-0.010784,0.000000,0.421569,1.000000,1.000000,0.000000,-0.000992,0.500000,0
0.000000,0.261765,1.000000,1.000000,0.000000,0.110119,0.500000,0.999008,0.000000,-0.600000,-0.490196,0.000000,0.000000,0.400000,1.000000,1.000000,0.000000,-0.000992,0.500000,0
0.000000,0.253644,1.000000,1.000000,0.000000,0.014881,0.500000,0.046627,0.489074,-0.600000,-0.058824,-0.001987,0.000000,0.403974,1.000000,1.000000,0.000000,-0.000992,0.500000,0
0.000000,0.252199,1.000000,1.000000,0.000000,0.046627,0.500000,-0.000992,0.938553,-0.200000,-0.823529,-0.000980,0.000000,0.401961,1.000000,1.000000,0.000000,-0.000992,0.500000,0
0.000000,0.405229,1.000000,1.000000,0.000000,-0.000992,0.500000,0.046627,0.097815,-1.000000,-0.333333,0.012268,0.000000,0.375465,1.000000,1.000000,0.000000,-0.000992,0.500000,0
0.000000,0.409836,1.000000,1.000000,0.000000,-0.000992,0.500000,0.046627,0.667014,0.200000,0.313725,0.010861,0.000000,0.378277,1.000000,1.000000,0.000000,-0.000992,0.500000,0
0.000000,0.406557,1.000000,1.000000,0.000000,-0.000992,0.500000,0.491071,0.000000,-0.200000,0.333333,0.015217,0.000000,0.369565,1.000000,1.000000,0.000000,-0.000992,0.500000,0
0.000000,0.403279,1.000000,1.000000,0.000000,-0.000992,0.500000,0.237103,0.764629,1.000000,0.705882,0.008118,0.000000,0.383764,1.000000,1.000000,0.000000,-0.000992,0.500000,0
0.000000,0.418605,1.000000,1.000000,0.000000,-0.000992,0.500000,0.014881,0.101712,0.200000,0.588235,0.013187,0.000000,0.373626,1.000000,1.000000,0.000000,-0.000992,0.500000,0
0.000000,0.412541,1.000000,1.000000,0.000000,-0.000992,0.500000,0.046627,0.520291,0.600000,0.745098,0.005556,0.000000,0.388889,1.000000,1.000000,0.000000,-0.000992,0.500000,0
0.000000,0.421569,1.000000,1.000000,0.000000,-0.000992,0.500000,0.110119,0.616499,0.200000,-0.137255,0.003774,0.000000,0.392453,1.000000,1.000000,0.000000,-0.000992,0.500000,0
0.000000,0.400000,1.000000,1.000000,0.000000,-0.000992,0.500000,0.014881,0.703927,-0.600000,0.921569,0.004924,0.000000,0.390152,1.000000,1.000000,0.000000,-0.000992,0.500000,0
0.000000,0.403974,1.000000,1.000000,0.000000,-0.000992,0.500000,0.491071,0.803119,1.000000,-0.490196,0.004511,0.000000,0.390977,1.000000,1.000000,0.000000,-0.000992,0.500000,0
0.000000,0.401961,1.000000,1.000000,0.000000,-0.000992,0.500000,0.110119,0.848384,1.000000,0.333333,0.005660,0.000000,0.388679,1.000000,1.000000,0.000000,-0.000992,0.500000,0
0.000000,0.375465,1.000000,1.000000,0.000000,-0.000992,0.500000,0.999008,0.000000,-0.200000,-0.941176,0.015287,0.000000,0.369427,1.000000,1.000000,0.000000,-0.000992,0.500000,0
0.000000,0.378277,1.000000,1.000000,0.000000,-0.000992,0.500000,0.491071,0.270955,-0.200000,0.941176,0.009677,0.000000,0.380645,1.000000,1.000000,0.000000,-0.000992,0.500000,0
0.000000,0.369565,1.000000,1.000000,0.000000,-0.000992,0.500000,0.014881,0.802618,-1.000000,-0.529412,0.011075,0.000000,0.377850,1.000000,1.000000,0.000000,-0.000992,0.500000,0
0.000000,0.383764,1.000000,1.000000,0.000000,-0.000992,0.500000,0.014881,0.062437,-1.000000,0.745098,0.011475,0.000000,0.377049,1.000000,1.000000,0.000000,-0.000992,0.500000,0
0.000000,0.373626,1.000000,1.000000,0.000000,-0.000992,0.500000,0.999008,0.000000,-1.000000,-0.274510,0.010065,0.000000,0.379870,1.000000,1.000000,0.000000,-0.000992,0.500000,0
0.000000,0.388889,1.000000,1.000000,0.000000,-0.000992,0.500000,0.110119,0.000000,-1.000000,-0.568627,0.008824,0.000000,0.382353,1.000000,1.000000,0.000000,-0.000992,0.500000,0
0.000000,0.392453,1.000000,1.000000,0.000000,-0.000992,0.500000,-0.000992,0.446977,-0.200000,0.372549,0.007566,0.000000,0.384868,1.000000,1.000000,0.000000,-0.000992,0.500000,0
0.000000,0.390152,1.000000,1.000000,0.000000,-0.000992,0.500000,0.999008,0.000000,0.600000,-0.882353,0.009061,0.000000,0.381877,1.000000,1.000000,0.000000,-0.000992,0.500000,0
0.000000,0.390977,1.000000,1.000000,0.000000,-0.000992,0.500000,0.046627,0.745057,0.200000,0.509804,0.013312,0.000000,0.373377,1.000000,1.000000,0.000000,-0.000992,0.500000,0
0.000000,0.388679,1.000000,1.000000,0.000000,-0.000992,0.500000,0.014881,0.688822,1.000000,-0.607843,0.010458,0.000000,0.379085,1.000000,1.000000,0.000000,-0.000992,0.500000,0
0.000000,0.369427,1.000000,1.000000,0.000000,-0.000992,0.500000,0.237103,0.434330,0.600000,0.647059,0.019588,0.000000,0.360825,1.000000,1.000000,0.000000,-0.000992,0.500000,0
0.000000,0.380645,1.000000,1.000000,0.000000,-0.000992,0.500000,0.491071,0.000000,0.600000,-0.117647,0.016434,0.000000,0.367133,1.000000,1.000000,0.000000,-0.000992,0.500000,0
0.000000,0.377850,1.000000,1.000000,0.000000,-0.000992,0.500000,0.110119,0.001115,-0.600000,-0.254902,0.017073,0.000000,0.365854,1.000000,1.000000,0.000000,-0.000992,0.500000,0
0.000000,0.377049,1.000000,1.000000,0.000000,-0.000992,0.500000,-0.000992,0.534192,-1.000000,0.686275,0.018815,0.000000,0.362369,1.000000,1.000000,0.000000,-0.000992,0.500000,0
0.000000,0.379870,1.000000,1.000000,0.000000,-0.000992,0.500000,-0.000992,0.912785,-0.200000,0.745098,0.019588,0.000000,0.360825,1.000000,1.000000,0.000000,-0.000992,0.500000,0
0.000000,0.382353,1.000000,1.000000,0.000000,-0.000992,0.500000,0.237103,0.179454,-1.000000,0.000000,0.013380,0.000000,0.373239,1.000000,1.000000,0.000000,-0.000992,0.500000,0
0.000000,0.384868,1.000000,1.000000,0.000000,-0.000992,0.500000,0.110119,0.836120,-0.200000,0.176471,0.013380,0.000000,0.373239,1.000000,1.000000,0.000000,-0.000992,0.500000,0
0.000000,0.381877,1.000000,1.000000,0.000000,-0.000992,0.500000,0.110119,0.767001,-0.200000,-0.882353,0.012281,0.000000,0.375439,1.000000,1.000000,0.000000,-0.000992,0.500000,0
0.000000,0.373377,1.000000,1.000000,0.000000,-0.000992,0.500000,0.999008,0.000000,-0.600000,0.705882,0.016434,0.000000,0.367133,1.000000,1.000000,0.000000,-0.000992,0.500000,0
0.000000,0.379085,1.000000,1.000000,0.000000,-0.000992,0.500000,0.491071,0.185185,0.600000,-0.078431,0.013380,0.000000,0.373239,1.000000,1.000000,0.000000,-0.000992,0.500000,0
0.000000,0.360825,1.000000,1.000000,0.000000,-0.000992,0.500000,0.491071,0.424951,-0.200000,0.784314,0.015534,0.000000,0.368932,1.000000,1.000000,0.000000,-0.000992,0.500000,0
0.000000,0.367133,1.000000,1.000000,0.000000,-0.000992,0.500000,-0.000992,0.318137,0.600000,0.274510,0.018471,0.000000,0.363057,1.000000,1.000000,0.000000,-0.000992,0.500000,0
0.000000,0.365854,1.000000,1.000000,0.000000,-0.000992,0.500000,0.237103,0.902471,-0.200000,0.882353,0.006818,0.000000,0.386364,1.000000,1.000000,0.000000,-0.000992,0.500000,0
0.000000,0.362369,1.000000,1.000000,0.000000,-0.000992,0.500000,0.046627,0.042664,0.600000,0.509804,0.014332,0.000000,0.371336,1.000000,1.000000,0.000000,-0.000992,0.500000,0
0.000000,0.360825,1.000000,1.000000,0.000000,-0.000992,0.500000,0.046627,0.808533,1.000000,-0.764706,0.013725,0.000000,0.372549,1.000000,1.000000,0.000000,-0.000992,0.500000,0
0.000000,0.373239,1.000000,1.000000,0.000000,-0.000992,0.500000,0.999008,0.000000,0.600000,0.254902,0.012704,0.000000,0.374593,1.000000,1.000000,0.000000,-0.000992,0.500000,0
0.000000,0.373239,1.000000,1.000000,0.000000,-0.000992,0.500000,0.014881,0.414904,-0.200000,0.666667,0.014332,0.000000,0.371336,1.000000,1.000000,0.000000,-0.000992,0.500000,0
0.000000,0.375439,1.000000,1.000000,0.000000,-0.000992,0.500000,0.014881,0.224572,-1.000000,-0.882353,0.007443,0.000000,0.385113,1.000000,1.000000,0.000000,-0.000992,0.500000,0
0.000000,0.367133,1.000000,1.000000,0.000000,-0.000992,0.500000,0.110119,0.158305,0.200000,0.392157,0.011475,0.000000,0.377049,1.000000,1.000000,0.000000,-0.000992,0.500000,0
0.000000,0.373239,1.000000,1.000000,0.000000,-0.000992,0.500000,0.491071,0.656920,-0.200000,-0.215686,0.013312,0.000000,0.373377,1.000000,1.000000,0.000000,-0.000992,0.500000,0
0.000000,0.368932,1.000000,1.000000,0.000000,-0.000992,0.500000,-0.000992,0.919722,1.000000,0.980392,0.016781,0.000000,0.366438,1.000000,1.000000,0.000000,-0.000992,0.500000,0
0.000000,0.363057,1.000000,1.000000,0.000000,-0.000992,0.500000,0.491071,0.563353,0.200000,-0.705882,0.010997,0.000000,0.378007,1.000000,1.000000,0.000000,-0.000992,0.500000,0
0.000000,0.386364,1.000000,1.000000,0.000000,-0.000992,0.500000,-0.000992,0.714569,0.600000,-0.431373,0.015517,0.000000,0.368966,1.000000,1.000000,0.000000,-0.000992,0.500000,0
0.000000,0.371336,1.000000,1.000000,0.000000,-0.000992,0.500000,0.999008,0.000000,-0.200000,-0.862745,0.018792,0.000000,0.362416,1.000000,1.000000,0.000000,-0.000992,0.500000,0
0.000000,0.372549,1.000000,1.000000,0.000000,-0.000992,0.500000,0.999008,0.000000,-0.200000,-0.568627,0.012715,0.000000,0.374570,1.000000,1.000000,0.000000,-0.000992,0.500000,0
0.000000,0.374593,1.000000,1.000000,0.000000,-0.000992,0.500000,-0.000992,0.796829,0.600000,-0.431373,0.012069,0.000000,0.375862,1.000000,1.000000,0.000000,-0.000992,0.500000,0
0.000000,0.371336,1.000000,1.000000,0.000000,-0.000992,0.500000,0.237103,0.202861,-0.600000,0.921569,0.019728,0.000000,0.360544,1.000000,1.000000,0.000000,-0.000992,0.500000,0
0.000000,0.385113,1.000000,1.000000,0.000000,-0.000992,0.500000,0.046627,0.023933,-1.000000,0.235294,0.019113,0.000000,0.361775,1.000000,1.000000,0.000000,-0.000992,0.500000,0
0.000000,0.377049,1.000000,1.000000,0.000000,-0.000992,0.500000,0.491071,0.000000,0.600000,0.666667,0.003819,0.000000,0.392361,1.000000,1.000000,0.000000,-0.000992,0.500000,0
0.000000,0.373377,1.000000,1.000000,0.000000,-0.000992,0.500000,0.110119,0.134894,0.200000,0.901961,0.013793,0.000000,0.372414,1.000000,1.000000,0.000000,-0.000992,0.500000,0
0.000000,0.366438,1.000000,1.000000,0.000000,-0.000992,0.500000,0.237103,0.618986,1.000000,0.509804,0.005466,0.000000,0.389068,1.000000,1.000000,0.000000,-0.000992,0.500000,0
0.000000,0.378007,1.000000,1.000000,0.000000,-0.000992,0.500000,0.110119,0.329989,0.200000,-0.450980,0.005732,0.000000,0.388535,1.000000,1.000000,0.000000,-0.000992,0.500000,0
0.000000,0.368966,1.000000,1.000000,0.000000,-0.000992,0.500000,0.046627,0.882414,0.200000,0.745098,0.007692,0.000000,0.384615,1.000000,1.000000,0.000000,-0.000992,0.500000,0
0.000000,0.362416,1.000000,1.000000,0.000000,-0.000992,0.500000,0.014881,0.203424,0.200000,0.000000,0.007074,0.000000,0.385852,1.000000,1.000000,0.000000,-0.000992,0.500000,0
0.000000,0.374570,1.000000,1.000000,0.000000,-0.000992,0.500000,0.999008,0.000000,0.200000,-0.411765,0.004487,0.000000,0.391026,1.000000,1.000000,0.000000,-0.000992,0.500000,0
0.000000,0.375862,1.000000,1.000000,0.000000,-0.000992,0.500000,-0.000992,0.821606,-0.600000,-0.921569,0.008307,0.000000,0.383387,1.000000,1.000000,0.000000,-0.000992,0.500000,0
0.000000,0.360544,1.000000,1.000000,0.000000,-0.000992,0.500000,0.110119,0.356745,-1.000000,0.843137,0.003859,0.000000,0.392283,1.000000,1.000000,0.000000,-0.000992,0.500000,0
0.000000,0.361775,1.000000,1.000000,0.000000,-0.000992,0.500000,0.046627,0.982310,-0.200000,0.745098,0.007692,0.000000,0.384615,1.000000,1.000000,0.000000,-0.000992,0.500000,0
0.000000,0.392361,1.000000,1.000000,0.000000,-0.000992,0.500000,0.110119,0.769231,0.600000,-0.745098,0.010726,0.000000,0.378549,1.000000,1.000000,0.000000,-0.000992,0.500000,0
0.000000,0.372414,1.000000,1.000000,0.000000,-0.000992,0.500000,0.110119,0.000000,-0.200000,-0.627451,0.004839,0.000000,0.390323,1.000000,1.000000,0.000000,-0.000992,0.500000,0
0.000000,0.389068,1.000000,1.000000,0.000000,-0.000992,0.500000,0.014881,0.315206,-0.600000,-0.705882,0.027119,0.000000,0.345763,1.000000,1.000000,0.000000,-0.000992,0.500000,0
0.000000,0.388535,1.000000,1.000000,0.000000,-0.000992,0.500000,0.046627,0.636837,-0.600000,-0.764706,0.023529,0.000000,0.352941,1.000000,1.000000,0.000000,-0.000992,0.500000,0
0.000000,0.384615,1.000000,1.000000,0.000000,-0.000992,0.500000,-0.000992,0.354807,-1.000000,-0.784314,0.019588,0.000000,0.360825,1.000000,1.000000,0.000000,-0.000992,0.500000,0
0.000000,0.385852,1.000000,1.000000,0.000000,-0.000992,0.500000,0.014881,0.887210,-0.200000,0.588235,0.025260,0.000000,0.349481,1.000000,1.000000,0.000000,-0.000992,0.500000,0
0.000000,0.391026,1.000000,1.000000,0.000000,-0.000992,0.500000,0.237103,0.466840,-0.600000,0.215686,0.023529,0.000000,0.352941,1.000000,1.000000,0.000000,-0.000992,0.500000,0
0.000000,0.383387,1.000000,1.000000,0.000000,-0.000992,0.500000,0.491071,0.265107,0.200000,-0.039216,0.017869,0.000000,0.364261,1.000000,1.000000,0.000000,-0.000992,0.500000,0
0.000000,0.392283,1.000000,1.000000,0.000000,-0.000992,0.500000,0.999008,0.000000,-0.200000,-0.392157,0.016434,0.000000,0.367133,1.000000,1.000000,0.000000,-0.000992,0.500000,0
0.000000,0.384615,1.000000,1.000000,0.000000,-0.000992,0.500000,0.999008,0.000000,0.200000,-0.705882,0.023529,0.000000,0.352941,1.000000,1.000000,0.000000,-0.000992,0.500000,0
0.000000,0.378549,1.000000,1.000000,0.000000,-0.000992,0.500000,0.237103,0.465540,-0.200000,0.078431,0.022917,0.000000,0.354167,1.000000,1.000000,0.000000,-0.000992,0.500000,0
0.000000,0.390323,1.000000,1.000000,0.000000,-0.000992,0.500000,-0.000992,0.666997,-1.000000,0.941176,0.025260,0.000000,0.349481,1.000000,1.000000,0.000000,-0.000992,0.500000,0
0.000000,0.345763,1.000000,1.000000,0.000000,-0.000992,0.500000,0.999008,0.000000,-0.200000,-0.980392,0.025000,0.000000,0.350000,1.000000,1.000000,0.000000,-0.000992,0.500000,0
0.000000,0.352941,1.000000,1.000000,0.000000,-0.000992,0.500000,0.999008,0.000000,-0.200000,0.666667,0.026019,0.000000,0.347962,1.000000,1.000000,0.000000,-0.000992,0.500000,0
0.000000,0.360825,1.000000,1.000000,0.000000,-0.000992,0.500000,0.491071,0.822612,0.600000,0.019608,0.030769,0.000000,0.338462,1.000000,1.000000,0.000000,-0.000992,0.500000,0
0.000000,0.349481,1.000000,1.000000,0.000000,-0.000992,0.500000,0.237103,0.000000,0.600000,-0.196078,0.018612,0.000000,0.362776,1.000000,1.000000,0.000000,-0.000992,0.500000,0
0.000000,0.352941,1.000000,1.000000,0.000000,-0.000992,0.500000,0.491071,0.730994,-0.200000,0.196078,0.020635,0.000000,0.358730,1.000000,1.000000,0.000000,-0.000992,0.500000,0
0.000000,0.364261,1.000000,1.000000,0.000000,-0.000992,0.500000,0.999008,0.000000,-0.600000,0.764706,0.020189,0.000000,0.359621,1.000000,1.000000,0.000000,-0.000992,0.500000,0
0.000000,0.367133,1.000000,1.000000,0.000000,-0.000992,0.500000,0.110119,0.338907,1.000000,0.098039,0.024367,0.000000,0.351266,1.000000,1.000000,0.000000,-0.000992,0.500000,0
0.000000,0.352941,1.000000,1.000000,0.000000,-0.000992,0.500000,0.237103,0.671001,-1.000000,-0.372549,0.020064,0.000000,0.359873,1.000000,1.000000,0.000000,-0.000992,0.500000,0
0.000000,0.354167,1.000000,1.000000,0.000000,-0.000992,0.500000,0.110119,0.344482,-0.200000,0.960784,0.021656,0.000000,0.356688,1.000000,1.000000,0.000000,-0.000992,0.500000,0
0.000000,0.349481,1.000000,1.000000,0.000000,-0.000992,0.500000,-0.000992,0.214073,1.000000,-0.725490,0.020064,0.000000,0.359873,1.000000,1.000000,0.000000,-0.000992,0.500000,0
0.000000,0.350000,1.000000,1.000000,0.000000,-0.000992,0.500000,0.046627,0.703434,-0.200000,-0.843137,0.056481,0.000000,0.287037,1.000000,1.000000,0.000000,-0.000992,0.500000,0
0.000000,0.347962,1.000000,1.000000,0.000000,-0.000992,0.500000,0.237103,0.459038,0.200000,0.352941,0.054232,0.000000,0.291536,1.000000,1.000000,0.000000,0.237103,0.500000,0
0.000000,0.338462,1.000000,1.000000,0.000000,-0.000992,0.500000,0.491071,0.179337,0.200000,0.450980,0.053583,0.000000,0.292835,1.000000,1.000000,0.000000,0.491071,0.500000,0
0.000000,0.362776,1.000000,1.000000,0.000000,-0.000992,0.500000,0.014881,0.856999,-1.000000,0.980392,0.057367,0.000000,0.285266,1.000000,1.000000,0.000000,0.014881,0.500000,0
0.000000,0.358730,1.000000,1.000000,0.000000,-0.000992,0.500000,0.999008,0.000000,-1.000000,-0.411765,0.052025,0.004000,0.295950,1.000000,1.000000,0.002000,0.999008,0.500000,0
0.000000,0.359621,1.000000,1.000000,0.000000,-0.000992,0.500000,0.046627,0.119667,-1.000000,-0.117647,0.055346,0.000000,0.289308,1.000000,1.000000,0.000000,0.046627,0.500000,0
0.000000,0.351266,1.000000,1.000000,0.000000,-0.000992,0.500000,0.237103,0.097529,0.600000,-0.294118,0.056250,0.000000,0.287500,1.000000,1.000000,0.000000,0.237103,0.500000,0
0.000000,0.359873,1.000000,1.000000,0.000000,-0.000992,0.500000,0.014881,0.720040,0.200000,-0.666667,0.054890,0.000000,0.290221,1.000000,1.000000,0.000000,0.014881,0.500000,0
0.000000,0.356688,1.000000,1.000000,0.000000,-0.000992,0.500000,0.999008,0.000000,-0.600000,0.705882,0.050000,0.000000,0.300000,1.000000,1.000000,0.000000,0.999008,0.500000,0
0.000000,0.359873,1.000000,1.000000,0.000000,-0.000992,0.500000,0.491071,0.230019,0.600000,-0.568627,0.057798,0.000000,0.284404,1.000000,1.000000,0.000000,0.491071,0.500000,0
0.000000,0.287037,1.000000,1.000000,0.000000,-0.000992,0.500000,0.999008,0.000000,-0.200000,-0.392157,0.038806,0.000000,0.322388,1.000000,1.000000,0.000000,-0.000992,0.500000,0
0.000000,0.291536,1.000000,1.000000,0.000000,0.237103,0.500000,0.046627,0.928200,-0.600000,0.274510,0.029787,0.000000,0.340426,1.000000,1.000000,0.000000,-0.000992,0.500000,0
0.000000,0.292835,1.000000,1.000000,0.000000,0.491071,0.500000,0.491071,0.000000,0.200000,-0.568627,0.032308,0.000000,0.335385,1.000000,1.000000,0.000000,-0.000992,0.500000,0
0.000000,0.285266,1.000000,1.000000,0.000000,0.014881,0.500000,0.110119,0.110368,0.600000,0.156863,0.033846,0.000000,0.332308,1.000000,1.000000,0.000000,-0.000992,0.500000,0
0.004000,0.295950,1.000000,1.000000,0.002000,0.999008,0.500000,0.046627,0.060354,0.600000,0.901961,0.031790,0.000000,0.336420,1.000000,1.000000,0.000000,-0.000992,0.500000,0
0.000000,0.289308,1.000000,1.000000,0.000000,0.046627,0.500000,0.999008,0.000000,0.600000,0.039216,0.028704,0.000000,0.342593,1.000000,1.000000,0.000000,-0.000992,0.500000,0
0.000000,0.287500,1.000000,1.000000,0.000000,0.237103,0.500000,0.491071,0.380117,-1.000000,0.313725,0.035385,0.000000,0.329231,1.000000,1.000000,0.000000,-0.000992,0.500000,0
0.000000,0.290221,1.000000,1.000000,0.000000,0.014881,0.500000,0.237103,0.000000,-1.000000,-0.352941,0.035385,0.000000,0.329231,1.000000,1.000000,0.000000,-0.000992,0.500000,0
0.000000,0.300000,1.000000,1.000000,0.000000,0.999008,0.500000,0.014881,0.742195,-0.600000,-0.019608,0.034356,0.000000,0.331288,1.000000,1.000000,0.000000,-0.000992,0.500000,0
0.000000,0.284404,1.000000,1.000000,0.000000,0.491071,0.500000,-0.000992,0.370664,-0.600000,0.921569,0.033846,0.000000,0.332308,1.000000,1.000000,0.000000,-0.000992,0.500000,0
0.000000,0.322388,1.000000,1.000000,0.000000,-0.000992,0.500000,0.110119,0.896321,0.200000,-0.333333,0.056908,0.000000,0.286184,1.000000,1.000000,0.000000,-0.000992,0.500000,0
0.000000,0.340426,1.000000,1.000000,0.000000,-0.000992,0.500000,-0.000992,0.705649,0.200000,0.941176,0.055219,0.000000,0.289562,1.000000,1.000000,0.000000,-0.000992,0.500000,0
0.000000,0.335385,1.000000,1.000000,0.000000,-0.000992,0.500000,-0.000992,0.490585,-1.000000,-0.803922,0.054730,0.000000,0.290541,1.000000,1.000000,0.000000,-0.000992,0.500000,0
0.000000,0.332308,1.000000,1.000000,0.000000,-0.000992,0.500000,0.491071,0.000000,-0.600000,-0.725490,0.049498,0.000000,0.301003,1.000000,1.000000,0.000000,-0.000992,0.500000,0
0.000000,0.336420,1.000000,1.000000,0.000000,-0.000992,0.500000,0.491071,0.000000,0.600000,0.039216,0.054027,0.000000,0.291946,1.000000,1.000000,0.000000,-0.000992,0.500000,0
0.000000,0.342593,1.000000,1.000000,0.000000,-0.000992,0.500000,0.491071,0.000000,-1.000000,-0.941176,0.051667,0.000000,0.296667,1.000000,1.000000,0.000000,-0.000992,0.500000,0
0.000000,0.329231,1.000000,1.000000,0.000000,-0.000992,0.500000,0.014881,0.452165,0.200000,-0.784314,0.054027,0.000000,0.291946,1.000000,1.000000,0.000000,-0.000992,0.500000,0
0.000000,0.329231,1.000000,1.000000,0.000000,-0.000992,0.500000,0.014881,0.405841,-0.200000,0.568627,0.051171,0.000000,0.297659,1.000000,1.000000,0.000000,-0.000992,0.500000,0
0.000000,0.331288,1.000000,1.000000,0.000000,-0.000992,0.500000,-0.000992,0.291378,-0.200000,0.647059,0.052542,0.000000,0.294915,1.000000,1.000000,0.000000,-0.000992,0.500000,0
0.000000,0.332308,1.000000,1.000000,0.000000,-0.000992,0.500000,0.999008,0.000000,-0.600000,-0.647059,0.058766,0.000000,0.282468,1.000000,1.000000,0.000000,-0.000992,0.500000,0
0.000000,0.286184,1.000000,1.000000,0.000000,-0.000992,0.500000,0.046627,0.458897,1.000000,-0.176471,0.067257,0.000000,0.265487,1.000000,1.000000,0.000000,-0.000992,0.500000,0
0.000000,0.289562,1.000000,1.000000,0.000000,-0.000992,0.500000,-0.000992,0.654113,-0.600000,-0.745098,0.068732,0.000000,0.262537,1.000000,1.000000,0.000000,-0.000992,0.500000,0
0.000000,0.290541,1.000000,1.000000,0.000000,-0.000992,0.500000,0.014881,0.859013,-0.600000,0.431373,0.064307,0.000000,0.271386,1.000000,1.000000,0.000000,-0.000992,0.500000,0
0.000000,0.301003,1.000000,1.000000,0.000000,-0.000992,0.500000,0.999008,0.000000,0.600000,-0.176471,0.062832,0.000000,0.274336,1.000000,1.000000,0.000000,-0.000992,0.500000,0
0.000000,0.291946,1.000000,1.000000,0.000000,-0.000992,0.500000,0.237103,0.000000,-1.000000,0.372549,0.063905,0.000000,0.272189,1.000000,1.000000,0.000000,-0.000992,0.500000,0
0.000000,0.296667,1.000000,1.000000,0.000000,-0.000992,0.500000,0.014881,0.190332,0.200000,-0.294118,0.065782,0.000000,0.268437,1.000000,1.000000,0.000000,-0.000992,0.500000,0
0.000000,0.291946,1.000000,1.000000,0.000000,-0.000992,0.500000,0.491071,0.000000,0.600000,-0.098039,0.064307,0.000000,0.271386,1.000000,1.000000,0.000000,-0.000992,0.500000,0
0.000000,0.297659,1.000000,1.000000,0.000000,-0.000992,0.500000,0.110119,0.503902,0.200000,0.568627,0.067257,0.000000,0.265487,1.000000,1.000000,0.000000,-0.000992,0.500000,0
0.000000,0.294915,1.000000,1.000000,0.000000,-0.000992,0.500000,0.491071,0.619883,1.000000,-0.627451,0.068035,0.000000,0.263930,1.000000,1.000000,0.000000,-0.000992,0.500000,0
0.000000,0.282468,1.000000,1.000000,0.000000,-0.000992,0.500000,0.999008,0.000000,-0.600000,-0.215686,0.066279,0.000000,0.267442,1.000000,1.000000,0.000000,-0.000992,0.500000,0
0.000000,0.265487,1.000000,1.000000,0.000000,-0.000992,0.500000,0.014881,0.764350,1.000000,-0.843137,0.046906,0.000000,0.306189,1.000000,1.000000,0.000000,-0.000992,0.500000,0
0.000000,0.262537,1.000000,1.000000,0.000000,-0.000992,0.500000,0.110119,0.021182,0.200000,0.078431,0.046906,0.000000,0.306189,1.000000,1.000000,0.000000,-0.000992,0.500000,0
0.000000,0.271386,1.000000,1.000000,0.000000,-0.000992,0.500000,0.999008,0.000000,-1.000000,0.568627,0.044156,0.000000,0.311688,1.000000,1.000000,0.000000,-0.000992,0.500000,0
0.000000,0.274336,1.000000,1.000000,0.000000,-0.000992,0.500000,0.491071,0.134503,1.000000,-0.647059,0.049026,0.000000,0.301948,1.000000,1.000000,0.000000,-0.000992,0.500000,0
0.000000,0.272189,1.000000,1.000000,0.000000,-0.000992,0.500000,0.014881,0.215509,0.600000,-0.411765,0.044262,0.000000,0.311475,1.000000,1.000000,0.000000,-0.000992,0.500000,0
0.000000,0.268437,1.000000,1.000000,0.000000,-0.000992,0.500000,0.491071,0.000000,-0.200000,-0.490196,0.044771,0.000000,0.310458,1.000000,1.000000,0.000000,-0.000992,0.500000,0
0.000000,0.271386,1.000000,1.000000,0.000000,-0.000992,0.500000,0.491071,0.000000,-1.000000,0.647059,0.038710,0.000000,0.322581,1.000000,1.000000,0.000000,-0.000992,0.500000,0
0.000000,0.265487,1.000000,1.000000,0.000000,-0.000992,0.500000,0.110119,0.620959,0.600000,0.431373,0.044262,0.000000,0.311475,1.000000,1.000000,0.000000,-0.000992,0.500000,0
0.000000,0.263930,1.000000,1.000000,0.000000,-0.000992,0.500000,0.014881,0.502518,1.000000,-0.098039,0.042532,0.000000,0.314935,1.000000,1.000000,0.000000,-0.000992,0.500000,0
0.000000,0.267442,1.000000,1.000000,0.000000,-0.000992,0.500000,0.110119,0.954292,-1.000000,0.901961,0.043234,0.000000,0.313531,1.000000,1.000000,0.000000,-0.000992,0.500000,0
0.000000,0.306189,1.000000,1.000000,0.000000,-0.000992,0.500000,0.014881,0.977845,-0.600000,0.274510,0.039339,0.000000,0.321321,1.000000,1.000000,0.000000,-0.000992,0.500000,0
0.000000,0.306189,1.000000,1.000000,0.000000,-0.000992,0.500000,0.491071,0.836257,1.000000,0.764706,0.037313,0.000000,0.325373,1.000000,1.000000,0.000000,-0.000992,0.500000,0
0.000000,0.311688,1.000000,1.000000,0.000000,-0.000992,0.500000,0.237103,0.838752,0.600000,-0.529412,0.039339,0.000000,0.321321,1.000000,1.000000,0.000000,-0.000992,0.500000,0
0.000000,0.301948,1.000000,1.000000,0.000000,-0.000992,0.500000,0.046627,0.798127,-0.200000,-0.352941,0.037349,0.000000,0.325301,1.000000,1.000000,0.000000,-0.000992,0.500000,0
0.000000,0.311475,1.000000,1.000000,0.000000,-0.000992,0.500000,0.491071,0.590643,-1.000000,0.784314,0.038323,0.000000,0.323353,1.000000,1.000000,0.000000,-0.000992,0.500000,0
0.000000,0.310458,1.000000,1.000000,0.000000,-0.000992,0.500000,0.014881,0.770393,0.600000,-0.509804,0.036858,0.000000,0.326284,1.000000,1.000000,0.000000,-0.000992,0.500000,0
0.000000,0.322581,1.000000,1.000000,0.000000,-0.000992,0.500000,0.999008,0.000000,0.200000,-0.764706,0.029851,0.000000,0.340299,1.000000,1.000000,0.000000,-0.000992,0.500000,0
0.000000,0.311475,1.000000,1.000000,0.000000,-0.000992,0.500000,0.237103,0.000000,-0.200000,0.019608,0.038323,0.000000,0.323353,1.000000,1.000000,0.000000,-0.000992,0.500000,0
0.000000,0.314935,1.000000,1.000000,0.000000,-0.000992,0.500000,0.999008,0.000000,0.200000,-0.392157,0.036826,0.000000,0.326347,1.000000,1.000000,0.000000,-0.000992,0.500000,0
0.000000,0.313531,1.000000,1.000000,0.000000,-0.000992,0.500000,0.046627,0.628512,0.200000,0.156863,0.038369,0.000000,0.323263,1.000000,1.000000,0.000000,-0.000992,0.500000,0
0.000000,0.321321,1.000000,1.000000,0.000000,-0.000992,0.500000,0.014881,0.411883,0.200000,0.568627,0.082911,0.000000,0.234177,1.000000,1.000000,0.000000,-0.000992,0.500000,0
0.000000,0.325373,1.000000,1.000000,0.000000,-0.000992,0.500000,0.237103,0.511053,1.000000,-0.039216,0.084858,0.000000,0.230284,1.000000,1.000000,0.000000,-0.000992,0.500000,0
0.000000,0.321321,1.000000,1.000000,0.000000,-0.000992,0.500000,0.491071,0.000000,0.600000,-0.686275,0.084494,0.000000,0.231013,1.000000,1.000000,0.000000,-0.000992,0.500000,0
0.000000,0.325301,1.000000,1.000000,0.000000,-0.000992,0.500000,0.014881,0.373615,1.000000,-0.607843,0.079747,0.000000,0.240506,1.000000,1.000000,0.000000,-0.000992,0.500000,0
0.000000,0.323353,1.000000,1.000000,0.000000,-0.000992,0.500000,0.237103,0.317295,1.000000,0.313725,0.084494,0.000000,0.231013,1.000000,1.000000,0.000000,-0.000992,0.500000,0
0.000000,0.326284,1.000000,1.000000,0.000000,-0.000992,0.500000,0.491071,0.000000,0.600000,-0.294118,0.079747,0.000000,0.240506,1.000000,1.000000,0.000000,-0.000992,0.500000,0
0.000000,0.340299,1.000000,1.000000,0.000000,-0.000992,0.500000,0.046627,0.888658,-0.600000,-0.843137,0.084127,0.000000,0.231746,1.000000,1.000000,0.000000,-0.000992,0.500000,0
0.000000,0.323353,1.000000,1.000000,0.000000,-0.000992,0.500000,0.999008,0.000000,-1.000000,0.470588,0.074603,0.000000,0.250794,1.000000,1.000000,0.000000,-0.000992,0.500000,0
0.000000,0.326347,1.000000,1.000000,0.000000,-0.000992,0.500000,0.110119,0.000000,1.000000,0.666667,0.082166,0.000000,0.235669,1.000000,1.000000,0.000000,-0.000992,0.500000,0
0.000000,0.323263,1.000000,1.000000,0.000000,-0.000992,0.500000,0.014881,0.399799,-0.600000,-0.117647,0.084013,0.000000,0.231975,1.000000,1.000000,0.000000,-0.000992,0.500000,0
0.000000,0.234177,1.000000,1.000000,0.000000,-0.000992,0.500000,0.237103,0.080624,-0.600000,-0.411765,0.055882,0.000000,0.288235,1.000000,1.000000,0.000000,-0.000992,0.500000,0
0.000000,0.230284,1.000000,1.000000,0.000000,-0.000992,0.500000,0.999008,0.000000,1.000000,0.549020,0.048529,0.000000,0.302941,1.000000,1.000000,0.000000,-0.000992,0.500000,0
0.000000,0.231013,1.000000,1.000000,0.000000,-0.000992,0.500000,0.110119,0.370123,0.600000,0.450980,0.053550,0.000000,0.292899,1.000000,1.000000,0.000000,-0.000992,0.500000,0
0.000000,0.240506,1.000000,1.000000,0.000000,-0.000992,0.500000,0.046627,0.398543,-0.200000,0.156863,0.055030,0.000000,0.289941,1.000000,1.000000,0.000000,-0.000992,0.500000,0
0.000000,0.231013,1.000000,1.000000,0.000000,-0.000992,0.500000,0.237103,0.249675,-0.600000,-0.196078,0.052507,0.000000,0.294985,1.000000,1.000000,0.000000,-0.000992,0.500000,0
0.000000,0.240506,1.000000,1.000000,0.000000,-0.000992,0.500000,0.237103,0.387516,0.200000,-0.607843,0.054651,0.000000,0.290698,1.000000,1.000000,0.000000,-0.000992,0.500000,0
0.000000,0.231746,1.000000,1.000000,0.000000,-0.000992,0.500000,-0.000992,0.604559,-0.600000,-0.745098,0.050148,0.000000,0.299703,1.000000,1.000000,0.000000,-0.000992,0.500000,0
0.000000,0.250794,1.000000,1.000000,0.000000,-0.000992,0.500000,0.014881,0.140987,-0.200000,0.901961,0.053550,0.000000,0.292899,1.000000,1.000000,0.000000,-0.000992,0.500000,0
0.000000,0.235669,1.000000,1.000000,0.000000,-0.000992,0.500000,0.999008,0.000000,-0.200000,-0.235294,0.046377,0.000000,0.307246,1.000000,1.000000,0.000000,-0.000992,0.500000,0
0.000000,0.231975,1.000000,1.000000,0.000000,-0.000992,0.500000,0.014881,0.642497,-0.600000,-0.490196,0.054839,0.000000,0.290323,1.000000,1.000000,0.000000,-0.000992,0.500000,0
0.000000,0.288235,1.000000,1.000000,0.000000,-0.000992,0.500000,0.237103,0.457737,-0.200000,0.235294,0.059133,0.000000,0.281734,1.000000,1.000000,0.000000,-0.000992,0.500000,0
0.000000,0.302941,1.000000,1.000000,0.000000,-0.000992,0.500000,0.046627,0.842872,-1.000000,-0.450980,0.054489,0.000000,0.291022,1.000000,1.000000,0.000000,-0.000992,0.500000,0
0.000000,0.292899,1.000000,1.000000,0.000000,-0.000992,0.500000,0.110119,0.780379,0.200000,-0.137255,0.059813,0.000000,0.280374,1.000000,1.000000,0.000000,-0.000992,0.500000,0
0.000000,0.289941,1.000000,1.000000,0.000000,-0.000992,0.500000,-0.000992,0.020813,-1.000000,0.098039,0.062385,0.000000,0.275229,1.000000,1.000000,0.000000,-0.000992,0.500000,0
0.000000,0.294985,1.000000,1.000000,0.000000,-0.000992,0.500000,-0.000992,0.013875,-1.000000,0.117647,0.056918,0.000000,0.286164,1.000000,1.000000,0.000000,-0.000992,0.500000,0
0.000000,0.290698,1.000000,1.000000,0.000000,-0.000992,0.500000,0.046627,0.577523,-0.200000,0.235294,0.059375,0.000000,0.281250,1.000000,1.000000,0.000000,-0.000992,0.500000,0
0.000000,0.299703,1.000000,1.000000,0.000000,-0.000992,0.500000,0.999008,0.000000,0.200000,-0.470588,0.051852,0.000000,0.296296,1.000000,1.000000,0.000000,-0.000992,0.500000,0
0.000000,0.292899,1.000000,1.000000,0.000000,-0.000992,0.500000,0.110119,0.573021,-0.200000,-0.352941,0.061111,0.000000,0.277778,1.000000,1.000000,0.000000,-0.000992,0.500000,0
0.000000,0.307246,1.000000,1.000000,0.000000,-0.000992,0.500000,-0.000992,0.648167,-0.200000,0.019608,0.061801,0.000000,0.276398,1.000000,1.000000,0.000000,-0.000992,0.500000,0
0.000000,0.290323,1.000000,1.000000,0.000000,-0.000992,0.500000,-0.000992,0.587711,0.200000,-0.666667,0.059375,0.000000,0.281250,1.000000,1.000000,0.000000,-0.000992,0.500000,0
0.000000,0.281734,1.000000,1.000000,0.000000,-0.000992,0.500000,0.237103,0.431730,-0.600000,-0.509804,0.071302,0.000000,0.257396,1.000000,1.000000,0.000000,-0.000992,0.500000,0
0.000000,0.291022,1.000000,1.000000,0.000000,-0.000992,0.500000,0.491071,0.444444,1.000000,0.568627,0.068732,0.000000,0.262537,1.000000,1.000000,0.000000,-0.000992,0.500000,0
0.000000,0.280374,1.000000,1.000000,0.000000,-0.000992,0.500000,0.110119,0.666667,0.200000,-0.745098,0.069436,0.000000,0.261128,1.000000,1.000000,0.000000,-0.000992,0.500000,0
0.000000,0.275229,1.000000,1.000000,0.000000,-0.000992,0.500000,0.491071,0.000000,-1.000000,0.647059,0.071302,0.000000,0.257396,1.000000,1.000000,0.000000,-0.000992,0.500000,0
0.000000,0.286164,1.000000,1.000000,0.000000,-0.000992,0.500000,0.999008,0.000000,-0.200000,-0.098039,0.070968,0.004000,0.258065,1.000000,1.000000,0.002000,-0.000992,0.500000,0
0.000000,0.281250,1.000000,1.000000,0.000000,-0.000992,0.500000,0.014881,0.011078,-0.600000,0.392157,0.064706,0.000000,0.270588,1.000000,1.000000,0.000000,-0.000992,0.500000,0
0.000000,0.296296,1.000000,1.000000,0.000000,-0.000992,0.500000,0.999008,0.000000,-0.200000,-0.470588,0.065782,0.004000,0.268437,1.000000,1.000000,0.002000,-0.000992,0.500000,0
0.000000,0.277778,1.000000,1.000000,0.000000,-0.000992,0.500000,0.237103,0.182055,-0.200000,-0.764706,0.073178,0.000000,0.253644,1.000000,1.000000,0.000000,-0.000992,0.500000,0
0.000000,0.276398,1.000000,1.000000,0.000000,-0.000992,0.500000,0.237103,0.232770,-0.200000,-0.627451,0.069436,0.000000,0.261128,1.000000,1.000000,0.000000,-0.000992,0.500000,0
0.000000,0.281250,1.000000,1.000000,0.000000,-0.000992,0.500000,0.491071,0.000000,0.600000,-0.274510,0.071302,0.000000,0.257396,1.000000,1.000000,0.000000,-0.000992,0.500000,0
0.000000,0.257396,1.000000,1.000000,0.000000,-0.000992,0.500000,0.491071,0.000000,1.000000,-0.372549,0.051064,0.000000,0.297872,1.000000,1.000000,0.000000,-0.000992,0.500000,0
0.000000,0.262537,1.000000,1.000000,0.000000,-0.000992,0.500000,0.046627,0.074922,1.000000,0.098039,0.050153,0.000000,0.299694,1.000000,1.000000,0.000000,-0.000992,0.500000,0
0.000000,0.261128,1.000000,1.000000,0.000000,-0.000992,0.500000,0.110119,0.221851,1.000000,0.333333,0.046037,0.000000,0.307927,1.000000,1.000000,0.000000,-0.000992,0.500000,0
0.000000,0.257396,1.000000,1.000000,0.000000,-0.000992,0.500000,-0.000992,0.123885,0.200000,0.176471,0.050153,0.000000,0.299694,1.000000,1.000000,0.000000,-0.000992,0.500000,0
0.004000,0.258065,1.000000,1.000000,0.002000,-0.000992,0.500000,-0.000992,0.122894,-0.600000,0.098039,0.049231,0.000000,0.301538,1.000000,1.000000,0.000000,-0.000992,0.500000,0
0.000000,0.270588,1.000000,1.000000,0.000000,-0.000992,0.500000,0.491071,0.364522,0.200000,-0.745098,0.046037,0.000000,0.307927,1.000000,1.000000,0.000000,-0.000992,0.500000,0
0.004000,0.268437,1.000000,1.000000,0.002000,-0.000992,0.500000,0.046627,0.120708,1.000000,0.176471,0.050904,0.000000,0.298193,1.000000,1.000000,0.000000,-0.000992,0.500000,0
0.000000,0.253644,1.000000,1.000000,0.000000,-0.000992,0.500000,0.046627,0.000000,1.000000,-0.313725,0.047095,0.000000,0.305810,1.000000,1.000000,0.000000,-0.000992,0.500000,0
0.000000,0.261128,1.000000,1.000000,0.000000,-0.000992,0.500000,0.237103,0.146944,0.200000,-0.862745,0.052410,0.000000,0.295181,1.000000,1.000000,0.000000,-0.000992,0.500000,0
0.000000,0.257396,1.000000,1.000000,0.000000,-0.000992,0.500000,0.046627,0.096774,0.600000,0.960784,0.050153,0.000000,0.299694,1.000000,1.000000,0.000000,-0.000992,0.500000,0
0.000000,0.297872,1.000000,1.000000,0.000000,-0.000992,0.500000,0.110119,0.065775,1.000000,0.764706,0.077193,0.000000,0.245614,1.000000,1.000000,0.000000,0.110119,0.500000,0
0.000000,0.299694,1.000000,1.000000,0.000000,-0.000992,0.500000,0.999008,0.000000,-1.000000,0.313725,0.068657,0.000000,0.262687,1.000000,1.000000,0.000000,0.999008,0.500000,0
0.000000,0.307927,1.000000,1.000000,0.000000,-0.000992,0.500000,0.110119,0.365663,-0.200000,-0.137255,0.069369,0.000000,0.261261,1.000000,1.000000,0.000000,0.110119,0.500000,0
0.000000,0.299694,1.000000,1.000000,0.000000,-0.000992,0.500000,0.110119,0.663322,-1.000000,-0.627451,0.073112,0.000000,0.253776,1.000000,1.000000,0.000000,0.110119,0.500000,0
0.000000,0.301538,1.000000,1.000000,0.000000,-0.000992,0.500000,0.237103,0.820546,0.600000,0.313725,0.072372,0.004000,0.255255,1.000000,1.000000,0.002000,0.237103,0.500000,0
0.000000,0.307927,1.000000,1.000000,0.000000,-0.000992,0.500000,0.046627,0.044745,0.600000,0.549020,0.069048,0.000000,0.261905,1.000000,1.000000,0.000000,0.046627,0.500000,0
0.000000,0.298193,1.000000,1.000000,0.000000,-0.000992,0.500000,0.046627,0.715921,-0.200000,0.647059,0.071212,0.000000,0.257576,1.000000,1.000000,0.000000,0.046627,0.500000,0
0.000000,0.305810,1.000000,1.000000,0.000000,-0.000992,0.500000,0.014881,0.000000,0.200000,0.686275,0.071212,0.000000,0.257576,1.000000,1.000000,0.000000,0.014881,0.500000,0
0.000000,0.295181,1.000000,1.000000,0.000000,-0.000992,0.500000,0.110119,0.751394,1.000000,-0.294118,0.073112,0.000000,0.253776,1.000000,1.000000,0.000000,0.110119,0.500000,0
0.000000,0.299694,1.000000,1.000000,0.000000,-0.000992,0.500000,0.999008,0.000000,0.600000,-0.372549,0.077551,0.004000,0.244898,1.000000,1.000000,0.002000,0.999008,0.500000,0
0.000000,0.245614,1.000000,1.000000,0.000000,0.110119,0.500000,0.014881,0.419940,-0.600000,-0.803922,-0.010993,0.000000,0.421986,1.000000,1.000000,0.000000,0.014881,0.500000,0
0.000000,0.262687,1.000000,1.000000,0.000000,0.999008,0.500000,0.110119,0.698997,1.000000,0.745098,-0.010993,0.000000,0.421986,1.000000,1.000000,0.000000,0.110119,0.500000,0
0.000000,0.261261,1.000000,1.000000,0.000000,0.110119,0.500000,-0.000992,0.353816,0.600000,-0.313725,-0.009220,0.000000,0.418440,1.000000,1.000000,0.000000,-0.000992,0.500000,0
0.000000,0.253776,1.000000,1.000000,0.000000,0.110119,0.500000,-0.000992,0.334985,-1.000000,-0.588235,-0.009964,0.000000,0.419929,1.000000,1.000000,0.000000,-0.000992,0.500000,0
0.004000,0.255255,1.000000,1.000000,0.002000,0.237103,0.500000,-0.000992,0.092170,-0.200000,-0.705882,-0.008929,0.000000,0.417857,1.000000,1.000000,0.000000,-0.000992,0.500000,0
0.000000,0.261905,1.000000,1.000000,0.000000,0.046627,0.500000,0.237103,0.446034,0.600000,-0.333333,-0.010993,0.000000,0.421986,1.000000,1.000000,0.000000,0.237103,0.500000,0
0.000000,0.257576,1.000000,1.000000,0.000000,0.046627,0.500000,0.491071,0.413255,1.000000,-0.941176,0.000000,0.000000,0.400000,1.000000,1.000000,0.000000,0.491071,0.500000,0
0.000000,0.257576,1.000000,1.000000,0.000000,0.014881,0.500000,0.110119,0.588629,1.000000,0.705882,-0.006714,0.000000,0.413428,1.000000,1.000000,0.000000,0.110119,0.500000,0
0.000000,0.253776,1.000000,1.000000,0.000000,0.110119,0.500000,0.110119,0.470457,0.600000,0.705882,-0.007447,0.000000,0.414894,1.000000,1.000000,0.000000,0.110119,0.500000,0
0.004000,0.244898,1.000000,1.000000,0.002000,0.999008,0.500000,0.110119,0.450390,0.200000,-0.490196,-0.010714,0.000000,0.421429,1.000000,1.000000,0.000000,0.110119,0.500000,0
0.000000,0.421986,1.000000,1.000000,0.000000,0.014881,0.500000,0.014881,0.657603,-0.600000,0.000000,-0.012069,0.000000,0.424138,1.000000,1.000000,0.000000,0.014881,0.500000,0
0.000000,0.421986,1.000000,1.000000,0.000000,0.110119,0.500000,0.237103,0.248375,1.000000,-0.568627,-0.014777,0.004000,0.429553,1.000000,1.000000,0.002000,0.237103,0.500000,0
0.000000,0.418440,1.000000,1.000000,0.000000,-0.000992,0.500000,0.046627,0.598335,-0.600000,-0.549020,-0.012069,0.000000,0.424138,1.000000,1.000000,0.000000,0.046627,0.500000,0
0.000000,0.419929,1.000000,1.000000,0.000000,-0.000992,0.500000,-0.000992,0.224975,0.200000,0.294118,-0.009622,0.000000,0.419244,1.000000,1.000000,0.000000,-0.000992,0.500000,0
0.000000,0.417857,1.000000,1.000000,0.000000,-0.000992,0.500000,0.999008,0.000000,0.600000,-0.725490,-0.015254,0.004000,0.430508,1.000000,1.000000,0.002000,0.999008,0.500000,0
0.000000,0.421986,1.000000,1.000000,0.000000,0.237103,0.500000,0.046627,0.054110,-0.600000,-0.411765,-0.014286,0.000000,0.428571,1.000000,1.000000,0.000000,0.046627,0.500000,0
0.000000,0.400000,1.000000,1.000000,0.000000,0.491071,0.500000,0.491071,0.000000,0.200000,-0.509804,-0.007904,0.000000,0.415808,1.000000,1.000000,0.000000,0.491071,0.500000,0
0.000000,0.413428,1.000000,1.000000,0.000000,0.110119,0.500000,0.491071,0.000000,0.600000,-0.450980,-0.005782,0.004000,0.411565,1.000000,1.000000,0.002000,0.491071,0.500000,0
0.000000,0.414894,1.000000,1.000000,0.000000,0.110119,0.500000,0.014881,0.126888,0.200000,0.450980,-0.009343,0.000000,0.418685,1.000000,1.000000,0.000000,0.014881,0.500000,0
0.000000,0.421429,1.000000,1.000000,0.000000,0.110119,0.500000,0.110119,0.470457,1.000000,0.549020,-0.008904,0.004000,0.417808,1.000000,1.000000,0.002000,0.110119,0.500000,0
0.000000,0.424138,1.000000,1.000000,0.000000,0.014881,0.500000,0.999008,0.000000,-1.000000,-0.019608,0.027759,0.004000,0.344482,1.000000,1.000000,0.002000,0.999008,0.500000,0
0.004000,0.429553,1.000000,1.000000,0.002000,0.237103,0.500000,0.046627,0.080125,-1.000000,0.254902,0.021799,0.000000,0.356401,1.000000,1.000000,0.000000,0.046627,0.500000,0
0.000000,0.424138,1.000000,1.000000,0.000000,0.046627,0.500000,0.046627,0.579605,-1.000000,0.392157,0.022414,0.000000,0.355172,1.000000,1.000000,0.000000,0.046627,0.500000,0
0.000000,0.419244,1.000000,1.000000,0.000000,-0.000992,0.500000,0.014881,0.215509,0.200000,-0.431373,0.021918,0.000000,0.356164,1.000000,1.000000,0.000000,0.014881,0.500000,0
0.004000,0.430508,1.000000,1.000000,0.002000,0.999008,0.500000,0.491071,0.000000,0.600000,-0.313725,0.015517,0.000000,0.368966,1.000000,1.000000,0.000000,0.491071,0.500000,0
0.000000,0.428571,1.000000,1.000000,0.000000,0.046627,0.500000,0.014881,0.480363,-0.200000,-0.843137,0.015331,0.000000,0.369338,1.000000,1.000000,0.000000,0.014881,0.500000,0
0.000000,0.415808,1.000000,1.000000,0.000000,0.491071,0.500000,0.110119,0.620959,-0.200000,-0.196078,0.017073,0.000000,0.365854,1.000000,1.000000,0.000000,0.110119,0.500000,0
0.004000,0.411565,1.000000,1.000000,0.002000,0.491071,0.500000,-0.000992,0.723489,0.200000,-0.372549,0.023529,0.000000,0.352941,1.000000,1.000000,0.000000,-0.000992,0.500000,0
0.000000,0.418685,1.000000,1.000000,0.000000,0.014881,0.500000,-0.000992,0.862240,0.200000,-0.411765,0.023529,0.000000,0.352941,1.000000,1.000000,0.000000,-0.000992,0.500000,0
0.004000,0.417808,1.000000,1.000000,0.002000,0.110119,0.500000,0.046627,0.560874,0.200000,-0.039216,0.021181,0.000000,0.357639,1.000000,1.000000,0.000000,0.046627,0.500000,0
0.004000,0.344482,1.000000,1.000000,0.002000,0.999008,0.500000,0.110119,0.998885,0.600000,-0.882353,-0.004682,0.000000,0.408027,0.996656,1.000000,0.000000,0.110119,0.500000,0
0.000000,0.356401,1.000000,1.000000,0.000000,0.046627,0.500000,0.046627,0.304891,-0.600000,-0.098039,-0.006463,0.000000,0.411565,0.996599,1.000000,0.000000,0.046627,0.500000,0
0.000000,0.355172,1.000000,1.000000,0.000000,0.046627,0.500000,0.237103,0.412224,-1.000000,0.078431,-0.007483,0.000000,0.414966,1.000000,1.000000,0.000000,0.237103,0.500000,0
0.000000,0.356164,1.000000,1.000000,0.000000,0.014881,0.500000,0.491071,0.493177,0.600000,0.862745,-0.006061,0.004000,0.410774,0.996633,1.000000,0.002000,0.491071,0.500000,0
0.000000,0.368966,1.000000,1.000000,0.000000,0.491071,0.500000,0.046627,0.000000,1.000000,-0.588235,-0.007877,0.000000,0.414384,0.996575,1.000000,0.000000,0.046627,0.500000,0
0.000000,0.369338,1.000000,1.000000,0.000000,0.014881,0.500000,0.014881,0.799597,-1.000000,-0.705882,-0.007167,0.000000,0.412969,0.996587,1.000000,0.000000,0.014881,0.500000,0
0.000000,0.365854,1.000000,1.000000,0.000000,0.110119,0.500000,0.491071,0.000000,0.200000,-0.254902,-0.006463,0.004000,0.411565,0.996599,1.000000,0.002000,0.491071,0.500000,0
0.000000,0.352941,1.000000,1.000000,0.000000,-0.000992,0.500000,-0.000992,0.404361,-1.000000,0.823529,-0.008163,0.000000,0.414966,0.996599,1.000000,0.000000,-0.000992,0.500000,0
0.000000,0.352941,1.000000,1.000000,0.000000,-0.000992,0.500000,0.046627,0.526535,-0.600000,-0.921569,-0.002333,0.000000,0.403333,0.996667,1.000000,0.000000,0.046627,0.500000,0
0.000000,0.357639,1.000000,1.000000,0.000000,0.046627,0.500000,0.237103,0.102731,1.000000,-0.509804,-0.009153,0.000000,0.416949,0.996610,1.000000,0.000000,0.237103,0.500000,0
0.000000,0.408027,0.996656,1.000000,0.000000,0.110119,0.500000,0.110119,0.374582,0.600000,0.450980,0.029392,0.000000,0.341216,1.000000,1.000000,0.000000,0.110119,0.500000,0
0.000000,0.411565,0.996599,1.000000,0.000000,0.046627,0.500000,0.491071,0.000000,1.000000,0.196078,0.026599,0.000000,0.346801,1.000000,1.000000,0.000000,0.491071,0.500000,0
0.000000,0.414966,1.000000,1.000000,0.000000,0.237103,0.500000,0.110119,0.238573,0.600000,-0.549020,0.031081,0.000000,0.337838,1.000000,1.000000,0.000000,0.110119,0.500000,0
0.004000,0.410774,0.996633,1.000000,0.002000,0.491071,0.500000,0.046627,0.176899,-1.000000,-0.274510,0.027645,0.000000,0.344710,1.000000,1.000000,0.000000,0.046627,0.500000,0
0.000000,0.414384,0.996575,1.000000,0.000000,0.046627,0.500000,0.046627,0.879292,0.600000,0.352941,0.026531,0.000000,0.346939,1.000000,1.000000,0.000000,0.046627,0.500000,0
0.000000,0.412969,0.996587,1.000000,0.000000,0.014881,0.500000,0.110119,0.162765,-0.600000,-0.117647,0.028814,0.000000,0.342373,1.000000,1.000000,0.000000,0.110119,0.500000,0
0.004000,0.411565,0.996599,1.000000,0.002000,0.491071,0.500000,0.999008,0.000000,-0.200000,0.568627,0.019113,0.000000,0.361775,1.000000,1.000000,0.000000,0.999008,0.500000,0
0.000000,0.414966,0.996599,1.000000,0.000000,-0.000992,0.500000,0.014881,0.370594,-0.600000,0.882353,0.029392,0.000000,0.341216,1.000000,1.000000,0.000000,0.014881,0.500000,0
0.000000,0.403333,0.996667,1.000000,0.000000,0.046627,0.500000,0.491071,0.079922,-0.600000,-0.019608,0.028814,0.000000,0.342373,1.000000,1.000000,0.000000,0.491071,0.500000,0
0.000000,0.416949,0.996610,1.000000,0.000000,0.237103,0.500000,0.014881,0.756294,-0.600000,0.960784,0.027645,0.000000,0.344710,1.000000,1.000000,0.000000,0.014881,0.500000,0
0.000000,0.341216,1.000000,1.000000,0.000000,0.110119,0.500000,0.014881,0.640483,1.000000,0.529412,0.011438,0.000000,0.375817,0.996732,1.000000,0.000000,0.014881,0.500000,0
0.000000,0.346801,1.000000,1.000000,0.000000,0.491071,0.500000,0.014881,0.232628,0.600000,0.921569,0.006536,0.000000,0.385621,0.996732,1.000000,0.000000,0.014881,0.500000,0
0.000000,0.337838,1.000000,1.000000,0.000000,0.110119,0.500000,0.110119,0.000000,1.000000,0.490196,0.009571,0.000000,0.379538,0.996700,1.000000,0.000000,0.110119,0.500000,0
0.000000,0.344710,1.000000,1.000000,0.000000,0.046627,0.500000,0.237103,0.490247,-0.200000,-0.588235,0.008824,0.000000,0.382353,1.000000,1.000000,0.000000,0.237103,0.500000,0
0.000000,0.346939,1.000000,1.000000,0.000000,0.046627,0.500000,0.491071,0.000000,0.200000,-0.176471,0.011438,0.000000,0.375817,0.996732,1.000000,0.000000,0.491071,0.500000,0
0.000000,0.342373,1.000000,1.000000,0.000000,0.110119,0.500000,0.110119,0.536232,0.600000,-0.333333,0.013269,0.004000,0.372168,0.996764,1.000000,0.002000,0.110119,0.500000,0
0.000000,0.361775,1.000000,1.000000,0.000000,0.999008,0.500000,0.237103,0.057217,0.200000,0.705882,0.012052,0.000000,0.374593,0.996743,1.000000,0.000000,0.237103,0.500000,0
0.000000,0.341216,1.000000,1.000000,0.000000,0.014881,0.500000,-0.000992,0.327056,-0.200000,0.549020,0.013072,0.000000,0.372549,0.996732,1.000000,0.000000,-0.000992,0.500000,0
0.000000,0.342373,1.000000,1.000000,0.000000,0.491071,0.500000,0.999008,0.000000,-1.000000,0.980392,0.007166,0.000000,0.384365,0.996743,1.000000,0.000000,0.999008,0.500000,0
0.000000,0.344710,1.000000,1.000000,0.000000,0.014881,0.500000,0.491071,0.068226,0.200000,0.745098,0.008795,0.004000,0.381107,0.996743,1.000000,0.002000,0.491071,0.500000,0
0.000000,0.375817,0.996732,1.000000,0.000000,0.014881,0.500000,-0.000992,0.541130,-0.200000,0.549020,0.022148,0.000000,0.355705,1.000000,1.000000,0.000000,-0.000992,0.500000,0
0.000000,0.385621,0.996732,1.000000,0.000000,0.014881,0.500000,-0.000992,0.417245,-1.000000,-0.117647,0.020339,0.000000,0.359322,1.000000,1.000000,0.000000,-0.000992,0.500000,0
0.000000,0.379538,0.996700,1.000000,0.000000,0.110119,0.500000,0.014881,0.579053,-0.600000,0.274510,0.019865,0.000000,0.360269,1.000000,1.000000,0.000000,0.014881,0.500000,0
0.000000,0.382353,1.000000,1.000000,0.000000,0.237103,0.500000,0.046627,0.139438,-0.200000,0.137255,0.020946,0.000000,0.358108,1.000000,1.000000,0.000000,0.046627,0.500000,0
0.000000,0.375817,0.996732,1.000000,0.000000,0.491071,0.500000,0.237103,0.000000,-0.600000,0.333333,0.015700,0.000000,0.368601,1.000000,1.000000,0.000000,0.237103,0.500000,0
0.004000,0.372168,0.996764,1.000000,0.002000,0.110119,0.500000,0.014881,0.138973,-0.600000,0.960784,0.017406,0.000000,0.365188,1.000000,1.000000,0.000000,0.014881,0.500000,0
0.000000,0.374593,0.996743,1.000000,0.000000,0.237103,0.500000,0.237103,0.899870,-0.200000,-0.196078,0.021429,0.000000,0.357143,1.000000,1.000000,0.000000,0.237103,0.500000,0
0.000000,0.372549,0.996732,1.000000,0.000000,-0.000992,0.500000,0.046627,0.438085,0.200000,0.019608,0.016949,0.000000,0.366102,1.000000,1.000000,0.000000,0.046627,0.500000,0
0.000000,0.384365,0.996743,1.000000,0.000000,0.999008,0.500000,0.110119,0.051282,-1.000000,0.196078,0.023232,0.000000,0.353535,1.000000,1.000000,0.000000,0.110119,0.500000,0
0.004000,0.381107,0.996743,1.000000,0.002000,0.491071,0.500000,0.491071,0.000000,1.000000,-0.235294,0.022635,0.000000,0.354730,1.000000,1.000000,0.000000,0.491071,0.500000,0
0.000000,0.355705,1.000000,1.000000,0.000000,-0.000992,0.500000,0.237103,0.000000,0.600000,0.000000,0.027181,0.000000,0.345638,1.000000,1.000000,0.000000,0.237103,0.500000,0
0.000000,0.359322,1.000000,1.000000,0.000000,-0.000992,0.500000,0.014881,0.944612,-1.000000,0.803922,0.026014,0.000000,0.347973,1.000000,1.000000,0.000000,0.014881,0.500000,0
0.000000,0.360269,1.000000,1.000000,0.000000,0.014881,0.500000,0.237103,0.278283,1.000000,-0.254902,0.022742,0.004000,0.354515,1.000000,1.000000,0.002000,0.237103,0.500000,0
0.000000,0.358108,1.000000,1.000000,0.000000,0.046627,0.500000,0.237103,0.358908,0.200000,0.607843,0.032226,0.000000,0.335548,1.000000,1.000000,0.000000,0.237103,0.500000,0
0.000000,0.368601,1.000000,1.000000,0.000000,0.237103,0.500000,0.999008,0.000000,-0.600000,0.803922,0.032237,0.004000,0.335526,1.000000,1.000000,0.002000,0.999008,0.500000,0
0.000000,0.365188,1.000000,1.000000,0.000000,0.014881,0.500000,0.046627,0.271592,1.000000,-0.490196,0.024324,0.000000,0.351351,1.000000,1.000000,0.000000,0.046627,0.500000,0
0.000000,0.357143,1.000000,1.000000,0.000000,0.237103,0.500000,0.999008,0.000000,-1.000000,-0.235294,0.032226,0.000000,0.335548,1.000000,1.000000,0.000000,0.999008,0.500000,0
0.000000,0.366102,1.000000,1.000000,0.000000,0.046627,0.500000,0.999008,0.000000,-1.000000,0.450980,0.032237,0.004000,0.335526,1.000000,1.000000,0.002000,0.999008,0.500000,0
0.000000,0.353535,1.000000,1.000000,0.000000,0.110119,0.500000,0.110119,0.892977,-0.600000,-0.313725,0.029966,0.000000,0.340067,1.000000,1.000000,0.000000,0.110119,0.500000,0
0.000000,0.354730,1.000000,1.000000,0.000000,0.491071,0.500000,0.999008,0.000000,0.200000,0.588235,0.035505,0.008000,0.328990,1.000000,1.000000,0.004000,0.999008,0.500000,0
0.000000,0.345638,1.000000,1.000000,0.000000,0.237103,0.500000,0.999008,0.000000,0.200000,-0.666667,0.034437,0.000000,0.331126,1.000000,1.000000,0.000000,0.999008,0.500000,0
0.000000,0.347973,1.000000,1.000000,0.000000,0.014881,0.500000,0.491071,0.773879,0.200000,0.019608,0.031081,0.004000,0.337838,1.000000,1.000000,0.002000,0.491071,0.500000,0
0.004000,0.354515,1.000000,1.000000,0.002000,0.237103,0.500000,0.491071,0.000000,0.600000,0.039216,0.025862,0.000000,0.348276,1.000000,1.000000,0.000000,0.491071,0.500000,0
0.000000,0.335548,1.000000,1.000000,0.000000,0.237103,0.500000,0.046627,0.867846,-1.000000,0.313725,0.035593,0.000000,0.328814,1.000000,1.000000,0.000000,0.046627,0.500000,0
0.004000,0.335526,1.000000,1.000000,0.002000,0.999008,0.500000,0.999008,0.000000,0.200000,0.960784,0.027119,0.000000,0.345763,1.000000,1.000000,0.000000,0.999008,0.500000,0
0.000000,0.351351,1.000000,1.000000,0.000000,0.046627,0.500000,0.110119,0.694537,-0.200000,-0.941176,0.035570,0.000000,0.328859,1.000000,1.000000,0.000000,0.110119,0.500000,0
0.000000,0.335548,1.000000,1.000000,0.000000,0.999008,0.500000,0.491071,0.000000,0.600000,0.372549,0.028767,0.000000,0.342466,1.000000,1.000000,0.000000,0.491071,0.500000,0
0.004000,0.335526,1.000000,1.000000,0.002000,0.999008,0.500000,0.110119,0.069119,-1.000000,-0.352941,0.032192,0.000000,0.335616,1.000000,1.000000,0.000000,0.110119,0.500000,0
0.000000,0.340067,1.000000,1.000000,0.000000,0.110119,0.500000,0.014881,0.411883,-0.200000,-0.078431,0.026460,0.000000,0.347079,1.000000,1.000000,0.000000,0.014881,0.500000,0
0.008000,0.328990,1.000000,1.000000,0.004000,0.999008,0.500000,0.237103,0.247074,0.600000,-0.588235,0.022300,0.000000,0.355401,1.000000,1.000000,0.000000,0.237103,0.500000,0
0.000000,0.331126,1.000000,1.000000,0.000000,0.999008,0.500000,0.110119,0.675585,0.600000,0.843137,0.027362,0.000000,0.345277,1.000000,1.000000,0.000000,0.110119,0.500000,0
0.004000,0.337838,1.000000,1.000000,0.002000,0.491071,0.500000,0.491071,0.000000,1.000000,-0.803922,0.024675,0.004000,0.350649,1.000000,1.000000,0.002000,0.491071,0.500000,0
0.000000,0.348276,1.000000,1.000000,0.000000,0.491071,0.500000,0.237103,0.048114,-0.600000,-0.509804,0.027922,0.000000,0.344156,1.000000,1.000000,0.000000,0.237103,0.500000,0
0.000000,0.328814,1.000000,1.000000,0.000000,0.046627,0.500000,0.999008,0.000000,1.000000,0.098039,0.022581,0.004000,0.354839,1.000000,1.000000,0.002000,0.999008,0.500000,0
0.000000,0.345763,1.000000,1.000000,0.000000,0.999008,0.500000,0.491071,0.286550,0.200000,-0.607843,0.020847,0.004000,0.358306,1.000000,1.000000,0.002000,0.491071,0.500000,0
0.000000,0.328859,1.000000,1.000000,0.000000,0.110119,0.500000,0.999008,0.000000,0.200000,-0.686275,0.025806,0.004000,0.348387,1.000000,1.000000,0.002000,0.999008,0.500000,0
0.000000,0.342466,1.000000,1.000000,0.000000,0.491071,0.500000,0.110119,0.879599,-0.600000,-0.254902,0.027362,0.000000,0.345277,1.000000,1.000000,0.000000,0.110119,0.500000,0
0.000000,0.335616,1.000000,1.000000,0.000000,0.110119,0.500000,0.046627,0.054110,1.000000,0.313725,0.027869,0.000000,0.344262,1.000000,1.000000,0.000000,0.046627,0.500000,0
0.000000,0.347079,1.000000,1.000000,0.000000,0.014881,0.500000,0.110119,0.615385,0.200000,-0.274510,0.027869,0.000000,0.344262,1.000000,1.000000,0.000000,0.110119,0.500000,0
0.000000,0.355401,1.000000,1.000000,0.000000,0.237103,0.500000,-0.000992,0.283449,0.600000,0.470588,0.027362,0.000000,0.345277,1.000000,1.000000,0.000000,-0.000992,0.500000,0
0.000000,0.345277,1.000000,1.000000,0.000000,0.110119,0.500000,0.491071,0.000000,0.600000,0.764706,0.034395,0.000000,0.331210,1.000000,1.000000,0.000000,0.491071,0.500000,0
0.004000,0.350649,1.000000,1.000000,0.002000,0.491071,0.500000,0.110119,0.905240,-0.200000,0.568627,0.037061,0.000000,0.325879,1.000000,1.000000,0.000000,0.110119,0.500000,0
0.000000,0.344156,1.000000,1.000000,0.000000,0.237103,0.500000,0.014881,0.594159,-1.000000,0.137255,0.040190,0.000000,0.319620,1.000000,1.000000,0.000000,0.014881,0.500000,0
0.004000,0.354839,1.000000,1.000000,0.002000,0.999008,0.500000,0.491071,0.824561,-0.600000,-0.274510,0.034921,0.000000,0.330159,1.000000,1.000000,0.000000,0.491071,0.500000,0
0.004000,0.358306,1.000000,1.000000,0.002000,0.491071,0.500000,0.110119,0.490524,0.600000,0.254902,0.033866,0.000000,0.332268,1.000000,1.000000,0.000000,0.110119,0.500000,0
0.004000,0.348387,1.000000,1.000000,0.002000,0.999008,0.500000,0.110119,0.743590,0.600000,0.196078,0.034405,0.000000,0.331190,1.000000,1.000000,0.000000,0.110119,0.500000,0
0.000000,0.345277,1.000000,1.000000,0.000000,0.110119,0.500000,0.237103,0.767230,0.200000,-0.705882,0.033333,0.000000,0.333333,1.000000,1.000000,0.000000,0.237103,0.500000,0
0.000000,0.344262,1.000000,1.000000,0.000000,0.046627,0.500000,0.046627,0.510926,0.600000,-0.235294,0.035987,0.000000,0.328025,1.000000,1.000000,0.000000,0.046627,0.500000,0
0.000000,0.344262,1.000000,1.000000,0.000000,0.110119,0.500000,0.237103,0.525358,-1.000000,-0.764706,0.036013,0.000000,0.327974,1.000000,1.000000,0.000000,0.237103,0.500000,0
0.000000,0.345277,1.000000,1.000000,0.000000,-0.000992,0.500000,0.046627,0.724246,-1.000000,0.431373,0.037580,0.000000,0.324841,1.000000,1.000000,0.000000,0.046627,0.500000,0
0.000000,0.331210,1.000000,1.000000,0.000000,0.491071,0.500000,0.046627,0.600416,-0.200000,0.235294,0.050575,0.000000,0.298851,1.000000,1.000000,0.000000,0.046627,0.500000,0
0.000000,0.325879,1.000000,1.000000,0.000000,0.110119,0.500000,0.491071,0.000000,0.200000,0.333333,0.044928,0.000000,0.310145,1.000000,1.000000,0.000000,0.491071,0.500000,0
0.000000,0.319620,1.000000,1.000000,0.000000,0.014881,0.500000,0.110119,0.114827,-0.200000,0.764706,0.043478,0.000000,0.313043,1.000000,1.000000,0.000000,0.110119,0.500000,0
0.000000,0.330159,1.000000,1.000000,0.000000,0.491071,0.500000,0.237103,0.000000,0.600000,0.411765,0.045029,0.004000,0.309942,1.000000,1.000000,0.002000,0.237103,0.500000,0
0.000000,0.332268,1.000000,1.000000,0.000000,0.110119,0.500000,0.110119,0.000000,1.000000,-0.176471,0.047059,0.000000,0.305882,1.000000,1.000000,0.000000,0.110119,0.500000,0
0.000000,0.331190,1.000000,1.000000,0.000000,0.110119,0.500000,0.491071,0.000000,0.200000,-0.725490,0.048397,0.004000,0.303207,1.000000,1.000000,0.002000,0.491071,0.500000,0
0.000000,0.333333,1.000000,1.000000,0.000000,0.237103,0.500000,0.046627,0.424558,0.600000,-0.078431,0.037243,0.000000,0.325513,1.000000,1.000000,0.000000,0.046627,0.500000,0
0.000000,0.328025,1.000000,1.000000,0.000000,0.046627,0.500000,-0.000992,0.849356,0.600000,-0.470588,0.047507,0.000000,0.304985,1.000000,1.000000,0.000000,-0.000992,0.500000,0
0.000000,0.327974,1.000000,1.000000,0.000000,0.237103,0.500000,0.014881,0.184290,1.000000,0.568627,0.047507,0.000000,0.304985,1.000000,1.000000,0.000000,0.014881,0.500000,0
0.000000,0.324841,1.000000,1.000000,0.000000,0.046627,0.500000,0.110119,0.273133,-1.000000,-0.078431,0.047059,0.000000,0.305882,1.000000,1.000000,0.000000,0.110119,0.500000,0
0.000000,0.298851,1.000000,1.000000,0.000000,0.046627,0.500000,0.491071,0.000000,-0.600000,0.078431,0.067987,0.000000,0.264026,1.000000,1.000000,0.000000,0.491071,0.500000,0
0.000000,0.310145,1.000000,1.000000,0.000000,0.491071,0.500000,0.999008,0.000000,0.600000,-0.392157,0.065132,0.000000,0.269737,1.000000,1.000000,0.000000,0.999008,0.500000,0
0.000000,0.313043,1.000000,1.000000,0.000000,0.110119,0.500000,0.237103,0.884265,1.000000,0.941176,0.071711,0.000000,0.256579,1.000000,1.000000,0.000000,0.237103,0.500000,0
0.004000,0.309942,1.000000,1.000000,0.002000,0.237103,0.500000,0.237103,0.015605,0.600000,-0.392157,0.067987,0.000000,0.264026,1.000000,1.000000,0.000000,0.237103,0.500000,0
0.000000,0.305882,1.000000,1.000000,0.000000,0.110119,0.500000,0.237103,0.000000,0.200000,-0.568627,0.071711,0.000000,0.256579,1.000000,1.000000,0.000000,0.237103,0.500000,0
0.004000,0.303207,1.000000,1.000000,0.002000,0.491071,0.500000,0.999008,0.000000,-1.000000,0.666667,0.065000,0.000000,0.270000,1.000000,1.000000,0.000000,0.999008,0.500000,0
0.000000,0.325513,1.000000,1.000000,0.000000,0.046627,0.500000,-0.000992,0.715560,-0.600000,0.882353,0.070861,0.000000,0.258278,1.000000,1.000000,0.000000,-0.000992,0.500000,0
0.000000,0.304985,1.000000,1.000000,0.000000,-0.000992,0.500000,0.999008,0.000000,-0.200000,0.764706,0.066450,0.000000,0.267101,1.000000,1.000000,0.000000,0.999008,0.500000,0
0.000000,0.304985,1.000000,1.000000,0.000000,0.014881,0.500000,0.999008,0.000000,-0.200000,0.784314,0.068421,0.000000,0.263158,1.000000,1.000000,0.000000,0.999008,0.500000,0
0.000000,0.305882,1.000000,1.000000,0.000000,0.110119,0.500000,-0.000992,0.307235,0.200000,-0.647059,0.067550,0.000000,0.264901,1.000000,1.000000,0.000000,-0.000992,0.500000,0
0.000000,0.264026,1.000000,1.000000,0.000000,0.491071,0.500000,0.110119,0.000000,-0.600000,-0.764706,0.030745,0.000000,0.338509,1.000000,1.000000,0.000000,0.110119,0.500000,0
0.000000,0.269737,1.000000,1.000000,0.000000,0.999008,0.500000,0.999008,0.000000,1.000000,-1.000000,0.028267,0.004000,0.343465,1.000000,1.000000,0.002000,0.999008,0.500000,0
0.000000,0.256579,1.000000,1.000000,0.000000,0.237103,0.500000,-0.000992,0.065411,0.200000,0.098039,0.028660,0.000000,0.342679,1.000000,1.000000,0.000000,-0.000992,0.500000,0
0.000000,0.264026,1.000000,1.000000,0.000000,0.237103,0.500000,0.110119,0.000000,0.600000,0.882353,0.022981,0.000000,0.354037,1.000000,1.000000,0.000000,0.110119,0.500000,0
0.000000,0.256579,1.000000,1.000000,0.000000,0.237103,0.500000,0.491071,0.000000,-1.000000,0.705882,0.030247,0.004000,0.339506,1.000000,1.000000,0.002000,0.491071,0.500000,0
0.000000,0.270000,1.000000,1.000000,0.000000,0.999008,0.500000,0.046627,0.511967,1.000000,0.686275,0.030218,0.000000,0.339564,1.000000,1.000000,0.000000,0.046627,0.500000,0
0.000000,0.258278,1.000000,1.000000,0.000000,-0.000992,0.500000,0.110119,0.397993,-0.200000,-0.803922,0.024921,0.000000,0.350158,1.000000,1.000000,0.000000,0.110119,0.500000,0
0.000000,0.267101,1.000000,1.000000,0.000000,0.999008,0.500000,0.046627,0.686785,0.600000,0.960784,0.030769,0.000000,0.338462,1.000000,1.000000,0.000000,0.046627,0.500000,0
0.000000,0.263158,1.000000,1.000000,0.000000,0.999008,0.500000,0.046627,0.831426,1.000000,-0.784314,0.029193,0.000000,0.341615,1.000000,1.000000,0.000000,0.046627,0.500000,0
0.000000,0.264901,1.000000,1.000000,0.000000,-0.000992,0.500000,0.014881,0.911380,-0.600000,0.392157,0.028125,0.000000,0.343750,1.000000,1.000000,0.000000,0.014881,0.500000,0
0.000000,0.338509,1.000000,1.000000,0.000000,0.110119,0.500000,0.110119,0.084727,0.200000,-0.411765,0.066450,0.000000,0.267101,1.000000,1.000000,0.000000,0.110119,0.500000,0
0.004000,0.343465,1.000000,1.000000,0.002000,0.999008,0.500000,0.110119,0.604236,0.600000,0.529412,0.064686,0.000000,0.270627,1.000000,1.000000,0.000000,0.110119,0.500000,0
0.000000,0.342679,1.000000,1.000000,0.000000,-0.000992,0.500000,0.110119,0.000000,-1.000000,0.784314,0.066883,0.000000,0.266234,1.000000,1.000000,0.000000,0.110119,0.500000,0
0.000000,0.354037,1.000000,1.000000,0.000000,0.110119,0.500000,0.237103,0.738622,0.200000,-0.509804,0.066013,0.000000,0.267974,1.000000,1.000000,0.000000,0.237103,0.500000,0
0.004000,0.339506,1.000000,1.000000,0.002000,0.491071,0.500000,0.999008,0.000000,0.600000,0.607843,0.064952,0.000000,0.270096,1.000000,1.000000,0.000000,0.999008,0.500000,0
0.000000,0.339564,1.000000,1.000000,0.000000,0.046627,0.500000,0.999008,0.000000,0.200000,-0.725490,0.061290,0.000000,0.277419,1.000000,1.000000,0.000000,0.999008,0.500000,0
0.000000,0.350158,1.000000,1.000000,0.000000,0.110119,0.500000,0.046627,0.378772,0.600000,-0.607843,0.064686,0.000000,0.270627,1.000000,1.000000,0.000000,0.046627,0.500000,0
0.000000,0.338462,1.000000,1.000000,0.000000,0.046627,0.500000,0.110119,0.583055,-1.000000,-0.078431,0.060656,0.000000,0.278689,1.000000,1.000000,0.000000,0.110119,0.500000,0
0.000000,0.341615,1.000000,1.000000,0.000000,0.046627,0.500000,0.014881,0.907351,-0.600000,0.078431,0.064238,0.000000,0.271523,1.000000,1.000000,0.000000,0.014881,0.500000,0
0.000000,0.343750,1.000000,1.000000,0.000000,0.014881,0.500000,0.014881,0.071501,0.200000,0.333333,0.064686,0.000000,0.270627,1.000000,1.000000,0.000000,0.014881,0.500000,0
0.000000,0.267101,1.000000,1.000000,0.000000,0.110119,0.500000,0.491071,0.937622,-1.000000,-0.352941,0.058006,0.004000,0.283988,1.000000,1.000000,0.002000,0.491071,0.500000,0
0.000000,0.270627,1.000000,1.000000,0.000000,0.110119,0.500000,0.237103,0.334200,-0.200000,0.274510,0.051692,0.004000,0.295385,0.996923,1.000000,0.002000,0.237103,0.500000,0
0.000000,0.266234,1.000000,1.000000,0.000000,0.110119,0.500000,0.014881,0.970796,-0.600000,-0.529412,0.055215,0.000000,0.288344,0.996933,1.000000,0.000000,0.014881,0.500000,0
0.000000,0.267974,1.000000,1.000000,0.000000,0.237103,0.500000,0.046627,0.795005,1.000000,0.705882,0.053231,0.000000,0.292308,0.996923,1.000000,0.000000,0.046627,0.500000,0
0.000000,0.270096,1.000000,1.000000,0.000000,0.999008,0.500000,0.237103,0.243173,0.200000,0.450980,0.052322,0.000000,0.294118,0.996904,1.000000,0.000000,0.237103,0.500000,0
0.000000,0.277419,1.000000,1.000000,0.000000,0.999008,0.500000,0.046627,0.101977,1.000000,-0.098039,0.054321,0.000000,0.290123,0.996914,1.000000,0.000000,0.046627,0.500000,0
0.000000,0.270627,1.000000,1.000000,0.000000,0.046627,0.500000,0.237103,0.100130,1.000000,0.627451,0.053870,0.004000,0.291022,0.996904,1.000000,0.002000,0.237103,0.500000,0
0.000000,0.278689,1.000000,1.000000,0.000000,0.110119,0.500000,0.110119,0.186176,-1.000000,-0.666667,0.054128,0.000000,0.290520,0.996942,1.000000,0.000000,0.110119,0.500000,0
0.000000,0.271523,1.000000,1.000000,0.000000,0.014881,0.500000,-0.000992,0.573835,-1.000000,-0.568627,0.051402,0.000000,0.295950,0.996885,1.000000,0.000000,-0.000992,0.500000,0
0.000000,0.270627,1.000000,1.000000,0.000000,0.014881,0.500000,0.014881,0.448137,0.600000,0.372549,0.051402,0.000000,0.295950,0.996885,1.000000,0.000000,0.014881,0.500000,0
0.004000,0.283988,1.000000,1.000000,0.002000,0.491071,0.500000,0.237103,0.273082,0.200000,0.862745,0.057605,0.000000,0.284790,1.000000,1.000000,0.000000,0.237103,0.500000,0
0.004000,0.295385,0.996923,1.000000,0.002000,0.237103,0.500000,0.110119,0.052397,0.200000,0.705882,0.057143,0.000000,0.285714,1.000000,1.000000,0.000000,0.110119,0.500000,0
0.000000,0.288344,0.996933,1.000000,0.000000,0.014881,0.500000,-0.000992,0.228940,-1.000000,0.392157,0.058065,0.000000,0.283871,1.000000,1.000000,0.000000,-0.000992,0.500000,0
0.000000,0.292308,0.996923,1.000000,0.000000,0.046627,0.500000,0.999008,0.000000,-0.600000,-0.196078,0.050962,0.004000,0.298077,1.000000,1.000000,0.002000,0.999008,0.500000,0
0.000000,0.294118,0.996904,1.000000,0.000000,0.237103,0.500000,0.237103,0.000000,-0.200000,-0.823529,0.055305,0.000000,0.289389,1.000000,1.000000,0.000000,0.237103,0.500000,0
0.000000,0.290123,0.996914,1.000000,0.000000,0.046627,0.500000,0.046627,0.726327,0.600000,-0.960784,0.061635,0.000000,0.276730,1.000000,1.000000,0.000000,0.046627,0.500000,0
0.004000,0.291022,0.996904,1.000000,0.002000,0.237103,0.500000,-0.000992,0.385530,-0.600000,0.745098,0.059177,0.000000,0.281646,1.000000,1.000000,0.000000,-0.000992,0.500000,0
0.000000,0.290520,0.996942,1.000000,0.000000,0.110119,0.500000,0.237103,0.131339,-0.600000,-0.941176,0.059621,0.000000,0.280757,1.000000,1.000000,0.000000,0.237103,0.500000,0
0.000000,0.295950,0.996885,1.000000,0.000000,-0.000992,0.500000,0.110119,0.000000,1.000000,-0.333333,0.058521,0.000000,0.282958,1.000000,1.000000,0.000000,0.110119,0.500000,0
0.000000,0.295950,0.996885,1.000000,0.000000,0.014881,0.500000,0.046627,0.724246,-0.600000,-0.058824,0.057605,0.000000,0.284790,1.000000,1.000000,0.000000,0.046627,0.500000,0
0.000000,0.284790,1.000000,1.000000,0.000000,0.237103,0.500000,0.046627,0.017690,0.200000,0.078431,0.030882,0.000000,0.338235,1.000000,1.000000,0.000000,0.046627,0.500000,0
0.000000,0.285714,1.000000,1.000000,0.000000,0.110119,0.500000,0.046627,0.424558,-0.200000,-1.000000,0.033815,0.000000,0.332370,1.000000,1.000000,0.000000,0.046627,0.500000,0
0.000000,0.283871,1.000000,1.000000,0.000000,-0.000992,0.500000,0.110119,0.210702,-0.600000,0.450980,0.028947,0.000000,0.342105,1.000000,1.000000,0.000000,0.110119,0.500000,0
0.004000,0.298077,1.000000,1.000000,0.002000,0.999008,0.500000,0.046627,0.000000,0.200000,-0.078431,0.031858,0.000000,0.336283,1.000000,1.000000,0.000000,0.046627,0.500000,0
0.000000,0.289389,1.000000,1.000000,0.000000,0.237103,0.500000,0.110119,0.540691,-0.600000,0.686275,0.031858,0.000000,0.336283,1.000000,1.000000,0.000000,0.110119,0.500000,0
0.000000,0.276730,1.000000,1.000000,0.000000,0.046627,0.500000,0.014881,0.750252,-0.600000,0.274510,0.028358,0.000000,0.343284,1.000000,1.000000,0.000000,0.014881,0.500000,0
0.000000,0.281646,1.000000,1.000000,0.000000,-0.000992,0.500000,0.110119,0.123746,-0.600000,0.549020,0.032353,0.000000,0.335294,1.000000,1.000000,0.000000,0.110119,0.500000,0
0.000000,0.280757,1.000000,1.000000,0.000000,0.237103,0.500000,0.014881,0.050352,-0.200000,0.980392,0.033824,0.000000,0.332353,1.000000,1.000000,0.000000,0.014881,0.500000,0
0.000000,0.282958,1.000000,1.000000,0.000000,0.110119,0.500000,0.237103,0.906372,-1.000000,-0.039216,0.032353,0.000000,0.335294,1.000000,1.000000,0.000000,0.237103,0.500000,0
0.000000,0.284790,1.000000,1.000000,0.000000,0.046627,0.500000,0.237103,0.000000,1.000000,-0.862745,0.031378,0.004000,0.337243,1.000000,1.000000,0.002000,0.237103,0.500000,0
0.000000,0.338235,1.000000,1.000000,0.000000,0.046627,0.500000,0.999008,0.000000,-0.600000,-0.333333,0.073397,0.000000,0.253205,1.000000,1.000000,0.000000,0.999008,0.500000,0
0.000000,0.332370,1.000000,1.000000,0.000000,0.046627,0.500000,0.110119,0.141583,-0.200000,-0.411765,0.069637,0.000000,0.260726,1.000000,1.000000,0.000000,0.110119,0.500000,0
0.000000,0.342105,1.000000,1.000000,0.000000,0.110119,0.500000,-0.000992,0.371655,0.200000,-0.607843,0.070066,0.000000,0.259868,1.000000,1.000000,0.000000,-0.000992,0.500000,0
0.000000,0.336283,1.000000,1.000000,0.000000,0.046627,0.500000,0.999008,0.000000,0.600000,-0.156863,0.067742,0.004000,0.264516,1.000000,1.000000,0.002000,0.999008,0.500000,0
0.000000,0.336283,1.000000,1.000000,0.000000,0.110119,0.500000,0.491071,0.816764,-0.600000,0.156863,0.070915,0.000000,0.258170,1.000000,1.000000,0.000000,0.491071,0.500000,0
0.000000,0.343284,1.000000,1.000000,0.000000,0.014881,0.500000,-0.000992,0.679881,0.600000,0.509804,0.073377,0.000000,0.253247,1.000000,1.000000,0.000000,-0.000992,0.500000,0
0.000000,0.335294,1.000000,1.000000,0.000000,0.110119,0.500000,0.491071,0.000000,-0.600000,0.803922,0.070550,0.000000,0.258900,1.000000,1.000000,0.000000,0.491071,0.500000,0
0.000000,0.332353,1.000000,1.000000,0.000000,0.014881,0.500000,0.110119,0.000000,1.000000,0.568627,0.072937,0.000000,0.254125,1.000000,1.000000,0.000000,0.110119,0.500000,0
0.000000,0.335294,1.000000,1.000000,0.000000,0.237103,0.500000,0.046627,0.443288,0.600000,0.862745,0.071667,0.000000,0.256667,1.000000,1.000000,0.000000,0.046627,0.500000,0
0.004000,0.337243,1.000000,1.000000,0.002000,0.237103,0.500000,0.999008,0.000000,-0.200000,-0.784314,0.073770,0.000000,0.252459,1.000000,1.000000,0.000000,0.999008,0.500000,0
0.000000,0.253205,1.000000,1.000000,0.000000,0.999008,0.500000,0.237103,0.000000,0.200000,0.666667,0.030357,0.004000,0.339286,1.000000,1.000000,0.002000,0.237103,0.500000,0
0.000000,0.260726,1.000000,1.000000,0.000000,0.110119,0.500000,0.110119,0.875139,-1.000000,0.117647,0.031343,0.000000,0.337313,1.000000,1.000000,0.000000,0.110119,0.500000,0
0.000000,0.259868,1.000000,1.000000,0.000000,-0.000992,0.500000,0.046627,0.308012,-0.600000,0.372549,0.031343,0.000000,0.337313,1.000000,1.000000,0.000000,0.046627,0.500000,0
0.004000,0.264516,1.000000,1.000000,0.002000,0.999008,0.500000,-0.000992,0.943508,-0.200000,0.823529,0.022823,0.000000,0.354354,1.000000,1.000000,0.000000,-0.000992,0.500000,0
0.000000,0.258170,1.000000,1.000000,0.000000,0.491071,0.500000,0.110119,0.101449,-0.600000,-0.254902,0.027327,0.000000,0.345345,1.000000,1.000000,0.000000,0.110119,0.500000,0
0.000000,0.253247,1.000000,1.000000,0.000000,-0.000992,0.500000,0.046627,0.565036,-1.000000,-0.823529,0.030838,0.000000,0.338323,1.000000,1.000000,0.000000,0.046627,0.500000,0
0.000000,0.258900,1.000000,1.000000,0.000000,0.491071,0.500000,0.110119,0.200669,0.600000,-0.549020,0.031378,0.004000,0.337243,1.000000,1.000000,0.002000,0.110119,0.500000,0
0.000000,0.254125,1.000000,1.000000,0.000000,0.110119,0.500000,0.110119,0.285396,-0.600000,-0.941176,0.029882,0.000000,0.340237,1.000000,1.000000,0.000000,0.110119,0.500000,0
0.000000,0.256667,1.000000,1.000000,0.000000,0.046627,0.500000,0.237103,0.989597,1.000000,0.549020,0.029341,0.004000,0.341317,1.000000,1.000000,0.002000,0.237103,0.500000,0
0.000000,0.252459,1.000000,1.000000,0.000000,0.999008,0.500000,0.237103,0.684005,-0.200000,0.274510,0.030861,0.004000,0.338279,1.000000,1.000000,0.002000,0.237103,0.500000,0
0.004000,0.339286,1.000000,1.000000,0.002000,0.237103,0.500000,0.046627,0.038502,0.200000,-0.450980,0.047432,0.000000,0.305136,1.000000,1.000000,0.000000,0.046627,0.500000,0
0.000000,0.337313,1.000000,1.000000,0.000000,0.110119,0.500000,0.491071,0.233918,0.200000,-0.882353,0.049558,0.000000,0.300885,1.000000,1.000000,0.000000,0.491071,0.500000,0
0.000000,0.337313,1.000000,1.000000,0.000000,0.046627,0.500000,0.237103,0.451235,0.600000,0.862745,0.046386,0.000000,0.307229,1.000000,1.000000,0.000000,0.237103,0.500000,0
0.000000,0.354354,1.000000,1.000000,0.000000,-0.000992,0.500000,0.110119,0.250836,-1.000000,0.352941,0.045921,0.000000,0.308157,1.000000,1.000000,0.000000,0.110119,0.500000,0
0.000000,0.345345,1.000000,1.000000,0.000000,0.110119,0.500000,0.046627,0.277836,-0.600000,0.588235,0.046847,0.000000,0.306306,1.000000,1.000000,0.000000,0.046627,0.500000,0
0.000000,0.338323,1.000000,1.000000,0.000000,0.046627,0.500000,0.999008,0.000000,-0.200000,-0.352941,0.042814,0.000000,0.314371,1.000000,1.000000,0.000000,0.999008,0.500000,0
0.004000,0.337243,1.000000,1.000000,0.002000,0.110119,0.500000,0.110119,0.788183,-1.000000,0.078431,0.045455,0.000000,0.309091,1.000000,1.000000,0.000000,0.110119,0.500000,0
0.000000,0.340237,1.000000,1.000000,0.000000,0.110119,0.500000,0.014881,0.346425,0.600000,0.137255,0.045921,0.000000,0.308157,1.000000,1.000000,0.000000,0.014881,0.500000,0
0.004000,0.341317,1.000000,1.000000,0.002000,0.237103,0.500000,0.014881,0.711984,-0.600000,-1.000000,0.048214,0.000000,0.303571,1.000000,1.000000,0.000000,0.014881,0.500000,0
0.004000,0.338279,1.000000,1.000000,0.002000,0.237103,0.500000,0.237103,0.163849,-0.600000,0.686275,0.047305,0.000000,0.305389,1.000000,1.000000,0.000000,0.237103,0.500000,0
0.000000,0.305136,1.000000,1.000000,0.000000,0.046627,0.500000,0.014881,0.884189,-0.200000,-0.098039,0.002365,0.000000,0.395270,1.000000,1.000000,0.000000,-0.000992,0.500000,0
0.000000,0.300885,1.000000,1.000000,0.000000,0.491071,0.500000,0.999008,0.000000,-0.200000,0.294118,0.000676,0.000000,0.398649,1.000000,1.000000,0.000000,-0.000992,0.500000,0
0.000000,0.307229,1.000000,1.000000,0.000000,0.237103,0.500000,0.491071,0.000000,0.600000,-0.568627,0.003030,0.000000,0.393939,1.000000,1.000000,0.000000,-0.000992,0.500000,0
0.000000,0.308157,1.000000,1.000000,0.000000,0.110119,0.500000,0.014881,0.842900,-0.200000,-0.098039,0.006931,0.000000,0.386139,1.000000,1.000000,0.000000,-0.000992,0.500000,0
0.000000,0.306306,1.000000,1.000000,0.000000,0.046627,0.500000,0.491071,0.000000,1.000000,-0.117647,0.001347,0.000000,0.397306,1.000000,1.000000,0.000000,-0.000992,0.500000,0
0.000000,0.314371,1.000000,1.000000,0.000000,0.999008,0.500000,0.046627,0.043704,-0.200000,0.901961,-0.005686,0.000000,0.411371,1.000000,1.000000,0.000000,-0.000992,0.500000,0
0.000000,0.309091,1.000000,1.000000,0.000000,0.110119,0.500000,0.999008,0.000000,0.600000,-0.019608,0.005743,0.000000,0.388514,1.000000,1.000000,0.000000,-0.000992,0.500000,0
0.000000,0.308157,1.000000,1.000000,0.000000,0.014881,0.500000,0.110119,0.840580,-1.000000,-0.039216,0.006397,0.000000,0.387205,1.000000,1.000000,0.000000,-0.000992,0.500000,0
0.000000,0.303571,1.000000,1.000000,0.000000,0.014881,0.500000,0.110119,0.492754,-0.200000,-0.274510,0.002365,0.000000,0.395270,1.000000,1.000000,0.000000,-0.000992,0.500000,0
0.000000,0.305389,1.000000,1.000000,0.000000,0.237103,0.500000,0.237103,0.966190,1.000000,-0.294118,0.002721,0.000000,0.394558,1.000000,1.000000,0.000000,-0.000992,0.500000,0
0.000000,0.395270,1.000000,1.000000,0.000000,-0.000992,0.500000,0.110119,0.000000,1.000000,-0.411765,0.003191,0.000000,0.393617,1.000000,1.000000,0.000000,-0.000992,0.500000,0
0.000000,0.398649,1.000000,1.000000,0.000000,-0.000992,0.500000,0.046627,0.096774,-1.000000,0.607843,0.004965,0.000000,0.390071,1.000000,1.000000,0.000000,-0.000992,0.500000,0
0.000000,0.393939,1.000000,1.000000,0.000000,-0.000992,0.500000,0.491071,0.000000,0.600000,0.352941,0.005654,0.000000,0.388693,1.000000,1.000000,0.000000,-0.000992,0.500000,0
0.000000,0.386139,1.000000,1.000000,0.000000,-0.000992,0.500000,0.046627,0.470343,1.000000,0.137255,0.006338,0.000000,0.387324,1.000000,1.000000,0.000000,-0.000992,0.500000,0
0.000000,0.397306,1.000000,1.000000,0.000000,-0.000992,0.500000,0.014881,0.169184,0.200000,0.568627,0.002491,0.000000,0.395018,1.000000,1.000000,0.000000,-0.000992,0.500000,0
0.000000,0.411371,1.000000,1.000000,0.000000,-0.000992,0.500000,0.014881,0.961732,0.200000,-0.882353,-0.001786,0.000000,0.403571,1.000000,1.000000,0.000000,-0.000992,0.500000,0
0.000000,0.388514,1.000000,1.000000,0.000000,-0.000992,0.500000,0.237103,0.098830,0.600000,0.666667,0.000000,0.000000,0.400000,1.000000,1.000000,0.000000,-0.000992,0.500000,0
0.000000,0.387205,1.000000,1.000000,0.000000,-0.000992,0.500000,0.046627,0.267430,-1.000000,0.196078,-0.001786,0.000000,0.403571,1.000000,1.000000,0.000000,-0.000992,0.500000,0
0.000000,0.395270,1.000000,1.000000,0.000000,-0.000992,0.500000,-0.000992,0.690783,1.000000,0.039216,0.000712,0.000000,0.398577,1.000000,1.000000,0.000000,-0.000992,0.500000,0
0.000000,0.394558,1.000000,1.000000,0.000000,-0.000992,0.500000,0.046627,0.149844,-0.200000,-0.333333,0.005556,0.000000,0.388889,1.000000,1.000000,0.000000,-0.000992,0.500000,0
0.000000,0.393617,1.000000,1.000000,0.000000,-0.000992,0.500000,0.046627,0.000000,-0.200000,0.392157,0.006122,0.000000,0.387755,1.000000,1.000000,0.000000,-0.000992,0.500000,0
0.000000,0.390071,1.000000,1.000000,0.000000,-0.000992,0.500000,0.999008,0.000000,1.000000,-0.960784,0.006780,0.000000,0.386441,1.000000,1.000000,0.000000,-0.000992,0.500000,0
0.000000,0.388693,1.000000,1.000000,0.000000,-0.000992,0.500000,0.110119,0.037904,-0.200000,-0.333333,0.005461,0.000000,0.389078,1.000000,1.000000,0.000000,-0.000992,0.500000,0
0.000000,0.387324,1.000000,1.000000,0.000000,-0.000992,0.500000,-0.000992,0.271556,-1.000000,0.823529,0.009365,0.000000,0.381271,1.000000,1.000000,0.000000,-0.000992,0.500000,0
0.000000,0.395018,1.000000,1.000000,0.000000,-0.000992,0.500000,0.046627,0.792924,0.200000,-0.215686,0.000341,0.000000,0.399317,1.000000,1.000000,0.000000,-0.000992,0.500000,0
0.000000,0.403571,1.000000,1.000000,0.000000,-0.000992,0.500000,0.014881,0.727090,0.600000,-0.470588,0.005369,0.000000,0.389262,1.000000,1.000000,0.000000,-0.000992,0.500000,0
0.000000,0.400000,1.000000,1.000000,0.000000,-0.000992,0.500000,0.014881,0.906344,0.200000,-0.098039,0.003082,0.000000,0.393836,1.000000,1.000000,0.000000,-0.000992,0.500000,0
0.000000,0.403571,1.000000,1.000000,0.000000,-0.000992,0.500000,0.110119,0.007804,1.000000,-0.666667,0.004422,0.000000,0.391156,1.000000,1.000000,0.000000,-0.000992,0.500000,0
0.000000,0.398577,1.000000,1.000000,0.000000,-0.000992,0.500000,0.014881,0.271903,-1.000000,0.215686,-0.002703,0.000000,0.405405,1.000000,1.000000,0.000000,-0.000992,0.500000,0
0.000000,0.388889,1.000000,1.000000,0.000000,-0.000992,0.500000,0.046627,0.015609,-1.000000,0.529412,0.001724,0.000000,0.396552,1.000000,1.000000,0.000000,-0.000992,0.500000,0
0.000000,0.387755,1.000000,1.000000,0.000000,-0.000992,0.500000,0.110119,0.754738,0.200000,-0.803922,0.028179,0.000000,0.343643,1.000000,1.000000,0.000000,-0.000992,0.500000,0
0.000000,0.386441,1.000000,1.000000,0.000000,-0.000992,0.500000,0.046627,0.474506,1.000000,-0.784314,0.025260,0.000000,0.349481,1.000000,1.000000,0.000000,-0.000992,0.500000,0
0.000000,0.389078,1.000000,1.000000,0.000000,-0.000992,0.500000,0.046627,0.049948,0.600000,-0.450980,0.029897,0.000000,0.340206,1.000000,1.000000,0.000000,-0.000992,0.500000,0
0.000000,0.381271,1.000000,1.000000,0.000000,-0.000992,0.500000,-0.000992,0.555996,-0.200000,-0.215686,0.025260,0.000000,0.349481,1.000000,1.000000,0.000000,-0.000992,0.500000,0
0.000000,0.399317,1.000000,1.000000,0.000000,-0.000992,0.500000,0.999008,0.000000,-0.200000,0.901961,0.021799,0.000000,0.356401,1.000000,1.000000,0.000000,-0.000992,0.500000,0
0.000000,0.389262,1.000000,1.000000,0.000000,-0.000992,0.500000,0.014881,0.691843,-0.600000,-0.215686,0.026460,0.000000,0.347079,1.000000,1.000000,0.000000,-0.000992,0.500000,0
0.000000,0.393836,1.000000,1.000000,0.000000,-0.000992,0.500000,0.237103,0.905072,1.000000,0.176471,0.024653,0.000000,0.350694,1.000000,1.000000,0.000000,-0.000992,0.500000,0
0.000000,0.391156,1.000000,1.000000,0.000000,-0.000992,0.500000,-0.000992,0.683845,0.200000,-0.607843,0.028125,0.000000,0.343750,1.000000,1.000000,0.000000,-0.000992,0.500000,0
0.000000,0.405405,1.000000,1.000000,0.000000,-0.000992,0.500000,0.014881,0.287009,-0.200000,0.843137,0.026389,0.000000,0.347222,1.000000,1.000000,0.000000,-0.000992,0.500000,0
0.000000,0.396552,1.000000,1.000000,0.000000,-0.000992,0.500000,0.999008,0.000000,0.600000,-0.549020,0.028179,0.000000,0.343643,1.000000,1.000000,0.000000,-0.000992,0.500000,0
0.000000,0.343643,1.000000,1.000000,0.000000,-0.000992,0.500000,0.237103,0.227568,0.600000,-0.156863,0.010403,0.000000,0.379195,1.000000,1.000000,0.000000,-0.000992,0.500000,0
0.000000,0.349481,1.000000,1.000000,0.000000,-0.000992,0.500000,0.014881,0.555891,0.600000,0.647059,0.009764,0.000000,0.380471,1.000000,1.000000,0.000000,-0.000992,0.500000,0
0.000000,0.340206,1.000000,1.000000,0.000000,-0.000992,0.500000,-0.000992,0.581764,-1.000000,-0.411765,0.009764,0.000000,0.380471,1.000000,1.000000,0.000000,-0.000992,0.500000,0
0.000000,0.349481,1.000000,1.000000,0.000000,-0.000992,0.500000,0.014881,0.081571,-0.200000,-0.352941,0.009122,0.000000,0.381757,1.000000,1.000000,0.000000,-0.000992,0.500000,0
0.000000,0.356401,1.000000,1.000000,0.000000,-0.000992,0.500000,0.110119,0.000000,-1.000000,0.431373,0.010631,0.000000,0.378738,1.000000,1.000000,0.000000,-0.000992,0.500000,0
0.000000,0.347079,1.000000,1.000000,0.000000,-0.000992,0.500000,0.999008,0.000000,1.000000,-0.117647,0.010000,0.000000,0.380000,1.000000,1.000000,0.000000,-0.000992,0.500000,0
0.000000,0.350694,1.000000,1.000000,0.000000,-0.000992,0.500000,0.110119,0.667781,0.600000,0.333333,0.007566,0.000000,0.384868,1.000000,1.000000,0.000000,-0.000992,0.500000,0
0.000000,0.343750,1.000000,1.000000,0.000000,-0.000992,0.500000,0.237103,0.570871,-0.200000,0.509804,0.015961,0.000000,0.368078,1.000000,1.000000,0.000000,-0.000992,0.500000,0
0.000000,0.347222,1.000000,1.000000,0.000000,-0.000992,0.500000,-0.000992,0.057483,-0.200000,0.078431,0.007823,0.000000,0.384354,1.000000,1.000000,0.000000,-0.000992,0.500000,0
0.000000,0.343643,1.000000,1.000000,0.000000,-0.000992,0.500000,0.237103,0.224967,0.600000,0.039216,0.009764,0.000000,0.380471,1.000000,1.000000,0.000000,-0.000992,0.500000,0
0.000000,0.379195,1.000000,1.000000,0.000000,-0.000992,0.500000,-0.000992,0.709613,-0.200000,-0.901961,0.032765,0.000000,0.334471,1.000000,1.000000,0.000000,-0.000992,0.500000,0
0.000000,0.380471,1.000000,1.000000,0.000000,-0.000992,0.500000,0.110119,0.895206,-0.200000,0.450980,0.028070,0.000000,0.343860,1.000000,1.000000,0.000000,-0.000992,0.500000,0
0.000000,0.380471,1.000000,1.000000,0.000000,-0.000992,0.500000,0.237103,0.000000,-0.600000,-0.529412,0.027465,0.000000,0.345070,1.000000,1.000000,0.000000,-0.000992,0.500000,0
0.000000,0.381757,1.000000,1.000000,0.000000,-0.000992,0.500000,0.046627,0.601457,-1.000000,0.470588,0.016901,0.000000,0.366197,1.000000,1.000000,0.000000,-0.000992,0.500000,0
0.000000,0.378738,1.000000,1.000000,0.000000,-0.000992,0.500000,0.110119,0.977703,0.600000,-0.764706,0.027465,0.000000,0.345070,1.000000,1.000000,0.000000,-0.000992,0.500000,0
0.000000,0.380000,1.000000,1.000000,0.000000,-0.000992,0.500000,0.110119,0.817168,-0.600000,0.784314,0.012500,0.000000,0.375000,1.000000,1.000000,0.000000,-0.000992,0.500000,0
0.000000,0.384868,1.000000,1.000000,0.000000,-0.000992,0.500000,-0.000992,0.763132,-1.000000,-0.470588,0.017204,0.000000,0.365591,1.000000,1.000000,0.000000,-0.000992,0.500000,0
0.000000,0.368078,1.000000,1.000000,0.000000,-0.000992,0.500000,0.491071,0.027290,1.000000,-0.039216,0.023843,0.000000,0.352313,1.000000,1.000000,0.000000,-0.000992,0.500000,0
0.000000,0.384354,1.000000,1.000000,0.000000,-0.000992,0.500000,0.491071,0.348928,1.000000,0.490196,0.023427,0.000000,0.353147,1.000000,1.000000,0.000000,-0.000992,0.500000,0
0.000000,0.380471,1.000000,1.000000,0.000000,-0.000992,0.500000,0.237103,0.466840,-0.200000,-0.313725,0.027465,0.000000,0.345070,1.000000,1.000000,0.000000,-0.000992,0.500000,0
0.000000,0.334471,1.000000,1.000000,0.000000,-0.000992,0.500000,0.110119,0.460424,0.600000,0.137255,0.025163,0.000000,0.349673,1.000000,1.000000,0.000000,-0.000992,0.500000,0
0.000000,0.343860,1.000000,1.000000,0.000000,-0.000992,0.500000,0.999008,0.000000,-0.200000,0.000000,0.031169,0.000000,0.337662,1.000000,1.000000,0.000000,-0.000992,0.500000,0
0.000000,0.345070,1.000000,1.000000,0.000000,-0.000992,0.500000,0.014881,0.459215,0.600000,0.647059,0.027922,0.000000,0.344156,1.000000,1.000000,0.000000,-0.000992,0.500000,0
0.000000,0.366197,1.000000,1.000000,0.000000,-0.000992,0.500000,0.491071,0.000000,1.000000,0.058824,0.031699,0.000000,0.336601,1.000000,1.000000,0.000000,-0.000992,0.500000,0
0.000000,0.345070,1.000000,1.000000,0.000000,-0.000992,0.500000,0.237103,0.171651,0.200000,-0.980392,0.026861,0.000000,0.346278,1.000000,1.000000,0.000000,-0.000992,0.500000,0
0.000000,0.375000,1.000000,1.000000,0.000000,-0.000992,0.500000,-0.000992,0.530228,0.200000,-0.450980,0.027815,0.000000,0.344371,1.000000,1.000000,0.000000,-0.000992,0.500000,0
0.000000,0.365591,1.000000,1.000000,0.000000,-0.000992,0.500000,0.999008,0.000000,1.000000,0.000000,0.020598,0.000000,0.358804,1.000000,1.000000,0.000000,-0.000992,0.500000,0
0.000000,0.352313,1.000000,1.000000,0.000000,-0.000992,0.500000,0.110119,0.653289,0.600000,-0.215686,0.021667,0.000000,0.356667,1.000000,1.000000,0.000000,-0.000992,0.500000,0
0.000000,0.353147,1.000000,1.000000,0.000000,-0.000992,0.500000,0.491071,0.939571,0.600000,0.078431,0.028431,0.000000,0.343137,1.000000,1.000000,0.000000,-0.000992,0.500000,0
0.000000,0.345070,1.000000,1.000000,0.000000,-0.000992,0.500000,0.046627,0.920916,-0.600000,-0.098039,0.024503,0.000000,0.350993,1.000000,1.000000,0.000000,-0.000992,0.500000,0
0.000000,0.349673,1.000000,1.000000,0.000000,-0.000992,0.500000,0.110119,0.557414,0.200000,0.392157,0.032226,0.000000,0.335548,1.000000,1.000000,0.000000,-0.000992,0.500000,0
0.000000,0.337662,1.000000,1.000000,0.000000,-0.000992,0.500000,0.491071,0.263158,0.200000,0.803922,0.030565,0.000000,0.338870,1.000000,1.000000,0.000000,-0.000992,0.500000,0
0.000000,0.344156,1.000000,1.000000,0.000000,-0.000992,0.500000,0.046627,0.497399,0.200000,-0.666667,0.032226,0.000000,0.335548,1.000000,1.000000,0.000000,-0.000992,0.500000,0
0.000000,0.336601,1.000000,1.000000,0.000000,-0.000992,0.500000,0.110119,0.730212,1.000000,0.882353,0.028859,0.000000,0.342282,1.000000,1.000000,0.000000,-0.000992,0.500000,0
0.000000,0.346278,1.000000,1.000000,0.000000,-0.000992,0.500000,0.014881,0.154079,-0.600000,0.470588,0.032226,0.000000,0.335548,1.000000,1.000000,0.000000,-0.000992,0.500000,0
0.000000,0.344371,1.000000,1.000000,0.000000,-0.000992,0.500000,0.237103,0.000000,0.600000,-0.333333,0.019398,0.000000,0.361204,1.000000,1.000000,0.000000,-0.000992,0.500000,0
0.000000,0.358804,1.000000,1.000000,0.000000,-0.000992,0.500000,0.237103,0.862159,-0.200000,-0.039216,0.027759,0.000000,0.344482,1.000000,1.000000,0.000000,-0.000992,0.500000,0
0.000000,0.356667,1.000000,1.000000,0.000000,-0.000992,0.500000,0.110119,0.127090,0.600000,0.372549,0.030565,0.000000,0.338870,1.000000,1.000000,0.000000,-0.000992,0.500000,0
0.000000,0.343137,1.000000,1.000000,0.000000,-0.000992,0.500000,0.999008,0.000000,-0.200000,0.254902,0.027243,0.000000,0.345515,1.000000,1.000000,0.000000,-0.000992,0.500000,0
0.000000,0.350993,1.000000,1.000000,0.000000,-0.000992,0.500000,0.046627,0.829344,-0.200000,-0.490196,0.031667,0.000000,0.336667,1.000000,1.000000,0.000000,-0.000992,0.500000,0
0.000000,0.335548,1.000000,1.000000,0.000000,-0.000992,0.500000,0.046627,0.042664,-1.000000,0.568627,0.028704,0.000000,0.342593,1.000000,1.000000,0.000000,-0.000992,0.500000,0
0.000000,0.338870,1.000000,1.000000,0.000000,-0.000992,0.500000,0.014881,0.030211,0.600000,0.098039,0.030745,0.000000,0.338509,1.000000,1.000000,0.000000,-0.000992,0.500000,0
0.000000,0.335548,1.000000,1.000000,0.000000,-0.000992,0.500000,0.014881,0.705942,1.000000,0.745098,0.030721,0.000000,0.338558,1.000000,1.000000,0.000000,-0.000992,0.500000,0
0.000000,0.342282,1.000000,1.000000,0.000000,-0.000992,0.500000,0.999008,0.000000,-0.600000,-0.941176,0.033333,0.000000,0.333333,1.000000,1.000000,0.000000,-0.000992,0.500000,0
0.000000,0.335548,1.000000,1.000000,0.000000,-0.000992,0.500000,0.999008,0.000000,-0.600000,-0.254902,0.033851,0.000000,0.332298,1.000000,1.000000,0.000000,-0.000992,0.500000,0
0.000000,0.361204,1.000000,1.000000,0.000000,-0.000992,0.500000,0.046627,0.000000,0.600000,0.235294,0.034375,0.000000,0.331250,1.000000,1.000000,0.000000,-0.000992,0.500000,0
0.000000,0.344482,1.000000,1.000000,0.000000,-0.000992,0.500000,0.237103,0.114434,-0.600000,0.784314,0.033856,0.000000,0.332288,1.000000,1.000000,0.000000,-0.000992,0.500000,0
0.000000,0.338870,1.000000,1.000000,0.000000,-0.000992,0.500000,-0.000992,0.570862,0.600000,0.509804,0.038006,0.000000,0.323988,1.000000,1.000000,0.000000,-0.000992,0.500000,0
0.000000,0.345515,1.000000,1.000000,0.000000,-0.000992,0.500000,-0.000992,0.326065,1.000000,0.862745,0.035404,0.000000,0.329193,1.000000,1.000000,0.000000,-0.000992,0.500000,0
0.000000,0.336667,1.000000,1.000000,0.000000,-0.000992,0.500000,0.999008,0.000000,-0.200000,-0.392157,0.032813,0.000000,0.334375,1.000000,1.000000,0.000000,-0.000992,0.500000,0
0.000000,0.342593,1.000000,1.000000,0.000000,-0.000992,0.500000,0.999008,0.000000,0.600000,0.725490,0.056164,0.000000,0.287671,1.000000,1.000000,0.000000,-0.000992,0.500000,0
0.000000,0.338509,1.000000,1.000000,0.000000,-0.000992,0.500000,0.046627,0.642040,-0.200000,-0.960784,0.054671,0.000000,0.290657,1.000000,1.000000,0.000000,-0.000992,0.500000,0
0.000000,0.338558,1.000000,1.000000,0.000000,-0.000992,0.500000,0.046627,0.329865,-0.200000,-0.980392,0.052632,0.000000,0.294737,1.000000,1.000000,0.000000,-0.000992,0.500000,0
0.000000,0.333333,1.000000,1.000000,0.000000,-0.000992,0.500000,-0.000992,0.280476,1.000000,0.294118,0.047518,0.000000,0.304965,1.000000,1.000000,0.000000,-0.000992,0.500000,0
0.000000,0.332298,1.000000,1.000000,0.000000,-0.000992,0.500000,0.237103,0.773732,-1.000000,-0.549020,0.044086,0.000000,0.311828,1.000000,1.000000,0.000000,-0.000992,0.500000,0
0.000000,0.331250,1.000000,1.000000,0.000000,-0.000992,0.500000,0.110119,0.991081,-0.200000,-0.627451,0.050534,0.000000,0.298932,1.000000,1.000000,0.000000,-0.000992,0.500000,0
0.000000,0.332288,1.000000,1.000000,0.000000,-0.000992,0.500000,0.999008,0.000000,0.600000,0.196078,0.047518,0.000000,0.304965,1.000000,1.000000,0.000000,-0.000992,0.500000,0
0.000000,0.323988,1.000000,1.000000,0.000000,-0.000992,0.500000,-0.000992,0.925669,1.000000,-0.803922,0.050534,0.000000,0.298932,1.000000,1.000000,0.000000,-0.000992,0.500000,0
0.000000,0.329193,1.000000,1.000000,0.000000,-0.000992,0.500000,0.999008,0.000000,1.000000,0.725490,0.052740,0.000000,0.294521,1.000000,1.000000,0.000000,-0.000992,0.500000,0
0.000000,0.334375,1.000000,1.000000,0.000000,-0.000992,0.500000,0.999008,0.000000,1.000000,0.764706,0.050877,0.000000,0.298246,1.000000,1.000000,0.000000,-0.000992,0.500000,0
0.000000,0.287671,1.000000,1.000000,0.000000,-0.000992,0.500000,0.491071,0.000000,0.200000,-0.117647,0.036858,0.000000,0.326284,1.000000,1.000000,0.000000,-0.000992,0.500000,0
0.000000,0.290657,1.000000,1.000000,0.000000,-0.000992,0.500000,0.110119,0.221851,1.000000,0.352941,0.034365,0.000000,0.331269,1.000000,1.000000,0.000000,-0.000992,0.500000,0
0.000000,0.294737,1.000000,1.000000,0.000000,-0.000992,0.500000,0.491071,0.000000,-1.000000,0.823529,0.034877,0.000000,0.330247,1.000000,1.000000,0.000000,-0.000992,0.500000,0
0.000000,0.304965,1.000000,1.000000,0.000000,-0.000992,0.500000,0.237103,0.191157,-0.600000,-0.960784,0.033333,0.000000,0.333333,1.000000,1.000000,0.000000,-0.000992,0.500000,0
0.000000,0.311828,1.000000,1.000000,0.000000,-0.000992,0.500000,-0.000992,0.336967,-1.000000,-0.372549,0.027586,0.000000,0.344828,1.000000,1.000000,0.000000,-0.000992,0.500000,0
0.000000,0.298932,1.000000,1.000000,0.000000,-0.000992,0.500000,0.110119,0.000000,0.600000,0.352941,0.025077,0.000000,0.349845,1.000000,1.000000,0.000000,-0.000992,0.500000,0
0.000000,0.304965,1.000000,1.000000,0.000000,-0.000992,0.500000,0.014881,0.084592,-1.000000,0.921569,0.035404,0.000000,0.329193,1.000000,1.000000,0.000000,-0.000992,0.500000,0
0.000000,0.298932,1.000000,1.000000,0.000000,-0.000992,0.500000,0.110119,0.860647,1.000000,-0.058824,0.032298,0.000000,0.335404,1.000000,1.000000,0.000000,-0.000992,0.500000,0
0.000000,0.294521,1.000000,1.000000,0.000000,-0.000992,0.500000,0.999008,0.000000,0.600000,0.215686,0.029193,0.000000,0.341615,1.000000,1.000000,0.000000,-0.000992,0.500000,0
0.000000,0.298246,1.000000,1.000000,0.000000,-0.000992,0.500000,-0.000992,0.486620,-1.000000,0.666667,0.036391,0.000000,0.327217,1.000000,1.000000,0.000000,-0.000992,0.500000,0
0.000000,0.326284,1.000000,1.000000,0.000000,-0.000992,0.500000,-0.000992,0.489594,-0.200000,0.529412,0.061842,0.000000,0.276316,1.000000,1.000000,0.000000,-0.000992,0.500000,0
0.000000,0.331269,1.000000,1.000000,0.000000,-0.000992,0.500000,0.237103,0.733420,-0.200000,0.352941,0.060197,0.000000,0.279605,1.000000,1.000000,0.000000,-0.000992,0.500000,0
0.000000,0.330247,1.000000,1.000000,0.000000,-0.000992,0.500000,0.046627,0.372529,-0.200000,-0.039216,0.061842,0.000000,0.276316,1.000000,1.000000,0.000000,-0.000992,0.500000,0
0.000000,0.333333,1.000000,1.000000,0.000000,-0.000992,0.500000,0.491071,0.674464,-1.000000,-0.941176,0.062460,0.000000,0.275081,1.000000,1.000000,0.000000,-0.000992,0.500000,0
0.000000,0.344828,1.000000,1.000000,0.000000,-0.000992,0.500000,0.110119,0.454849,-1.000000,-0.274510,0.061842,0.000000,0.276316,1.000000,1.000000,0.000000,-0.000992,0.500000,0
0.000000,0.349845,1.000000,1.000000,0.000000,-0.000992,0.500000,-0.000992,0.270565,0.200000,0.960784,0.061386,0.000000,0.277228,1.000000,1.000000,0.000000,-0.000992,0.500000,0
0.000000,0.329193,1.000000,1.000000,0.000000,-0.000992,0.500000,0.014881,0.253776,0.200000,-0.156863,0.061842,0.000000,0.276316,1.000000,1.000000,0.000000,-0.000992,0.500000,0
0.000000,0.335404,1.000000,1.000000,0.000000,-0.000992,0.500000,0.999008,0.000000,1.000000,0.980392,0.061564,0.000000,0.276873,1.000000,1.000000,0.000000,-0.000992,0.500000,0
0.000000,0.341615,1.000000,1.000000,0.000000,-0.000992,0.500000,0.999008,0.000000,-0.200000,0.450980,0.061111,0.000000,0.277778,1.000000,1.000000,0.000000,-0.000992,0.500000,0
0.000000,0.327217,1.000000,1.000000,0.000000,-0.000992,0.500000,0.999008,0.000000,1.000000,-0.745098,0.059935,0.000000,0.280130,1.000000,1.000000,0.000000,-0.000992,0.500000,0
0.000000,0.276316,1.000000,1.000000,0.000000,-0.000992,0.500000,0.999008,0.000000,-0.600000,-0.490196,0.052025,0.000000,0.295950,1.000000,1.000000,0.000000,-0.000992,0.500000,0
0.000000,0.279605,1.000000,1.000000,0.000000,-0.000992,0.500000,0.014881,0.092649,-0.600000,-0.176471,0.050629,0.000000,0.298742,1.000000,1.000000,0.000000,-0.000992,0.500000,0
0.000000,0.276316,1.000000,1.000000,0.000000,-0.000992,0.500000,0.046627,0.158169,0.600000,-0.705882,0.048101,0.000000,0.303797,1.000000,1.000000,0.000000,-0.000992,0.500000,0
0.000000,0.275081,1.000000,1.000000,0.000000,-0.000992,0.500000,0.014881,0.318228,0.600000,0.176471,0.052484,0.000000,0.295031,1.000000,1.000000,0.000000,-0.000992,0.500000,0
0.000000,0.276316,1.000000,1.000000,0.000000,-0.000992,0.500000,0.491071,0.247563,1.000000,0.921569,0.046273,0.000000,0.307453,1.000000,1.000000,0.000000,-0.000992,0.500000,0
0.000000,0.277228,1.000000,1.000000,0.000000,-0.000992,0.500000,0.999008,0.000000,0.600000,-0.686275,0.049231,0.000000,0.301538,1.000000,1.000000,0.000000,-0.000992,0.500000,0
0.000000,0.276316,1.000000,1.000000,0.000000,-0.000992,0.500000,0.014881,0.108761,1.000000,0.117647,0.046032,0.000000,0.307937,1.000000,1.000000,0.000000,-0.000992,0.500000,0
0.000000,0.276873,1.000000,1.000000,0.000000,-0.000992,0.500000,0.046627,0.024974,0.200000,0.784314,0.048101,0.000000,0.303797,1.000000,1.000000,0.000000,-0.000992,0.500000,0
0.000000,0.277778,1.000000,1.000000,0.000000,-0.000992,0.500000,0.237103,0.001300,1.000000,-0.411765,0.048101,0.000000,0.303797,1.000000,1.000000,0.000000,-0.000992,0.500000,0
0.000000,0.280130,1.000000,1.000000,0.000000,-0.000992,0.500000,0.999008,0.000000,0.600000,0.294118,0.049530,0.000000,0.300940,1.000000,1.000000,0.000000,-0.000992,0.500000,0
0.000000,0.295950,1.000000,1.000000,0.000000,-0.000992,0.500000,-0.000992,0.483647,0.200000,0.450980,0.041584,0.000000,0.316832,1.000000,1.000000,0.000000,-0.000992,0.500000,0
0.000000,0.298742,1.000000,1.000000,0.000000,-0.000992,0.500000,0.491071,0.904483,0.600000,0.254902,0.037748,0.000000,0.324503,1.000000,1.000000,0.000000,-0.000992,0.500000,0
0.000000,0.303797,1.000000,1.000000,0.000000,-0.000992,0.500000,0.999008,0.000000,-1.000000,0.764706,0.042532,0.000000,0.314935,1.000000,1.000000,0.000000,-0.000992,0.500000,0
0.000000,0.295031,1.000000,1.000000,0.000000,-0.000992,0.500000,0.237103,0.526658,-0.200000,0.980392,0.040000,0.000000,0.320000,1.000000,1.000000,0.000000,-0.000992,0.500000,0
0.000000,0.307453,1.000000,1.000000,0.000000,-0.000992,0.500000,0.999008,0.000000,0.200000,0.607843,0.040461,0.000000,0.319079,1.000000,1.000000,0.000000,-0.000992,0.500000,0
0.000000,0.301538,1.000000,1.000000,0.000000,-0.000992,0.500000,0.999008,0.000000,-0.200000,-0.019608,0.042623,0.000000,0.314754,1.000000,1.000000,0.000000,-0.000992,0.500000,0
0.000000,0.307937,1.000000,1.000000,0.000000,-0.000992,0.500000,0.014881,0.000000,-0.200000,0.607843,0.040000,0.000000,0.320000,1.000000,1.000000,0.000000,-0.000992,0.500000,0
0.000000,0.303797,1.000000,1.000000,0.000000,-0.000992,0.500000,0.999008,0.000000,0.200000,0.254902,0.036667,0.000000,0.326667,1.000000,1.000000,0.000000,-0.000992,0.500000,0
0.000000,0.303797,1.000000,1.000000,0.000000,-0.000992,0.500000,0.110119,0.966555,-0.200000,-0.803922,0.039465,0.000000,0.321070,1.000000,1.000000,0.000000,-0.000992,0.500000,0
0.000000,0.300940,1.000000,1.000000,0.000000,-0.000992,0.500000,-0.000992,0.703667,-0.600000,-0.607843,0.038926,0.000000,0.322148,1.000000,1.000000,0.000000,-0.000992,0.500000,0
0.000000,0.316832,1.000000,1.000000,0.000000,-0.000992,0.500000,0.237103,0.737321,1.000000,0.705882,0.027381,0.000000,0.345238,1.000000,1.000000,0.000000,-0.000992,0.500000,0
0.000000,0.324503,1.000000,1.000000,0.000000,-0.000992,0.500000,0.999008,0.000000,0.600000,0.745098,0.021212,0.000000,0.357576,1.000000,1.000000,0.000000,-0.000992,0.500000,0
0.000000,0.314935,1.000000,1.000000,0.000000,-0.000992,0.500000,0.237103,0.000000,-0.200000,0.803922,0.026220,0.000000,0.347561,1.000000,1.000000,0.000000,-0.000992,0.500000,0
0.000000,0.320000,1.000000,1.000000,0.000000,-0.000992,0.500000,0.110119,0.297659,-1.000000,-0.627451,0.022086,0.000000,0.355828,1.000000,1.000000,0.000000,-0.000992,0.500000,0
0.000000,0.319079,1.000000,1.000000,0.000000,-0.000992,0.500000,0.046627,0.626431,1.000000,-0.745098,0.026748,0.000000,0.346505,1.000000,1.000000,0.000000,-0.000992,0.500000,0
0.000000,0.314754,1.000000,1.000000,0.000000,-0.000992,0.500000,0.046627,0.869927,1.000000,-0.137255,0.022531,0.000000,0.354938,1.000000,1.000000,0.000000,-0.000992,0.500000,0
0.000000,0.320000,1.000000,1.000000,0.000000,-0.000992,0.500000,0.046627,0.283039,-0.200000,0.529412,0.020669,0.000000,0.358663,1.000000,1.000000,0.000000,-0.000992,0.500000,0
0.000000,0.326667,1.000000,1.000000,0.000000,-0.000992,0.500000,0.999008,0.000000,0.200000,-0.215686,0.020669,0.000000,0.358663,1.000000,1.000000,0.000000,-0.000992,0.500000,0
0.000000,0.321070,1.000000,1.000000,0.000000,-0.000992,0.500000,0.491071,0.105263,0.200000,0.784314,0.020552,0.000000,0.358896,1.000000,1.000000,0.000000,-0.000992,0.500000,0
0.000000,0.322148,1.000000,1.000000,0.000000,-0.000992,0.500000,0.014881,0.061430,0.600000,0.647059,0.022086,0.000000,0.355828,1.000000,1.000000,0.000000,-0.000992,0.500000,0
0.000000,0.345238,1.000000,1.000000,0.000000,-0.000992,0.500000,0.999008,0.000000,-0.200000,0.254902,0.053312,0.000000,0.293375,1.000000,1.000000,0.000000,-0.000992,0.500000,0
0.000000,0.357576,1.000000,1.000000,0.000000,-0.000992,0.500000,0.999008,0.000000,-0.600000,0.000000,0.050318,0.000000,0.299363,1.000000,1.000000,0.000000,-0.000992,0.500000,0
0.000000,0.347561,1.000000,1.000000,0.000000,-0.000992,0.500000,0.046627,0.828304,0.200000,0.745098,0.053226,0.000000,0.293548,1.000000,1.000000,0.000000,-0.000992,0.500000,0
0.000000,0.355828,1.000000,1.000000,0.000000,-0.000992,0.500000,-0.000992,0.526264,-0.600000,0.196078,0.054839,0.000000,0.290323,1.000000,1.000000,0.000000,-0.000992,0.500000,0
0.000000,0.346505,1.000000,1.000000,0.000000,-0.000992,0.500000,0.999008,0.000000,1.000000,-0.215686,0.048243,0.000000,0.303514,1.000000,1.000000,0.000000,-0.000992,0.500000,0
0.000000,0.354938,1.000000,1.000000,0.000000,-0.000992,0.500000,-0.000992,0.730426,-0.600000,0.000000,0.048387,0.000000,0.303226,1.000000,1.000000,0.000000,-0.000992,0.500000,0
0.000000,0.358663,1.000000,1.000000,0.000000,-0.000992,0.500000,0.110119,0.717949,0.600000,-0.568627,0.055769,0.000000,0.288462,1.000000,1.000000,0.000000,-0.000992,0.500000,0
0.000000,0.358663,1.000000,1.000000,0.000000,-0.000992,0.500000,0.014881,0.049345,-0.200000,-0.254902,0.054369,0.000000,0.291262,1.000000,1.000000,0.000000,-0.000992,0.500000,0
0.000000,0.358896,1.000000,1.000000,0.000000,-0.000992,0.500000,0.046627,0.511967,0.600000,0.607843,0.053226,0.000000,0.293548,1.000000,1.000000,0.000000,-0.000992,0.500000,0
0.000000,0.355828,1.000000,1.000000,0.000000,-0.000992,0.500000,0.999008,0.000000,-0.200000,0.078431,0.055096,0.000000,0.289809,1.000000,1.000000,0.000000,-0.000992,0.500000,0
0.000000,0.293375,1.000000,1.000000,0.000000,-0.000992,0.500000,0.014881,0.872105,1.000000,0.862745,0.036765,0.000000,0.326471,1.000000,1.000000,0.000000,-0.000992,0.500000,0
0.000000,0.299363,1.000000,1.000000,0.000000,-0.000992,0.500000,0.491071,0.000000,0.600000,0.725490,0.033824,0.000000,0.332353,1.000000,1.000000,0.000000,-0.000992,0.500000,0
0.000000,0.293548,1.000000,1.000000,0.000000,-0.000992,0.500000,0.014881,0.740181,-0.200000,0.549020,0.036765,0.000000,0.326471,1.000000,1.000000,0.000000,-0.000992,0.500000,0
0.000000,0.290323,1.000000,1.000000,0.000000,-0.000992,0.500000,-0.000992,0.059465,-0.200000,0.137255,0.032344,0.000000,0.335312,1.000000,1.000000,0.000000,-0.000992,0.500000,0
0.000000,0.303514,1.000000,1.000000,0.000000,-0.000992,0.500000,0.046627,0.946930,-1.000000,-0.294118,0.032840,0.000000,0.334320,1.000000,1.000000,0.000000,-0.000992,0.500000,0
0.000000,0.303226,1.000000,1.000000,0.000000,-0.000992,0.500000,0.046627,0.271592,-0.600000,0.529412,0.031858,0.000000,0.336283,1.000000,1.000000,0.000000,-0.000992,0.500000,0
0.000000,0.288462,1.000000,1.000000,0.000000,-0.000992,0.500000,0.491071,0.409357,0.200000,0.647059,0.032845,0.000000,0.334311,1.000000,1.000000,0.000000,-0.000992,0.500000,0
0.000000,0.291262,1.000000,1.000000,0.000000,-0.000992,0.500000,-0.000992,0.934589,0.200000,0.117647,0.035799,0.000000,0.328402,1.000000,1.000000,0.000000,-0.000992,0.500000,0
0.000000,0.293548,1.000000,1.000000,0.000000,-0.000992,0.500000,0.046627,0.634755,-0.600000,-0.647059,0.038235,0.000000,0.323529,1.000000,1.000000,0.000000,-0.000992,0.500000,0
0.000000,0.289809,1.000000,1.000000,0.000000,-0.000992,0.500000,-0.000992,0.539148,1.000000,0.686275,0.040580,0.000000,0.318841,1.000000,1.000000,0.000000,-0.000992,0.500000,0
0.000000,0.326471,1.000000,1.000000,0.000000,-0.000992,0.500000,0.014881,0.218530,-0.600000,-0.843137,0.060927,0.000000,0.278146,1.000000,1.000000,0.000000,-0.000992,0.500000,0
0.000000,0.332353,1.000000,1.000000,0.000000,-0.000992,0.500000,0.237103,0.000000,-1.000000,0.372549,0.060927,0.000000,0.278146,1.000000,1.000000,0.000000,-0.000992,0.500000,0
0.000000,0.326471,1.000000,1.000000,0.000000,-0.000992,0.500000,0.999008,0.000000,-1.000000,-0.764706,0.060656,0.000000,0.278689,1.000000,1.000000,0.000000,-0.000992,0.500000,0
0.000000,0.335312,1.000000,1.000000,0.000000,-0.000992,0.500000,0.491071,0.000000,-0.600000,-0.705882,0.061386,0.000000,0.277228,1.000000,1.000000,0.000000,-0.000992,0.500000,0
0.000000,0.334320,1.000000,1.000000,0.000000,-0.000992,0.500000,0.014881,0.374622,0.600000,-0.921569,0.063192,0.000000,0.273616,1.000000,1.000000,0.000000,-0.000992,0.500000,0
0.000000,0.336283,1.000000,1.000000,0.000000,-0.000992,0.500000,0.237103,0.326398,-0.600000,-0.450980,0.058804,0.000000,0.282392,1.000000,1.000000,0.000000,-0.000992,0.500000,0
0.000000,0.334311,1.000000,1.000000,0.000000,-0.000992,0.500000,0.491071,0.532164,1.000000,-0.156863,0.058306,0.000000,0.283388,1.000000,1.000000,0.000000,-0.000992,0.500000,0
0.000000,0.328402,1.000000,1.000000,0.000000,-0.000992,0.500000,0.491071,0.886940,-0.200000,-0.803922,0.061564,0.000000,0.276873,1.000000,1.000000,0.000000,-0.000992,0.500000,0
0.000000,0.323529,1.000000,1.000000,0.000000,-0.000992,0.500000,0.014881,0.468278,1.000000,-0.764706,0.060465,0.000000,0.279070,1.000000,1.000000,0.000000,-0.000992,0.500000,0
0.000000,0.318841,1.000000,1.000000,0.000000,-0.000992,0.500000,0.999008,0.000000,0.600000,-0.215686,0.065815,0.000000,0.268371,1.000000,1.000000,0.000000,-0.000992,0.500000,0
0.000000,0.278146,1.000000,1.000000,0.000000,-0.000992,0.500000,0.237103,0.000000,0.200000,0.098039,0.063501,0.000000,0.272997,1.000000,1.000000,0.000000,-0.000992,0.500000,0
0.000000,0.278146,1.000000,1.000000,0.000000,-0.000992,0.500000,0.110119,0.916388,0.200000,-0.921569,0.065497,0.000000,0.269006,1.000000,1.000000,0.000000,-0.000992,0.500000,0
0.000000,0.278689,1.000000,1.000000,0.000000,-0.000992,0.500000,0.491071,0.095517,-1.000000,-0.588235,0.060534,0.000000,0.278932,1.000000,1.000000,0.000000,-0.000992,0.500000,0
0.000000,0.277228,1.000000,1.000000,0.000000,-0.000992,0.500000,0.110119,0.239688,-0.200000,-0.215686,0.061765,0.000000,0.276471,1.000000,1.000000,0.000000,-0.000992,0.500000,0
0.000000,0.273616,1.000000,1.000000,0.000000,-0.000992,0.500000,0.237103,0.308192,0.600000,-0.117647,0.060294,0.000000,0.279412,1.000000,1.000000,0.000000,-0.000992,0.500000,0
0.000000,0.282392,1.000000,1.000000,0.000000,-0.000992,0.500000,0.999008,0.000000,-0.200000,0.568627,0.058407,0.004000,0.283186,1.000000,1.000000,0.002000,-0.000992,0.500000,0
0.000000,0.283388,1.000000,1.000000,0.000000,-0.000992,0.500000,0.110119,0.411371,-1.000000,0.490196,0.061607,0.000000,0.276786,1.000000,1.000000,0.000000,-0.000992,0.500000,0
0.000000,0.276873,1.000000,1.000000,0.000000,-0.000992,0.500000,0.014881,0.543807,0.600000,-0.509804,0.056932,0.000000,0.286136,1.000000,1.000000,0.000000,-0.000992,0.500000,0
0.000000,0.279070,1.000000,1.000000,0.000000,-0.000992,0.500000,0.110119,0.698997,0.200000,-0.098039,0.062687,0.000000,0.274627,1.000000,1.000000,0.000000,-0.000992,0.500000,0
0.000000,0.268371,1.000000,1.000000,0.000000,-0.000992,0.500000,0.110119,0.596433,-0.200000,0.294118,0.063501,0.000000,0.272997,1.000000,1.000000,0.000000,-0.000992,0.500000,0
0.000000,0.272997,1.000000,1.000000,0.000000,-0.000992,0.500000,0.491071,0.000000,0.600000,0.588235,0.052848,0.000000,0.294304,1.000000,1.000000,0.000000,-0.000992,0.500000,0
0.000000,0.269006,1.000000,1.000000,0.000000,-0.000992,0.500000,0.110119,0.497213,1.000000,-0.725490,0.053968,0.000000,0.292063,1.000000,1.000000,0.000000,-0.000992,0.500000,0
0.000000,0.278932,1.000000,1.000000,0.000000,-0.000992,0.500000,0.999008,0.000000,-0.200000,-0.882353,0.052025,0.004000,0.295950,1.000000,1.000000,0.002000,-0.000992,0.500000,0
0.000000,0.276471,1.000000,1.000000,0.000000,-0.000992,0.500000,0.014881,0.513595,1.000000,0.529412,0.056250,0.000000,0.287500,1.000000,1.000000,0.000000,-0.000992,0.500000,0
0.000000,0.279412,1.000000,1.000000,0.000000,-0.000992,0.500000,0.046627,0.000000,0.600000,-0.294118,0.053503,0.000000,0.292994,1.000000,1.000000,0.000000,-0.000992,0.500000,0
0.004000,0.283186,1.000000,1.000000,0.002000,-0.000992,0.500000,0.014881,0.217523,0.200000,0.333333,0.052564,0.000000,0.294872,1.000000,1.000000,0.000000,-0.000992,0.500000,0
0.000000,0.276786,1.000000,1.000000,0.000000,-0.000992,0.500000,0.491071,0.000000,0.600000,-0.352941,0.056467,0.000000,0.287066,1.000000,1.000000,0.000000,-0.000992,0.500000,0
0.000000,0.286136,1.000000,1.000000,0.000000,-0.000992,0.500000,0.237103,0.511053,-1.000000,0.745098,0.050629,0.000000,0.298742,1.000000,1.000000,0.000000,-0.000992,0.500000,0
0.000000,0.274627,1.000000,1.000000,0.000000,-0.000992,0.500000,-0.000992,0.722498,-0.200000,-0.764706,0.055096,0.000000,0.289809,1.000000,1.000000,0.000000,-0.000992,0.500000,0
0.000000,0.272997,1.000000,1.000000,0.000000,-0.000992,0.500000,0.999008,0.000000,0.600000,0.843137,0.059133,0.004000,0.281734,1.000000,1.000000,0.002000,-0.000992,0.500000,0
0.000000,0.294304,1.000000,1.000000,0.000000,-0.000992,0.500000,0.046627,0.545265,0.200000,-0.549020,0.069883,0.000000,0.260234,1.000000,1.000000,0.000000,-0.000992,0.500000,0
0.000000,0.292063,1.000000,1.000000,0.000000,-0.000992,0.500000,0.237103,0.179454,-0.200000,-0.529412,0.070262,0.000000,0.259475,1.000000,1.000000,0.000000,-0.000992,0.500000,0
0.004000,0.295950,1.000000,1.000000,0.002000,-0.000992,0.500000,0.491071,0.000000,-1.000000,0.333333,0.066569,0.000000,0.266862,1.000000,1.000000,0.000000,-0.000992,0.500000,0
0.000000,0.287500,1.000000,1.000000,0.000000,-0.000992,0.500000,0.237103,0.291287,-1.000000,-0.647059,0.070640,0.004000,0.258721,1.000000,1.000000,0.002000,-0.000992,0.500000,0
0.000000,0.292994,1.000000,1.000000,0.000000,-0.000992,0.500000,0.999008,0.000000,1.000000,0.313725,0.065217,0.000000,0.269565,1.000000,1.000000,0.000000,-0.000992,0.500000,0
0.000000,0.294872,1.000000,1.000000,0.000000,-0.000992,0.500000,0.491071,0.116959,-0.200000,-0.843137,0.066279,0.000000,0.267442,1.000000,1.000000,0.000000,-0.000992,0.500000,0
0.000000,0.287066,1.000000,1.000000,0.000000,-0.000992,0.500000,0.110119,0.468227,1.000000,-0.058824,0.070640,0.004000,0.258721,1.000000,1.000000,0.002000,-0.000992,0.500000,0
0.000000,0.298742,1.000000,1.000000,0.000000,-0.000992,0.500000,0.491071,0.000000,0.600000,-0.607843,0.064035,0.000000,0.271930,1.000000,1.000000,0.000000,-0.000992,0.500000,0
0.000000,0.289809,1.000000,1.000000,0.000000,-0.000992,0.500000,0.046627,0.810614,-1.000000,-0.627451,0.069883,0.000000,0.260234,1.000000,1.000000,0.000000,-0.000992,0.500000,0
0.004000,0.281734,1.000000,1.000000,0.002000,-0.000992,0.500000,0.999008,0.000000,1.000000,-0.941176,0.078082,0.008000,0.243836,1.000000,1.000000,0.004000,-0.000992,0.500000,0
0.000000,0.260234,1.000000,1.000000,0.000000,-0.000992,0.500000,-0.000992,0.409316,-0.600000,-0.019608,0.069048,0.000000,0.261905,1.000000,1.000000,0.000000,-0.000992,0.500000,0
0.000000,0.259475,1.000000,1.000000,0.000000,-0.000992,0.500000,0.999008,0.000000,0.600000,0.352941,0.058209,0.000000,0.283582,1.000000,1.000000,0.000000,0.999008,0.500000,0
0.000000,0.266862,1.000000,1.000000,0.000000,-0.000992,0.500000,0.014881,0.080564,-1.000000,-0.784314,0.068263,0.000000,0.263473,1.000000,1.000000,0.000000,0.014881,0.500000,0
0.004000,0.258721,1.000000,1.000000,0.002000,-0.000992,0.500000,-0.000992,0.542121,-1.000000,0.372549,0.067470,0.000000,0.265060,1.000000,1.000000,0.000000,-0.000992,0.500000,0
0.000000,0.269565,1.000000,1.000000,0.000000,-0.000992,0.500000,-0.000992,0.710605,-0.200000,0.294118,0.068657,0.000000,0.262687,1.000000,1.000000,0.000000,-0.000992,0.500000,0
0.000000,0.267442,1.000000,1.000000,0.000000,-0.000992,0.500000,0.491071,0.000000,-1.000000,0.137255,0.061194,0.000000,0.277612,1.000000,1.000000,0.000000,0.491071,0.500000,0
0.004000,0.258721,1.000000,1.000000,0.002000,-0.000992,0.500000,0.237103,0.435631,-1.000000,-0.176471,0.066366,0.000000,0.267267,1.000000,1.000000,0.000000,0.237103,0.500000,0
0.000000,0.271930,1.000000,1.000000,0.000000,-0.000992,0.500000,0.237103,0.651495,-0.600000,-0.627451,0.062018,0.000000,0.275964,1.000000,1.000000,0.000000,0.237103,0.500000,0
0.000000,0.260234,1.000000,1.000000,0.000000,-0.000992,0.500000,0.014881,0.334340,1.000000,-0.725490,0.063363,0.000000,0.273273,1.000000,1.000000,0.000000,0.014881,0.500000,0
0.008000,0.243836,1.000000,1.000000,0.004000,-0.000992,0.500000,0.014881,0.298087,-0.200000,0.980392,0.064179,0.000000,0.271642,1.000000,1.000000,0.000000,0.014881,0.500000,0
0.000000,0.261905,1.000000,1.000000,0.000000,-0.000992,0.500000,0.999008,0.000000,-0.600000,0.725490,0.002048,0.004000,0.395904,1.000000,1.000000,0.002000,0.999008,0.500000,0
0.000000,0.283582,1.000000,1.000000,0.000000,0.999008,0.500000,0.237103,0.271782,-0.200000,-0.745098,-0.001031,0.004000,0.402062,1.000000,1.000000,0.002000,0.237103,0.500000,0
0.000000,0.263473,1.000000,1.000000,0.000000,0.014881,0.500000,-0.000992,0.379584,-0.200000,0.254902,0.001724,0.000000,0.396552,1.000000,1.000000,0.000000,-0.000992,0.500000,0
0.000000,0.265060,1.000000,1.000000,0.000000,-0.000992,0.500000,0.999008,0.000000,-0.200000,-0.627451,0.002721,0.004000,0.394558,1.000000,1.000000,0.002000,0.999008,0.500000,0
0.000000,0.262687,1.000000,1.000000,0.000000,-0.000992,0.500000,0.491071,0.000000,-0.600000,0.686275,0.004124,0.000000,0.391753,1.000000,1.000000,0.000000,0.491071,0.500000,0
0.000000,0.277612,1.000000,1.000000,0.000000,0.491071,0.500000,0.046627,0.505723,0.200000,-0.039216,0.005842,0.000000,0.388316,1.000000,1.000000,0.000000,0.046627,0.500000,0
0.000000,0.267267,1.000000,1.000000,0.000000,0.237103,0.500000,0.237103,0.036411,-0.600000,-0.843137,0.006897,0.000000,0.386207,1.000000,1.000000,0.000000,0.237103,0.500000,0
0.000000,0.275964,1.000000,1.000000,0.000000,0.237103,0.500000,-0.000992,0.287413,-0.200000,0.784314,0.004878,0.000000,0.390244,1.000000,1.000000,0.000000,-0.000992,0.500000,0
0.000000,0.273273,1.000000,1.000000,0.000000,0.014881,0.500000,-0.000992,0.372646,-0.200000,0.352941,0.000699,0.000000,0.398601,1.000000,1.000000,0.000000,-0.000992,0.500000,0
0.000000,0.271642,1.000000,1.000000,0.000000,0.014881,0.500000,0.999008,0.000000,0.200000,-0.294118,0.007823,0.000000,0.384354,1.000000,1.000000,0.000000,0.999008,0.500000,0
0.004000,0.395904,1.000000,1.000000,0.002000,0.999008,0.500000,0.999008,0.000000,-0.600000,0.078431,0.004428,0.000000,0.391144,1.000000,1.000000,0.000000,0.999008,0.500000,0
0.004000,0.402062,1.000000,1.000000,0.002000,0.237103,0.500000,0.491071,0.660819,-1.000000,-0.058824,-0.001493,0.000000,0.402985,1.000000,1.000000,0.000000,0.491071,0.500000,0
0.000000,0.396552,1.000000,1.000000,0.000000,-0.000992,0.500000,-0.000992,0.771060,-1.000000,-0.921569,0.014748,0.000000,0.370504,1.000000,1.000000,0.000000,-0.000992,0.500000,0
0.004000,0.394558,1.000000,1.000000,0.002000,0.999008,0.500000,0.491071,0.000000,-0.600000,0.470588,0.003704,0.000000,0.392593,1.000000,1.000000,0.000000,0.491071,0.500000,0
0.000000,0.391753,1.000000,1.000000,0.000000,0.491071,0.500000,0.999008,0.000000,-1.000000,0.549020,0.001852,0.000000,0.396296,1.000000,1.000000,0.000000,0.999008,0.500000,0
0.000000,0.388316,1.000000,1.000000,0.000000,0.046627,0.500000,0.999008,0.000000,0.600000,0.431373,0.006985,0.000000,0.386029,1.000000,1.000000,0.000000,0.999008,0.500000,0
0.000000,0.386207,1.000000,1.000000,0.000000,0.237103,0.500000,-0.000992,0.562934,0.200000,0.745098,0.012500,0.000000,0.375000,1.000000,1.000000,0.000000,-0.000992,0.500000,0
0.000000,0.390244,1.000000,1.000000,0.000000,-0.000992,0.500000,0.014881,0.048338,0.200000,0.784314,0.011808,0.000000,0.376384,1.000000,1.000000,0.000000,0.014881,0.500000,0
0.000000,0.398601,1.000000,1.000000,0.000000,-0.000992,0.500000,0.999008,0.000000,0.200000,0.019608,-0.001493,0.000000,0.402985,1.000000,1.000000,0.000000,0.999008,0.500000,0
0.000000,0.384354,1.000000,1.000000,0.000000,0.999008,0.500000,0.046627,0.228928,-0.200000,-0.137255,0.006691,0.000000,0.386617,1.000000,1.000000,0.000000,0.046627,0.500000,0
0.000000,0.391144,1.000000,1.000000,0.000000,0.999008,0.500000,0.046627,0.126951,-0.600000,0.666667,-0.003333,0.000000,0.406667,1.000000,1.000000,0.000000,0.046627,0.500000,0
0.000000,0.402985,1.000000,1.000000,0.000000,0.491071,0.500000,-0.000992,0.103072,-0.200000,0.607843,-0.001667,0.000000,0.403333,1.000000,1.000000,0.000000,-0.000992,0.500000,0
0.000000,0.370504,1.000000,1.000000,0.000000,-0.000992,0.500000,0.237103,0.634590,-0.600000,-0.156863,-0.000997,0.004000,0.401993,1.000000,1.000000,0.002000,0.237103,0.500000,0
0.000000,0.392593,1.000000,1.000000,0.000000,0.491071,0.500000,-0.000992,0.916749,1.000000,0.686275,-0.004698,0.000000,0.409396,1.000000,1.000000,0.000000,-0.000992,0.500000,0
0.000000,0.396296,1.000000,1.000000,0.000000,0.999008,0.500000,-0.000992,0.995045,-0.200000,-0.039216,-0.002341,0.000000,0.404682,1.000000,1.000000,0.000000,-0.000992,0.500000,0
0.000000,0.386029,1.000000,1.000000,0.000000,0.999008,0.500000,-0.000992,0.359762,-1.000000,-0.862745,-0.005387,0.000000,0.410774,1.000000,1.000000,0.000000,-0.000992,0.500000,0
0.000000,0.375000,1.000000,1.000000,0.000000,-0.000992,0.500000,-0.000992,0.114965,0.200000,0.333333,-0.002020,0.000000,0.404040,1.000000,1.000000,0.000000,-0.000992,0.500000,0
0.000000,0.376384,1.000000,1.000000,0.000000,0.014881,0.500000,0.110119,0.606466,0.200000,-0.764706,-0.002341,0.000000,0.404682,1.000000,1.000000,0.000000,0.110119,0.500000,0
0.000000,0.402985,1.000000,1.000000,0.000000,0.999008,0.500000,0.110119,0.765886,0.600000,-0.980392,0.000000,0.000000,0.400000,1.000000,1.000000,0.000000,0.110119,0.500000,0
0.000000,0.386617,1.000000,1.000000,0.000000,0.046627,0.500000,0.014881,0.375629,-1.000000,0.941176,-0.003704,0.000000,0.407407,1.000000,1.000000,0.000000,0.014881,0.500000,0
0.000000,0.406667,1.000000,1.000000,0.000000,0.046627,0.500000,-0.000992,0.178394,0.200000,-0.392157,0.025455,0.000000,0.349091,1.000000,1.000000,0.000000,-0.000992,0.500000,0
0.000000,0.403333,1.000000,1.000000,0.000000,-0.000992,0.500000,0.046627,0.462019,0.600000,-0.372549,0.024818,0.000000,0.350365,1.000000,1.000000,0.000000,0.046627,0.500000,0
0.004000,0.401993,1.000000,1.000000,0.002000,0.237103,0.500000,-0.000992,0.703667,0.200000,-0.901961,0.027338,0.000000,0.345324,1.000000,1.000000,0.000000,-0.000992,0.500000,0
0.000000,0.409396,1.000000,1.000000,0.000000,-0.000992,0.500000,0.999008,0.000000,-0.600000,-0.725490,0.018841,0.004000,0.362319,1.000000,1.000000,0.002000,0.999008,0.500000,0
0.000000,0.404682,1.000000,1.000000,0.000000,-0.000992,0.500000,0.237103,0.472042,0.200000,0.196078,0.020513,0.000000,0.358974,1.000000,1.000000,0.000000,0.237103,0.500000,0
0.000000,0.410774,1.000000,1.000000,0.000000,-0.000992,0.500000,-0.000992,0.267592,1.000000,0.254902,0.022344,0.000000,0.355311,1.000000,1.000000,0.000000,-0.000992,0.500000,0
0.000000,0.404040,1.000000,1.000000,0.000000,-0.000992,0.500000,0.014881,0.209466,-0.600000,0.450980,0.020370,0.000000,0.359259,1.000000,1.000000,0.000000,0.014881,0.500000,0
0.000000,0.404682,1.000000,1.000000,0.000000,0.110119,0.500000,0.491071,0.832359,1.000000,-0.431373,0.026715,0.000000,0.346570,1.000000,1.000000,0.000000,0.491071,0.500000,0
0.000000,0.400000,1.000000,1.000000,0.000000,0.110119,0.500000,0.999008,0.000000,-0.600000,-0.823529,0.023741,0.000000,0.352518,1.000000,1.000000,0.000000,0.999008,0.500000,0
0.000000,0.407407,1.000000,1.000000,0.000000,0.014881,0.500000,0.110119,0.250836,1.000000,0.274510,0.024176,0.000000,0.351648,1.000000,1.000000,0.000000,0.110119,0.500000,0
0.000000,0.349091,1.000000,1.000000,0.000000,-0.000992,0.500000,0.999008,0.000000,1.000000,-0.627451,0.031525,0.004000,0.335593,0.996610,1.000000,0.002000,0.999008,0.500000,0
0.000000,0.350365,1.000000,1.000000,0.000000,0.046627,0.500000,0.491071,0.000000,0.600000,0.450980,0.033784,0.004000,0.331081,0.996622,1.000000,0.002000,0.491071,0.500000,0
0.000000,0.345324,1.000000,1.000000,0.000000,-0.000992,0.500000,0.999008,0.000000,-0.200000,0.980392,0.032095,0.000000,0.334459,0.996622,1.000000,0.000000,0.999008,0.500000,0
0.004000,0.362319,1.000000,1.000000,0.002000,0.999008,0.500000,0.491071,0.801170,1.000000,-0.509804,0.031525,0.004000,0.335593,0.996610,1.000000,0.002000,0.491071,0.500000,0
0.000000,0.358974,1.000000,1.000000,0.000000,0.237103,0.500000,0.491071,0.000000,-1.000000,-0.901961,0.030976,0.000000,0.336700,0.996633,1.000000,0.000000,0.491071,0.500000,0
0.000000,0.355311,1.000000,1.000000,0.000000,-0.000992,0.500000,0.110119,0.539576,-0.200000,0.823529,0.031615,0.004000,0.336770,1.000000,1.000000,0.002000,0.110119,0.500000,0
0.000000,0.359259,1.000000,1.000000,0.000000,0.014881,0.500000,-0.000992,0.225966,0.200000,0.333333,0.031507,0.000000,0.335616,0.996575,1.000000,0.000000,-0.000992,0.500000,0
0.000000,0.346570,1.000000,1.000000,0.000000,0.491071,0.500000,-0.000992,0.972250,1.000000,0.294118,0.034364,0.000000,0.329897,0.996564,1.000000,0.000000,-0.000992,0.500000,0
0.000000,0.352518,1.000000,1.000000,0.000000,0.999008,0.500000,0.237103,0.000000,-1.000000,0.882353,0.033219,0.000000,0.332192,0.996575,1.000000,0.000000,0.237103,0.500000,0
0.000000,0.351648,1.000000,1.000000,0.000000,0.110119,0.500000,0.014881,0.361531,-0.200000,-0.352941,0.032056,0.000000,0.334495,0.996516,1.000000,0.000000,0.014881,0.500000,0
0.004000,0.335593,0.996610,1.000000,0.002000,0.999008,0.500000,-0.000992,0.389495,0.200000,-0.509804,0.014236,0.000000,0.371528,1.000000,1.000000,0.000000,-0.000992,0.500000,0
0.004000,0.331081,0.996622,1.000000,0.002000,0.491071,0.500000,0.491071,0.454191,-1.000000,-0.372549,0.009028,0.000000,0.381944,1.000000,1.000000,0.000000,0.491071,0.500000,0
0.000000,0.334459,0.996622,1.000000,0.000000,0.999008,0.500000,-0.000992,0.968285,0.600000,0.098039,0.017869,0.000000,0.364261,1.000000,1.000000,0.000000,-0.000992,0.500000,0
0.004000,0.335593,0.996610,1.000000,0.002000,0.491071,0.500000,-0.000992,0.308226,1.000000,0.941176,0.020205,0.000000,0.359589,1.000000,1.000000,0.000000,-0.000992,0.500000,0
0.000000,0.336700,0.996633,1.000000,0.000000,0.491071,0.500000,0.110119,0.186176,-0.600000,-0.960784,0.024916,0.000000,0.350168,1.000000,1.000000,0.000000,0.110119,0.500000,0
0.004000,0.336770,1.000000,1.000000,0.002000,0.110119,0.500000,0.110119,0.153846,-1.000000,-0.019608,0.020690,0.000000,0.358621,1.000000,1.000000,0.000000,0.110119,0.500000,0
0.000000,0.335616,0.996575,1.000000,0.000000,-0.000992,0.500000,0.999008,0.000000,-0.600000,0.156863,0.012069,0.000000,0.375862,1.000000,1.000000,0.000000,0.999008,0.500000,0
0.000000,0.329897,0.996564,1.000000,0.000000,-0.000992,0.500000,0.014881,0.249748,-0.600000,0.137255,0.021306,0.000000,0.357388,1.000000,1.000000,0.000000,0.014881,0.500000,0
0.000000,0.332192,0.996575,1.000000,0.000000,0.237103,0.500000,0.237103,0.000000,0.200000,-0.725490,0.017869,0.000000,0.364261,1.000000,1.000000,0.000000,0.237103,0.500000,0
0.000000,0.334495,0.996516,1.000000,0.000000,0.014881,0.500000,0.237103,0.305592,-0.200000,-1.000000,0.023232,0.000000,0.353535,1.000000,1.000000,0.000000,0.237103,0.500000,0
0.000000,0.371528,1.000000,1.000000,0.000000,-0.000992,0.500000,0.014881,0.861027,1.000000,-0.039216,0.020261,0.000000,0.359477,1.000000,1.000000,0.000000,0.014881,0.500000,0
0.000000,0.381944,1.000000,1.000000,0.000000,0.491071,0.500000,0.046627,0.370447,0.600000,0.647059,0.024675,0.000000,0.350649,1.000000,1.000000,0.000000,0.046627,0.500000,0
0.000000,0.364261,1.000000,1.000000,0.000000,-0.000992,0.500000,0.046627,0.800208,-0.200000,0.000000,0.025733,0.000000,0.348534,1.000000,1.000000,0.000000,0.046627,0.500000,0
0.000000,0.359589,1.000000,1.000000,0.000000,-0.000992,0.500000,0.999008,0.000000,-0.600000,0.686275,0.019805,0.004000,0.360390,1.000000,1.000000,0.002000,0.999008,0.500000,0
0.000000,0.350168,1.000000,1.000000,0.000000,0.110119,0.500000,0.999008,0.000000,-1.000000,-0.490196,0.022006,0.004000,0.355987,1.000000,1.000000,0.002000,0.999008,0.500000,0
0.000000,0.358621,1.000000,1.000000,0.000000,0.110119,0.500000,0.110119,0.080268,-0.200000,-0.313725,0.021895,0.000000,0.356209,1.000000,1.000000,0.000000,0.110119,0.500000,0
0.000000,0.375862,1.000000,1.000000,0.000000,0.999008,0.500000,0.110119,0.643255,0.600000,-0.725490,0.023529,0.000000,0.352941,1.000000,1.000000,0.000000,0.110119,0.500000,0
0.000000,0.357388,1.000000,1.000000,0.000000,0.014881,0.500000,-0.000992,0.036670,0.200000,-0.686275,0.024013,0.000000,0.351974,1.000000,1.000000,0.000000,-0.000992,0.500000,0
0.000000,0.364261,1.000000,1.000000,0.000000,0.237103,0.500000,0.110119,0.784838,-1.000000,-0.549020,0.023052,0.000000,0.353896,1.000000,1.000000,0.000000,0.110119,0.500000,0
0.000000,0.353535,1.000000,1.000000,0.000000,0.237103,0.500000,0.237103,0.179454,0.600000,-0.313725,0.026861,0.004000,0.346278,1.000000,1.000000,0.002000,0.237103,0.500000,0
0.000000,0.359477,1.000000,1.000000,0.000000,0.014881,0.500000,0.491071,0.060429,-1.000000,-0.352941,0.015436,0.000000,0.369128,1.000000,1.000000,0.000000,0.491071,0.500000,0
0.000000,0.350649,1.000000,1.000000,0.000000,0.046627,0.500000,0.237103,0.360208,-1.000000,0.627451,0.014815,0.000000,0.370370,1.000000,1.000000,0.000000,0.237103,0.500000,0
0.000000,0.348534,1.000000,1.000000,0.000000,0.046627,0.500000,0.110119,0.905240,-1.000000,-0.921569,0.018482,0.000000,0.363036,1.000000,1.000000,0.000000,0.110119,0.500000,0
0.004000,0.360390,1.000000,1.000000,0.002000,0.999008,0.500000,0.014881,0.617321,-0.600000,-0.313725,0.016498,0.000000,0.367003,1.000000,1.000000,0.000000,0.014881,0.500000,0
0.004000,0.355987,1.000000,1.000000,0.002000,0.999008,0.500000,-0.000992,0.335976,1.000000,-0.235294,0.014189,0.000000,0.371622,1.000000,1.000000,0.000000,-0.000992,0.500000,0
0.000000,0.356209,1.000000,1.000000,0.000000,0.110119,0.500000,0.046627,0.642040,-0.600000,-0.235294,0.016498,0.000000,0.367003,1.000000,1.000000,0.000000,0.046627,0.500000,0
0.000000,0.352941,1.000000,1.000000,0.000000,0.110119,0.500000,0.110119,0.552954,-0.600000,-0.666667,0.017568,0.000000,0.364865,1.000000,1.000000,0.000000,0.110119,0.500000,0
0.000000,0.351974,1.000000,1.000000,0.000000,-0.000992,0.500000,0.110119,0.698997,0.600000,-0.137255,0.016498,0.000000,0.367003,1.000000,1.000000,0.000000,0.110119,0.500000,0
0.000000,0.353896,1.000000,1.000000,0.000000,0.110119,0.500000,0.999008,0.000000,0.200000,-0.588235,0.016225,0.000000,0.367550,1.000000,1.000000,0.000000,0.999008,0.500000,0
0.004000,0.346278,1.000000,1.000000,0.002000,0.237103,0.500000,0.110119,0.713489,0.600000,-0.686275,0.014626,0.000000,0.370748,1.000000,1.000000,0.000000,0.110119,0.500000,0
0.000000,0.369128,1.000000,1.000000,0.000000,0.491071,0.500000,0.999008,0.000000,0.200000,0.980392,0.011912,0.004000,0.376176,1.000000,1.000000,0.002000,0.999008,0.500000,0
0.000000,0.370370,1.000000,1.000000,0.000000,0.237103,0.500000,-0.000992,0.768087,0.600000,-0.098039,0.008682,0.000000,0.382637,1.000000,1.000000,0.000000,-0.000992,0.500000,0
0.000000,0.363036,1.000000,1.000000,0.000000,0.110119,0.500000,-0.000992,0.892963,-1.000000,-0.431373,0.008065,0.000000,0.383871,1.000000,1.000000,0.000000,-0.000992,0.500000,0
0.000000,0.367003,1.000000,1.000000,0.000000,0.014881,0.500000,0.014881,0.718026,1.000000,-0.980392,0.010127,0.000000,0.379747,1.000000,1.000000,0.000000,0.014881,0.500000,0
0.000000,0.371622,1.000000,1.000000,0.000000,-0.000992,0.500000,0.014881,0.662638,0.600000,-0.764706,0.004560,0.000000,0.390879,1.000000,1.000000,0.000000,0.014881,0.500000,0
0.000000,0.367003,1.000000,1.000000,0.000000,0.046627,0.500000,0.014881,0.290030,0.600000,-0.470588,0.008065,0.000000,0.383871,1.000000,1.000000,0.000000,0.014881,0.500000,0
0.000000,0.364865,1.000000,1.000000,0.000000,0.110119,0.500000,-0.000992,0.748266,0.600000,0.666667,0.002589,0.000000,0.394822,1.000000,1.000000,0.000000,-0.000992,0.500000,0
0.000000,0.367003,1.000000,1.000000,0.000000,0.110119,0.500000,0.237103,0.157347,0.200000,0.568627,0.006452,0.000000,0.387097,1.000000,1.000000,0.000000,0.237103,0.500000,0
0.000000,0.367550,1.000000,1.000000,0.000000,0.999008,0.500000,0.046627,0.785640,-0.600000,0.568627,0.005825,0.000000,0.388350,1.000000,1.000000,0.000000,0.046627,0.500000,0
0.000000,0.370748,1.000000,1.000000,0.000000,0.110119,0.500000,0.491071,0.684211,-1.000000,-0.647059,0.007692,0.004000,0.384615,1.000000,1.000000,0.002000,0.491071,0.500000,0
0.004000,0.376176,1.000000,1.000000,0.002000,0.999008,0.500000,0.237103,0.000000,0.600000,-0.686275,0.049123,0.000000,0.301754,1.000000,1.000000,0.000000,0.237103,0.500000,0
0.000000,0.382637,1.000000,1.000000,0.000000,-0.000992,0.500000,-0.000992,0.482656,1.000000,0.274510,0.048432,0.000000,0.303136,1.000000,1.000000,0.000000,-0.000992,0.500000,0
0.000000,0.383871,1.000000,1.000000,0.000000,-0.000992,0.500000,0.046627,0.925078,1.000000,0.039216,0.053952,0.000000,0.292096,1.000000,1.000000,0.000000,0.046627,0.500000,0
0.000000,0.379747,1.000000,1.000000,0.000000,0.014881,0.500000,0.014881,0.205438,0.600000,0.764706,0.053952,0.000000,0.292096,1.000000,1.000000,0.000000,0.014881,0.500000,0
0.000000,0.390879,1.000000,1.000000,0.000000,0.014881,0.500000,0.491071,0.000000,1.000000,-0.980392,0.051351,0.000000,0.297297,1.000000,1.000000,0.000000,0.491071,0.500000,0
0.000000,0.383871,1.000000,1.000000,0.000000,0.014881,0.500000,0.110119,0.594203,-0.600000,-0.235294,0.052941,0.000000,0.294118,1.000000,1.000000,0.000000,0.110119,0.500000,0
0.000000,0.394822,1.000000,1.000000,0.000000,-0.000992,0.500000,0.491071,0.000000,0.200000,-0.333333,0.054452,0.000000,0.291096,1.000000,1.000000,0.000000,0.491071,0.500000,0
0.000000,0.387097,1.000000,1.000000,0.000000,0.237103,0.500000,0.110119,0.717949,-0.200000,-0.137255,0.051399,0.000000,0.297203,1.000000,1.000000,0.000000,0.110119,0.500000,0
0.000000,0.388350,1.000000,1.000000,0.000000,0.046627,0.500000,0.999008,0.000000,-1.000000,-0.803922,0.053242,0.000000,0.293515,1.000000,1.000000,0.000000,0.999008,0.500000,0
0.004000,0.384615,1.000000,1.000000,0.002000,0.491071,0.500000,0.999008,0.000000,0.600000,-0.882353,0.045890,0.000000,0.308219,1.000000,1.000000,0.000000,0.999008,0.500000,0
0.000000,0.301754,1.000000,1.000000,0.000000,0.237103,0.500000,0.110119,0.442586,1.000000,0.294118,0.015359,0.000000,0.369281,1.000000,1.000000,0.000000,0.110119,0.500000,0
0.000000,0.303136,1.000000,1.000000,0.000000,-0.000992,0.500000,0.491071,0.000000,-1.000000,0.588235,0.015534,0.004000,0.368932,1.000000,1.000000,0.002000,0.491071,0.500000,0
0.000000,0.292096,1.000000,1.000000,0.000000,0.046627,0.500000,0.046627,0.167534,1.000000,0.627451,0.015359,0.000000,0.369281,1.000000,1.000000,0.000000,0.046627,0.500000,0
0.000000,0.292096,1.000000,1.000000,0.000000,0.014881,0.500000,0.110119,0.659978,0.600000,-0.980392,0.018910,0.000000,0.362179,1.000000,1.000000,0.000000,0.110119,0.500000,0
0.000000,0.297297,1.000000,1.000000,0.000000,0.491071,0.500000,0.014881,0.437059,-0.600000,0.450980,0.013725,0.000000,0.372549,1.000000,1.000000,0.000000,0.014881,0.500000,0
0.000000,0.294118,1.000000,1.000000,0.000000,0.110119,0.500000,0.237103,0.049415,1.000000,-0.980392,0.017308,0.000000,0.365385,1.000000,1.000000,0.000000,0.237103,0.500000,0
0.000000,0.291096,1.000000,1.000000,0.000000,0.491071,0.500000,0.999008,0.000000,-0.200000,0.274510,0.012298,0.004000,0.375405,1.000000,1.000000,0.002000,0.999008,0.500000,0
0.000000,0.297203,1.000000,1.000000,0.000000,0.110119,0.500000,0.237103,0.000000,-1.000000,-0.549020,0.017590,0.000000,0.364821,1.000000,1.000000,0.000000,0.237103,0.500000,0
0.000000,0.293515,1.000000,1.000000,0.000000,0.999008,0.500000,0.491071,0.000000,-0.600000,0.529412,0.016129,0.000000,0.367742,1.000000,1.000000,0.000000,0.491071,0.500000,0
0.000000,0.308219,1.000000,1.000000,0.000000,0.999008,0.500000,0.014881,0.063444,-1.000000,0.980392,0.017152,0.000000,0.365696,1.000000,1.000000,0.000000,0.014881,0.500000,0
0.000000,0.369281,1.000000,1.000000,0.000000,0.110119,0.500000,0.491071,0.214425,-0.600000,0.411765,0.038141,0.000000,0.323718,1.000000,1.000000,0.000000,0.491071,0.500000,0
0.004000,0.368932,1.000000,1.000000,0.002000,0.491071,0.500000,0.110119,0.809365,-0.600000,-0.549020,0.032248,0.000000,0.335505,1.000000,1.000000,0.000000,0.110119,0.500000,0
0.000000,0.369281,1.000000,1.000000,0.000000,0.046627,0.500000,0.014881,0.592145,0.200000,0.039216,0.034416,0.000000,0.331169,1.000000,1.000000,0.000000,0.014881,0.500000,0
0.000000,0.362179,1.000000,1.000000,0.000000,0.110119,0.500000,0.110119,0.554069,0.200000,0.901961,0.033333,0.000000,0.333333,1.000000,1.000000,0.000000,0.110119,0.500000,0
0.000000,0.372549,1.000000,1.000000,0.000000,0.014881,0.500000,0.491071,0.000000,-0.200000,0.607843,0.028431,0.000000,0.343137,1.000000,1.000000,0.000000,0.491071,0.500000,0
0.000000,0.365385,1.000000,1.000000,0.000000,0.237103,0.500000,0.014881,0.558912,0.600000,-0.235294,0.030592,0.000000,0.338816,1.000000,1.000000,0.000000,0.014881,0.500000,0
0.004000,0.375405,1.000000,1.000000,0.002000,0.999008,0.500000,0.237103,0.577373,-0.600000,-0.431373,0.031148,0.000000,0.337705,1.000000,1.000000,0.000000,0.237103,0.500000,0
0.000000,0.364821,1.000000,1.000000,0.000000,0.237103,0.500000,0.110119,0.959866,-0.600000,-0.549020,0.035505,0.000000,0.328990,1.000000,1.000000,0.000000,0.110119,0.500000,0
0.000000,0.367742,1.000000,1.000000,0.000000,0.491071,0.500000,0.237103,0.741222,-0.200000,0.294118,0.034416,0.000000,0.331169,1.000000,1.000000,0.000000,0.237103,0.500000,0
0.000000,0.365696,1.000000,1.000000,0.000000,0.014881,0.500000,0.014881,0.799597,1.000000,-0.568627,0.036066,0.000000,0.327869,1.000000,1.000000,0.000000,0.014881,0.500000,0
0.000000,0.323718,1.000000,1.000000,0.000000,0.491071,0.500000,0.110119,0.782609,-0.200000,-0.921569,0.040426,0.004000,0.319149,1.000000,1.000000,0.002000,0.110119,0.500000,0
0.000000,0.335505,1.000000,1.000000,0.000000,0.110119,0.500000,-0.000992,0.354807,1.000000,-0.333333,0.040557,0.000000,0.318885,1.000000,1.000000,0.000000,-0.000992,0.500000,0
0.000000,0.331169,1.000000,1.000000,0.000000,0.014881,0.500000,0.491071,0.177388,1.000000,-0.901961,0.045345,0.000000,0.309309,1.000000,1.000000,0.000000,0.491071,0.500000,0
0.000000,0.333333,1.000000,1.000000,0.000000,0.110119,0.500000,0.237103,0.758127,-0.200000,-0.705882,0.046037,0.000000,0.307927,1.000000,1.000000,0.000000,0.237103,0.500000,0
0.000000,0.343137,1.000000,1.000000,0.000000,0.491071,0.500000,0.014881,0.724068,-1.000000,0.490196,0.040557,0.000000,0.318885,1.000000,1.000000,0.000000,0.014881,0.500000,0
0.000000,0.338816,1.000000,1.000000,0.000000,0.014881,0.500000,0.046627,0.039542,1.000000,0.960784,0.039564,0.000000,0.320872,1.000000,1.000000,0.000000,0.046627,0.500000,0
0.000000,0.337705,1.000000,1.000000,0.000000,0.237103,0.500000,0.014881,0.610272,-0.600000,-0.666667,0.038006,0.000000,0.323988,1.000000,1.000000,0.000000,0.014881,0.500000,0
0.000000,0.328990,1.000000,1.000000,0.000000,0.110119,0.500000,-0.000992,0.127849,-0.600000,-0.843137,0.035913,0.000000,0.328173,1.000000,1.000000,0.000000,-0.000992,0.500000,0
0.000000,0.331169,1.000000,1.000000,0.000000,0.237103,0.500000,0.014881,0.123867,0.600000,0.509804,0.036449,0.000000,0.327103,1.000000,1.000000,0.000000,0.014881,0.500000,0
0.000000,0.327869,1.000000,1.000000,0.000000,0.014881,0.500000,0.237103,0.000000,1.000000,-0.392157,0.034877,0.000000,0.330247,1.000000,1.000000,0.000000,0.237103,0.500000,0
0.004000,0.319149,1.000000,1.000000,0.002000,0.110119,0.500000,0.014881,0.964753,-0.600000,0.450980,0.027303,0.000000,0.345395,1.000000,1.000000,0.000000,0.014881,0.500000,0
0.000000,0.318885,1.000000,1.000000,0.000000,-0.000992,0.500000,0.999008,0.000000,0.600000,-0.901961,0.032268,0.000000,0.335463,1.000000,1.000000,0.000000,0.999008,0.500000,0
0.000000,0.309309,1.000000,1.000000,0.000000,0.491071,0.500000,0.999008,0.000000,0.200000,0.333333,0.030097,0.000000,0.339806,1.000000,1.000000,0.000000,0.999008,0.500000,0
0.000000,0.307927,1.000000,1.000000,0.000000,0.237103,0.500000,0.237103,0.000000,-0.200000,0.078431,0.030592,0.000000,0.338816,1.000000,1.000000,0.000000,0.237103,0.500000,0
0.000000,0.318885,1.000000,1.000000,0.000000,0.014881,0.500000,0.014881,0.369587,-1.000000,-0.921569,0.024675,0.000000,0.350649,1.000000,1.000000,0.000000,0.014881,0.500000,0
0.000000,0.320872,1.000000,1.000000,0.000000,0.046627,0.500000,0.014881,0.457200,0.200000,0.647059,0.026667,0.000000,0.346667,1.000000,1.000000,0.000000,0.014881,0.500000,0
0.000000,0.323988,1.000000,1.000000,0.000000,0.014881,0.500000,0.110119,0.264214,-1.000000,-0.803922,0.022742,0.000000,0.354515,1.000000,1.000000,0.000000,0.110119,0.500000,0
0.000000,0.328173,1.000000,1.000000,0.000000,-0.000992,0.500000,-0.000992,0.143707,0.200000,-0.549020,0.025581,0.000000,0.348837,1.000000,1.000000,0.000000,-0.000992,0.500000,0
0.000000,0.327103,1.000000,1.000000,0.000000,0.014881,0.500000,0.491071,0.251462,-1.000000,0.666667,0.025083,0.000000,0.349835,1.000000,1.000000,0.000000,0.491071,0.500000,0
0.000000,0.330247,1.000000,1.000000,0.000000,0.237103,0.500000,0.110119,0.158305,-0.600000,-0.274510,0.027869,0.000000,0.344262,1.000000,1.000000,0.000000,0.110119,0.500000,0
0.000000,0.345395,1.000000,1.000000,0.000000,0.014881,0.500000,-0.000992,0.958375,-1.000000,0.098039,0.038558,0.000000,0.322884,1.000000,1.000000,0.000000,-0.000992,0.500000,0
0.000000,0.335463,1.000000,1.000000,0.000000,0.999008,0.500000,0.110119,0.000000,-0.600000,0.156863,0.038558,0.000000,0.322884,1.000000,1.000000,0.000000,0.110119,0.500000,0
0.000000,0.339806,1.000000,1.000000,0.000000,0.999008,0.500000,0.999008,0.000000,0.600000,-0.921569,0.035347,0.008000,0.329305,1.000000,1.000000,0.004000,0.999008,0.500000,0
0.000000,0.338816,1.000000,1.000000,0.000000,0.237103,0.500000,0.237103,0.897269,0.600000,-0.450980,0.040625,0.004000,0.318750,1.000000,1.000000,0.002000,0.237103,0.500000,0
0.000000,0.350649,1.000000,1.000000,0.000000,0.014881,0.500000,0.110119,0.904125,-0.200000,0.019608,0.039623,0.000000,0.320755,1.000000,1.000000,0.000000,0.110119,0.500000,0
0.000000,0.346667,1.000000,1.000000,0.000000,0.014881,0.500000,0.237103,0.166450,-1.000000,0.862745,0.033861,0.000000,0.332278,1.000000,1.000000,0.000000,0.237103,0.500000,0
0.000000,0.354515,1.000000,1.000000,0.000000,0.110119,0.500000,0.491071,0.992203,0.600000,-0.509804,0.033856,0.000000,0.332288,1.000000,1.000000,0.000000,0.491071,0.500000,0
0.000000,0.348837,1.000000,1.000000,0.000000,-0.000992,0.500000,-0.000992,0.561943,0.600000,0.490196,0.038509,0.000000,0.322981,1.000000,1.000000,0.000000,-0.000992,0.500000,0
0.000000,0.349835,1.000000,1.000000,0.000000,0.491071,0.500000,0.110119,0.785953,0.600000,0.666667,0.038509,0.000000,0.322981,1.000000,1.000000,0.000000,0.110119,0.500000,0
0.000000,0.344262,1.000000,1.000000,0.000000,0.110119,0.500000,0.046627,0.631634,-0.600000,-0.254902,0.037025,0.000000,0.325949,1.000000,1.000000,0.000000,0.046627,0.500000,0
0.000000,0.322884,1.000000,1.000000,0.000000,-0.000992,0.500000,-0.000992,0.539148,1.000000,-0.921569,0.043653,0.000000,0.312693,1.000000,1.000000,0.000000,-0.000992,0.500000,0
0.000000,0.322884,1.000000,1.000000,0.000000,0.110119,0.500000,0.999008,0.000000,-0.600000,-0.666667,0.035962,0.000000,0.328076,1.000000,1.000000,0.000000,0.999008,0.500000,0
0.008000,0.329305,1.000000,1.000000,0.004000,0.999008,0.500000,0.046627,0.843913,-0.600000,-0.392157,0.033866,0.000000,0.332268,1.000000,1.000000,0.000000,0.046627,0.500000,0
0.004000,0.318750,1.000000,1.000000,0.002000,0.237103,0.500000,-0.000992,0.631318,-1.000000,0.764706,0.041195,0.000000,0.317610,1.000000,1.000000,0.000000,-0.000992,0.500000,0
0.000000,0.320755,1.000000,1.000000,0.000000,0.110119,0.500000,0.110119,0.342252,1.000000,-0.607843,0.040190,0.000000,0.319620,1.000000,1.000000,0.000000,0.110119,0.500000,0
0.000000,0.332278,1.000000,1.000000,0.000000,0.237103,0.500000,0.110119,0.322185,-0.200000,-0.274510,0.040190,0.000000,0.319620,1.000000,1.000000,0.000000,0.110119,0.500000,0
0.000000,0.332288,1.000000,1.000000,0.000000,0.491071,0.500000,0.046627,0.713840,0.200000,0.941176,0.037580,0.000000,0.324841,1.000000,1.000000,0.000000,0.046627,0.500000,0
0.000000,0.322981,1.000000,1.000000,0.000000,-0.000992,0.500000,-0.000992,0.385530,-0.200000,0.019608,0.040190,0.000000,0.319620,1.000000,1.000000,0.000000,-0.000992,0.500000,0
0.000000,0.322981,1.000000,1.000000,0.000000,0.110119,0.500000,0.491071,0.000000,1.000000,0.960784,0.037025,0.000000,0.325949,1.000000,1.000000,0.000000,0.491071,0.500000,0
0.000000,0.325949,1.000000,1.000000,0.000000,0.046627,0.500000,0.014881,0.536757,0.200000,0.725490,0.037061,0.000000,0.325879,1.000000,1.000000,0.000000,0.014881,0.500000,0
0.000000,0.312693,1.000000,1.000000,0.000000,-0.000992,0.500000,0.999008,0.000000,-1.000000,-0.058824,0.054232,0.000000,0.291536,1.000000,1.000000,0.000000,0.999008,0.500000,0
0.000000,0.328076,1.000000,1.000000,0.000000,0.999008,0.500000,0.491071,0.676413,0.600000,-0.980392,0.056250,0.004000,0.287500,1.000000,1.000000,0.002000,0.491071,0.500000,0
0.000000,0.332268,1.000000,1.000000,0.000000,0.046627,0.500000,0.046627,0.198751,0.200000,-0.254902,0.052751,0.000000,0.294498,1.000000,1.000000,0.000000,0.046627,0.500000,0
0.000000,0.317610,1.000000,1.000000,0.000000,-0.000992,0.500000,0.110119,0.879599,-0.200000,0.921569,0.053420,0.000000,0.293160,1.000000,1.000000,0.000000,0.110119,0.500000,0
0.000000,0.319620,1.000000,1.000000,0.000000,0.110119,0.500000,0.110119,0.965440,0.600000,0.725490,0.046774,0.004000,0.306452,1.000000,1.000000,0.002000,0.110119,0.500000,0
0.000000,0.319620,1.000000,1.000000,0.000000,0.110119,0.500000,0.014881,0.907351,-0.200000,0.117647,0.054839,0.000000,0.290323,1.000000,1.000000,0.000000,0.014881,0.500000,0
0.000000,0.324841,1.000000,1.000000,0.000000,0.046627,0.500000,0.999008,0.000000,-0.600000,-0.686275,0.053503,0.004000,0.292994,1.000000,1.000000,0.002000,0.999008,0.500000,0
0.000000,0.319620,1.000000,1.000000,0.000000,-0.000992,0.500000,0.491071,0.109162,-0.600000,-0.137255,0.052564,0.004000,0.294872,1.000000,1.000000,0.002000,0.491071,0.500000,0
0.000000,0.325949,1.000000,1.000000,0.000000,0.491071,0.500000,0.046627,0.220604,1.000000,0.941176,0.050649,0.000000,0.298701,1.000000,1.000000,0.000000,0.046627,0.500000,0
0.000000,0.325879,1.000000,1.000000,0.000000,0.014881,0.500000,0.237103,0.301691,0.200000,0.803922,0.054890,0.004000,0.290221,1.000000,1.000000,0.002000,0.237103,0.500000,0
0.000000,0.291536,1.000000,1.000000,0.000000,0.999008,0.500000,0.014881,0.005035,-0.200000,0.588235,0.049702,0.000000,0.300595,1.000000,1.000000,0.000000,0.014881,0.500000,0
0.004000,0.287500,1.000000,1.000000,0.002000,0.491071,0.500000,0.014881,0.608258,-0.200000,-0.568627,0.049254,0.000000,0.301493,1.000000,1.000000,0.000000,0.014881,0.500000,0
0.000000,0.294498,1.000000,1.000000,0.000000,0.046627,0.500000,0.110119,0.639911,-0.200000,-0.215686,0.051190,0.000000,0.297619,1.000000,1.000000,0.000000,0.110119,0.500000,0
0.000000,0.293160,1.000000,1.000000,0.000000,0.110119,0.500000,0.237103,0.369311,0.600000,-0.019608,0.049254,0.000000,0.301493,1.000000,1.000000,0.000000,0.237103,0.500000,0
0.004000,0.306452,1.000000,1.000000,0.002000,0.110119,0.500000,0.491071,0.000000,1.000000,-0.470588,0.049702,0.000000,0.300595,1.000000,1.000000,0.000000,0.491071,0.500000,0
0.000000,0.290323,1.000000,1.000000,0.000000,0.014881,0.500000,0.999008,0.000000,0.200000,-0.313725,0.044675,0.000000,0.310651,1.000000,1.000000,0.000000,0.999008,0.500000,0
0.004000,0.292994,1.000000,1.000000,0.002000,0.999008,0.500000,0.237103,0.596879,0.600000,0.392157,0.050746,0.000000,0.298507,1.000000,1.000000,0.000000,0.237103,0.500000,0
0.004000,0.294872,1.000000,1.000000,0.002000,0.491071,0.500000,0.014881,0.419940,-1.000000,0.901961,0.051351,0.000000,0.297297,1.000000,1.000000,0.000000,0.014881,0.500000,0
0.000000,0.298701,1.000000,1.000000,0.000000,0.046627,0.500000,0.046627,0.232050,1.000000,0.705882,0.052679,0.000000,0.294643,1.000000,1.000000,0.000000,0.046627,0.500000,0
0.004000,0.290221,1.000000,1.000000,0.002000,0.237103,0.500000,0.046627,0.213319,1.000000,0.803922,0.052679,0.000000,0.294643,1.000000,1.000000,0.000000,0.046627,0.500000,0
0.000000,0.300595,1.000000,1.000000,0.000000,0.014881,0.500000,0.491071,0.713450,0.600000,-0.215686,0.052500,0.004000,0.293750,0.996875,1.000000,0.002000,0.491071,0.500000,0
0.000000,0.301493,1.000000,1.000000,0.000000,0.014881,0.500000,0.491071,0.820663,-1.000000,0.941176,0.050000,0.000000,0.298742,0.996855,1.000000,0.000000,0.491071,0.500000,0
0.000000,0.297619,1.000000,1.000000,0.000000,0.110119,0.500000,0.014881,0.930514,1.000000,-0.450980,0.050633,0.000000,0.297468,0.996835,1.000000,0.000000,0.014881,0.500000,0
0.000000,0.301493,1.000000,1.000000,0.000000,0.237103,0.500000,0.014881,0.839879,0.200000,-0.078431,0.042722,0.000000,0.313291,0.996835,1.000000,0.000000,0.014881,0.500000,0
0.000000,0.300595,1.000000,1.000000,0.000000,0.491071,0.500000,-0.000992,0.682854,1.000000,-0.137255,0.051402,0.000000,0.295950,0.996885,1.000000,0.000000,-0.000992,0.500000,0
0.000000,0.310651,1.000000,1.000000,0.000000,0.999008,0.500000,0.046627,0.071800,-0.600000,0.215686,0.045886,0.000000,0.306962,0.996835,1.000000,0.000000,0.046627,0.500000,0
0.000000,0.298507,1.000000,1.000000,0.000000,0.237103,0.500000,0.014881,0.561934,-0.200000,0.098039,0.050633,0.000000,0.297468,0.996835,1.000000,0.000000,0.014881,0.500000,0
0.000000,0.297297,1.000000,1.000000,0.000000,0.014881,0.500000,0.999008,0.000000,0.600000,-0.803922,0.048148,0.000000,0.302469,0.996914,1.000000,0.000000,0.999008,0.500000,0
0.000000,0.294643,1.000000,1.000000,0.000000,0.046627,0.500000,0.237103,0.000000,0.200000,-0.921569,0.053416,0.004000,0.291925,0.996894,1.000000,0.002000,0.237103,0.500000,0
0.000000,0.294643,1.000000,1.000000,0.000000,0.046627,0.500000,0.237103,0.343303,1.000000,-0.784314,0.053583,0.000000,0.292835,1.000000,1.000000,0.000000,0.237103,0.500000,0
0.004000,0.293750,0.996875,1.000000,0.002000,0.491071,0.500000,0.110119,0.751394,-1.000000,0.431373,0.059281,0.000000,0.281437,1.000000,1.000000,0.000000,0.110119,0.500000,0
0.000000,0.298742,0.996855,1.000000,0.000000,0.491071,0.500000,-0.000992,0.937562,-0.200000,-0.823529,0.059050,0.000000,0.281899,1.000000,1.000000,0.000000,-0.000992,0.500000,0
0.000000,0.297468,0.996835,1.000000,0.000000,0.014881,0.500000,-0.000992,0.883053,-1.000000,-0.509804,0.063095,0.000000,0.273810,1.000000,1.000000,0.000000,-0.000992,0.500000,0
0.000000,0.313291,0.996835,1.000000,0.000000,0.014881,0.500000,0.110119,0.382386,-0.600000,0.019608,0.063095,0.000000,0.273810,1.000000,1.000000,0.000000,0.110119,0.500000,0
0.000000,0.295950,0.996885,1.000000,0.000000,-0.000992,0.500000,-0.000992,0.408325,0.600000,-0.294118,0.056083,0.000000,0.287834,1.000000,1.000000,0.000000,-0.000992,0.500000,0
0.000000,0.306962,0.996835,1.000000,0.000000,0.046627,0.500000,0.110119,0.414716,1.000000,-0.745098,0.062687,0.000000,0.274627,1.000000,1.000000,0.000000,0.110119,0.500000,0
0.000000,0.297468,0.996835,1.000000,0.000000,0.014881,0.500000,0.237103,0.723017,-0.600000,0.529412,0.061607,0.000000,0.276786,1.000000,1.000000,0.000000,0.237103,0.500000,0
0.000000,0.302469,0.996914,1.000000,0.000000,0.999008,0.500000,0.110119,0.295429,-1.000000,0.549020,0.062018,0.000000,0.275964,1.000000,1.000000,0.000000,0.110119,0.500000,0
0.004000,0.291925,0.996894,1.000000,0.002000,0.237103,0.500000,0.110119,0.000000,-0.600000,0.529412,0.060360,0.000000,0.279279,1.000000,1.000000,0.000000,0.110119,0.500000,0
0.000000,0.292835,1.000000,1.000000,0.000000,0.237103,0.500000,0.999008,0.000000,-0.200000,0.431373,0.063636,0.000000,0.272727,1.000000,1.000000,0.000000,0.999008,0.500000,0
0.000000,0.000000,0.000000,0.000000,0.000000,0.000000,0.000000,0.110119,0.743590,0.600000,-0.980392,0.045566,0.000000,0.308869,1.000000,1.000000,0.000000,0.110119,0.500000,0
0.000000,0.000000,0.000000,0.000000,0.000000,0.000000,0.000000,0.999008,0.000000,0.200000,-0.490196,0.039009,0.004000,0.321981,1.000000,1.000000,0.002000,0.999008,0.500000,0
0.000000,0.000000,0.000000,0.000000,0.000000,0.000000,0.000000,0.237103,0.394018,-0.200000,0.588235,0.042188,0.000000,0.315625,1.000000,1.000000,0.000000,0.237103,0.500000,0
0.000000,0.000000,0.000000,0.000000,0.000000,0.000000,0.000000,-0.000992,0.553023,-0.600000,-0.882353,0.044615,0.000000,0.310769,1.000000,1.000000,0.000000,-0.000992,0.500000,0
0.000000,0.000000,0.000000,0.000000,0.000000,0.000000,0.000000,0.491071,0.000000,1.000000,0.705882,0.036449,0.000000,0.327103,1.000000,1.000000,0.000000,0.491071,0.500000,0
0.000000,0.000000,0.000000,0.000000,0.000000,0.000000,0.000000,0.491071,0.148148,-0.600000,-0.941176,0.044037,0.004000,0.311927,1.000000,1.000000,0.002000,0.491071,0.500000,0
0.000000,0.000000,0.000000,0.000000,0.000000,0.000000,0.000000,0.014881,0.935549,-0.600000,0.705882,0.040694,0.000000,0.318612,1.000000,1.000000,0.000000,0.014881,0.500000,0
0.000000,0.000000,0.000000,0.000000,0.000000,0.000000,0.000000,0.110119,0.000000,-0.600000,-0.901961,0.044615,0.000000,0.310769,1.000000,1.000000,0.000000,0.110119,0.500000,0
0.000000,0.000000,0.000000,0.000000,0.000000,0.000000,0.000000,0.999008,0.000000,-1.000000,-0.058824,0.038509,0.004000,0.322981,1.000000,1.000000,0.002000,0.999008,0.500000,0
0.000000,0.000000,0.000000,0.000000,0.000000,0.000000,0.000000,0.110119,0.549610,1.000000,0.215686,0.041195,0.000000,0.317610,1.000000,1.000000,0.000000,0.110119,0.500000,0
0.000000,0.308869,1.000000,1.000000,0.000000,0.110119,0.500000,0.046627,0.486993,-0.600000,-0.235294,0.017406,0.000000,0.365188,1.000000,1.000000,0.000000,-0.000992,0.500000,0
0.004000,0.321981,1.000000,1.000000,0.002000,0.999008,0.500000,0.491071,0.000000,0.200000,0.333333,0.014879,0.000000,0.370242,1.000000,1.000000,0.000000,-0.000992,0.500000,0
0.000000,0.315625,1.000000,1.000000,0.000000,0.237103,0.500000,0.237103,0.000000,-1.000000,0.235294,0.017869,0.000000,0.364261,1.000000,1.000000,0.000000,-0.000992,0.500000,0
0.000000,0.310769,1.000000,1.000000,0.000000,-0.000992,0.500000,-0.000992,0.064420,0.200000,-0.117647,0.018966,0.000000,0.362069,1.000000,1.000000,0.000000,-0.000992,0.500000,0
0.000000,0.327103,1.000000,1.000000,0.000000,0.491071,0.500000,0.491071,0.000000,-0.200000,-0.862745,0.009689,0.000000,0.380623,1.000000,1.000000,0.000000,-0.000992,0.500000,0
0.004000,0.311927,1.000000,1.000000,0.002000,0.491071,0.500000,0.110119,0.612040,-0.600000,-0.411765,0.018966,0.000000,0.362069,1.000000,1.000000,0.000000,-0.000992,0.500000,0
0.000000,0.318612,1.000000,1.000000,0.000000,0.014881,0.500000,0.237103,0.000000,-0.600000,0.568627,0.017241,0.000000,0.365517,1.000000,1.000000,0.000000,-0.000992,0.500000,0
0.000000,0.310769,1.000000,1.000000,0.000000,0.110119,0.500000,0.046627,0.439126,0.200000,-0.568627,0.016609,0.000000,0.366782,1.000000,1.000000,0.000000,-0.000992,0.500000,0
0.004000,0.322981,1.000000,1.000000,0.002000,0.999008,0.500000,-0.000992,0.403370,-1.000000,0.764706,0.014879,0.000000,0.370242,1.000000,1.000000,0.000000,-0.000992,0.500000,0
0.000000,0.317610,1.000000,1.000000,0.000000,0.110119,0.500000,-0.000992,0.254708,0.200000,0.725490,0.017869,0.000000,0.364261,1.000000,1.000000,0.000000,-0.000992,0.500000,0
0.000000,0.365188,1.000000,1.000000,0.000000,-0.000992,0.500000,0.014881,0.004028,-1.000000,0.843137,0.023333,0.000000,0.353333,1.000000,1.000000,0.000000,-0.000992,0.500000,0
0.000000,0.370242,1.000000,1.000000,0.000000,-0.000992,0.500000,0.999008,0.000000,0.600000,-0.372549,0.026087,0.000000,0.347826,1.000000,1.000000,0.000000,-0.000992,0.500000,0
0.000000,0.364261,1.000000,1.000000,0.000000,-0.000992,0.500000,0.237103,0.888166,-0.600000,0.627451,0.028904,0.000000,0.342193,1.000000,1.000000,0.000000,-0.000992,0.500000,0
0.000000,0.362069,1.000000,1.000000,0.000000,-0.000992,0.500000,0.110119,0.637681,-0.200000,0.666667,0.023729,0.000000,0.352542,1.000000,1.000000,0.000000,-0.000992,0.500000,0
0.000000,0.380623,1.000000,1.000000,0.000000,-0.000992,0.500000,0.014881,0.165156,1.000000,-0.568627,0.019113,0.000000,0.361775,1.000000,1.000000,0.000000,-0.000992,0.500000,0
0.000000,0.362069,1.000000,1.000000,0.000000,-0.000992,0.500000,0.014881,0.364552,-1.000000,0.078431,0.020819,0.000000,0.358362,1.000000,1.000000,0.000000,-0.000992,0.500000,0
0.000000,0.365517,1.000000,1.000000,0.000000,-0.000992,0.500000,0.014881,0.303122,-1.000000,-0.725490,0.022526,0.000000,0.354949,1.000000,1.000000,0.000000,-0.000992,0.500000,0
0.000000,0.366782,1.000000,1.000000,0.000000,-0.000992,0.500000,0.237103,0.694408,-1.000000,-0.019608,0.021429,0.000000,0.357143,1.000000,1.000000,0.000000,-0.000992,0.500000,0
0.000000,0.370242,1.000000,1.000000,0.000000,-0.000992,0.500000,-0.000992,0.019822,-1.000000,0.215686,0.024830,0.000000,0.350340,1.000000,1.000000,0.000000,-0.000992,0.500000,0
0.000000,0.364261,1.000000,1.000000,0.000000,-0.000992,0.500000,0.237103,0.000000,-1.000000,0.843137,0.028904,0.000000,0.342193,1.000000,1.000000,0.000000,-0.000992,0.500000,0
0.000000,0.353333,1.000000,1.000000,0.000000,-0.000992,0.500000,0.014881,0.299094,0.200000,-0.450980,0.026087,0.000000,0.347826,1.000000,1.000000,0.000000,-0.000992,0.500000,0
0.000000,0.347826,1.000000,1.000000,0.000000,-0.000992,0.500000,0.046627,0.679501,-0.200000,0.705882,0.022222,0.000000,0.355556,1.000000,1.000000,0.000000,-0.000992,0.500000,0
0.000000,0.342193,1.000000,1.000000,0.000000,-0.000992,0.500000,0.110119,0.901895,1.000000,0.313725,0.019703,0.000000,0.360595,1.000000,1.000000,0.000000,-0.000992,0.500000,0
0.000000,0.352542,1.000000,1.000000,0.000000,-0.000992,0.500000,0.237103,0.664499,0.600000,-1.000000,0.016176,0.000000,0.367647,1.000000,1.000000,0.000000,-0.000992,0.500000,0
0.000000,0.361775,1.000000,1.000000,0.000000,-0.000992,0.500000,0.110119,0.626533,0.200000,-0.490196,0.017164,0.000000,0.365672,1.000000,1.000000,0.000000,-0.000992,0.500000,0
0.000000,0.358362,1.000000,1.000000,0.000000,-0.000992,0.500000,0.999008,0.000000,-0.600000,0.274510,0.022222,0.000000,0.355556,1.000000,1.000000,0.000000,-0.000992,0.500000,0
0.000000,0.354949,1.000000,1.000000,0.000000,-0.000992,0.500000,0.999008,0.000000,0.200000,0.686275,0.020370,0.000000,0.359259,1.000000,1.000000,0.000000,-0.000992,0.500000,0
0.000000,0.357143,1.000000,1.000000,0.000000,-0.000992,0.500000,0.491071,0.005848,0.200000,-0.333333,0.018681,0.000000,0.362637,1.000000,1.000000,0.000000,-0.000992,0.500000,0
0.000000,0.350340,1.000000,1.000000,0.000000,-0.000992,0.500000,0.999008,0.000000,0.200000,0.235294,0.022878,0.000000,0.354244,1.000000,1.000000,0.000000,-0.000992,0.500000,0
0.000000,0.342193,1.000000,1.000000,0.000000,-0.000992,0.500000,-0.000992,0.615461,-0.600000,0.490196,0.024818,0.000000,0.350365,1.000000,1.000000,0.000000,-0.000992,0.500000,0
0.000000,0.347826,1.000000,1.000000,0.000000,-0.000992,0.500000,0.999008,0.000000,-1.000000,0.882353,0.019489,0.000000,0.361022,1.000000,1.000000,0.000000,-0.000992,0.500000,0
0.000000,0.355556,1.000000,1.000000,0.000000,-0.000992,0.500000,0.237103,0.137841,-0.200000,0.176471,0.018910,0.000000,0.362179,1.000000,1.000000,0.000000,-0.000992,0.500000,0
0.000000,0.360595,1.000000,1.000000,0.000000,-0.000992,0.500000,0.110119,0.814939,1.000000,0.196078,0.011290,0.000000,0.377419,1.000000,1.000000,0.000000,-0.000992,0.500000,0
0.000000,0.367647,1.000000,1.000000,0.000000,-0.000992,0.500000,0.491071,0.000000,0.600000,0.411765,0.019489,0.000000,0.361022,1.000000,1.000000,0.000000,-0.000992,0.500000,0
0.000000,0.365672,1.000000,1.000000,0.000000,-0.000992,0.500000,0.046627,0.066597,-1.000000,0.176471,0.016558,0.000000,0.366883,1.000000,1.000000,0.000000,-0.000992,0.500000,0
0.000000,0.355556,1.000000,1.000000,0.000000,-0.000992,0.500000,0.491071,0.504873,-0.600000,-0.352941,0.016879,0.000000,0.366242,1.000000,1.000000,0.000000,-0.000992,0.500000,0
0.000000,0.359259,1.000000,1.000000,0.000000,-0.000992,0.500000,0.046627,0.058273,0.200000,-0.764706,0.016558,0.000000,0.366883,1.000000,1.000000,0.000000,-0.000992,0.500000,0
0.000000,0.362637,1.000000,1.000000,0.000000,-0.000992,0.500000,0.237103,0.007802,-1.000000,0.372549,0.020513,0.000000,0.358974,1.000000,1.000000,0.000000,-0.000992,0.500000,0
0.000000,0.354244,1.000000,1.000000,0.000000,-0.000992,0.500000,0.014881,0.805639,0.600000,0.372549,0.018770,0.000000,0.362460,1.000000,1.000000,0.000000,-0.000992,0.500000,0
0.000000,0.350365,1.000000,1.000000,0.000000,-0.000992,0.500000,0.110119,0.904125,-0.200000,0.431373,0.020968,0.000000,0.358065,1.000000,1.000000,0.000000,-0.000992,0.500000,0
0.000000,0.361022,1.000000,1.000000,0.000000,-0.000992,0.500000,0.110119,0.921962,0.200000,0.098039,0.001818,0.000000,0.396364,1.000000,1.000000,0.000000,-0.000992,0.500000,0
0.000000,0.362179,1.000000,1.000000,0.000000,-0.000992,0.500000,0.110119,0.386845,1.000000,-0.039216,0.006050,0.000000,0.387900,1.000000,1.000000,0.000000,-0.000992,0.500000,0
0.000000,0.377419,1.000000,1.000000,0.000000,-0.000992,0.500000,0.046627,0.894901,-1.000000,0.941176,0.000366,0.000000,0.399267,1.000000,1.000000,0.000000,-0.000992,0.500000,0
0.000000,0.361022,1.000000,1.000000,0.000000,-0.000992,0.500000,0.237103,0.707412,-0.600000,-0.529412,0.003636,0.000000,0.392727,1.000000,1.000000,0.000000,-0.000992,0.500000,0
0.000000,0.366883,1.000000,1.000000,0.000000,-0.000992,0.500000,0.237103,0.456437,1.000000,-0.823529,0.001818,0.000000,0.396364,1.000000,1.000000,0.000000,-0.000992,0.500000,0
0.000000,0.366242,1.000000,1.000000,0.000000,-0.000992,0.500000,0.491071,0.000000,0.600000,-0.549020,-0.005776,0.000000,0.411552,1.000000,1.000000,0.000000,-0.000992,0.500000,0
0.000000,0.366883,1.000000,1.000000,0.000000,-0.000992,0.500000,0.999008,0.000000,0.200000,0.745098,-0.000730,0.000000,0.401460,1.000000,1.000000,0.000000,-0.000992,0.500000,0
0.000000,0.358974,1.000000,1.000000,0.000000,-0.000992,0.500000,-0.000992,0.810704,0.200000,0.627451,0.001095,0.000000,0.397810,1.000000,1.000000,0.000000,-0.000992,0.500000,0
0.000000,0.362460,1.000000,1.000000,0.000000,-0.000992,0.500000,0.014881,0.412890,-0.200000,-0.235294,0.002867,0.000000,0.394265,1.000000,1.000000,0.000000,-0.000992,0.500000,0
0.000000,0.358065,1.000000,1.000000,0.000000,-0.000992,0.500000,0.110119,0.483835,0.200000,-0.490196,-0.002206,0.000000,0.404412,1.000000,1.000000,0.000000,-0.000992,0.500000,0
0.000000,0.396364,1.000000,1.000000,0.000000,-0.000992,0.500000,0.491071,0.986355,0.200000,0.901961,0.053821,0.000000,0.292359,1.000000,1.000000,0.000000,-0.000992,0.500000,0
0.000000,0.387900,1.000000,1.000000,0.000000,-0.000992,0.500000,-0.000992,0.459861,0.600000,0.058824,0.053333,0.000000,0.293333,1.000000,1.000000,0.000000,-0.000992,0.500000,0
0.000000,0.399267,1.000000,1.000000,0.000000,-0.000992,0.500000,-0.000992,0.945491,-0.600000,-0.901961,0.053821,0.000000,0.292359,1.000000,1.000000,0.000000,-0.000992,0.500000,0
0.000000,0.392727,1.000000,1.000000,0.000000,-0.000992,0.500000,0.491071,0.645224,-0.200000,0.372549,0.055987,0.000000,0.288026,1.000000,1.000000,0.000000,-0.000992,0.500000,0
0.000000,0.396364,1.000000,1.000000,0.000000,-0.000992,0.500000,0.237103,0.872562,-0.600000,-0.784314,0.050329,0.000000,0.299342,1.000000,1.000000,0.000000,-0.000992,0.500000,0
0.000000,0.411552,1.000000,1.000000,0.000000,-0.000992,0.500000,0.110119,0.488294,-1.000000,-0.509804,0.056436,0.000000,0.287129,1.000000,1.000000,0.000000,-0.000992,0.500000,0
0.000000,0.401460,1.000000,1.000000,0.000000,-0.000992,0.500000,0.237103,0.840052,0.200000,-0.117647,0.053896,0.000000,0.292208,1.000000,1.000000,0.000000,-0.000992,0.500000,0
0.000000,0.397810,1.000000,1.000000,0.000000,-0.000992,0.500000,0.237103,0.276983,-0.600000,-0.117647,0.055000,0.000000,0.290000,1.000000,1.000000,0.000000,-0.000992,0.500000,0
0.000000,0.394265,1.000000,1.000000,0.000000,-0.000992,0.500000,0.491071,0.658869,0.600000,0.000000,0.053135,0.000000,0.293729,1.000000,1.000000,0.000000,-0.000992,0.500000,0
0.000000,0.404412,1.000000,1.000000,0.000000,-0.000992,0.500000,0.237103,0.000000,-0.200000,-0.666667,0.052159,0.000000,0.295681,1.000000,1.000000,0.000000,-0.000992,0.500000,0
0.000000,0.292359,1.000000,1.000000,0.000000,-0.000992,0.500000,0.014881,0.168177,0.200000,0.098039,0.009365,0.000000,0.381271,1.000000,1.000000,0.000000,-0.000992,0.500000,0
0.000000,0.293333,1.000000,1.000000,0.000000,-0.000992,0.500000,0.237103,0.000000,1.000000,-0.960784,0.008333,0.000000,0.383333,1.000000,1.000000,0.000000,-0.000992,0.500000,0
0.000000,0.292359,1.000000,1.000000,0.000000,-0.000992,0.500000,-0.000992,0.557978,-0.200000,-0.588235,0.006667,0.000000,0.386667,1.000000,1.000000,0.000000,-0.000992,0.500000,0
0.000000,0.288026,1.000000,1.000000,0.000000,-0.000992,0.500000,0.046627,0.238293,0.600000,-0.333333,0.014570,0.000000,0.370861,1.000000,1.000000,0.000000,-0.000992,0.500000,0
0.000000,0.299342,1.000000,1.000000,0.000000,-0.000992,0.500000,0.014881,0.994965,-0.600000,-0.568627,0.010000,0.000000,0.380000,1.000000,1.000000,0.000000,-0.000992,0.500000,0
0.000000,0.287129,1.000000,1.000000,0.000000,-0.000992,0.500000,0.014881,0.125881,0.600000,-0.803922,0.006397,0.000000,0.387205,1.000000,1.000000,0.000000,-0.000992,0.500000,0
0.000000,0.292208,1.000000,1.000000,0.000000,-0.000992,0.500000,0.046627,0.155047,0.600000,-0.039216,0.011037,0.000000,0.377926,1.000000,1.000000,0.000000,-0.000992,0.500000,0
0.000000,0.290000,1.000000,1.000000,0.000000,-0.000992,0.500000,0.046627,0.929240,0.200000,0.000000,0.009365,0.000000,0.381271,1.000000,1.000000,0.000000,-0.000992,0.500000,0
0.000000,0.293729,1.000000,1.000000,0.000000,-0.000992,0.500000,0.110119,0.921962,-1.000000,0.725490,0.007047,0.000000,0.385906,1.000000,1.000000,0.000000,-0.000992,0.500000,0
0.000000,0.295681,1.000000,1.000000,0.000000,-0.000992,0.500000,0.237103,0.569571,1.000000,0.941176,0.007047,0.000000,0.385906,1.000000,1.000000,0.000000,-0.000992,0.500000,0
0.000000,0.381271,1.000000,1.000000,0.000000,-0.000992,0.500000,0.999008,0.000000,0.200000,0.333333,0.038509,0.000000,0.322981,1.000000,1.000000,0.000000,-0.000992,0.500000,0
0.000000,0.383333,1.000000,1.000000,0.000000,-0.000992,0.500000,-0.000992,0.361744,0.600000,0.941176,0.033333,0.000000,0.333333,1.000000,1.000000,0.000000,-0.000992,0.500000,0
0.000000,0.386667,1.000000,1.000000,0.000000,-0.000992,0.500000,0.046627,0.733611,1.000000,0.549020,0.036991,0.000000,0.326019,1.000000,1.000000,0.000000,-0.000992,0.500000,0
0.000000,0.370861,1.000000,1.000000,0.000000,-0.000992,0.500000,0.999008,0.000000,0.200000,-0.607843,0.032288,0.000000,0.335423,1.000000,1.000000,0.000000,-0.000992,0.500000,0
0.000000,0.380000,1.000000,1.000000,0.000000,-0.000992,0.500000,0.999008,0.000000,-0.200000,0.411765,0.034375,0.000000,0.331250,1.000000,1.000000,0.000000,-0.000992,0.500000,0
0.000000,0.387205,1.000000,1.000000,0.000000,-0.000992,0.500000,0.237103,0.693108,1.000000,0.607843,0.034906,0.000000,0.330189,1.000000,1.000000,0.000000,-0.000992,0.500000,0
0.000000,0.377926,1.000000,1.000000,0.000000,-0.000992,0.500000,0.046627,0.576483,0.600000,0.921569,0.039623,0.000000,0.320755,1.000000,1.000000,0.000000,-0.000992,0.500000,0
0.000000,0.381271,1.000000,1.000000,0.000000,-0.000992,0.500000,0.110119,0.033445,-1.000000,-0.392157,0.039117,0.000000,0.321767,1.000000,1.000000,0.000000,-0.000992,0.500000,0
0.000000,0.385906,1.000000,1.000000,0.000000,-0.000992,0.500000,0.237103,0.000000,-0.200000,-0.921569,0.040062,0.000000,0.319876,1.000000,1.000000,0.000000,-0.000992,0.500000,0
0.000000,0.385906,1.000000,1.000000,0.000000,-0.000992,0.500000,0.237103,0.847854,-0.200000,0.784314,0.040491,0.000000,0.319018,1.000000,1.000000,0.000000,-0.000992,0.500000,0
0.000000,0.322981,1.000000,1.000000,0.000000,-0.000992,0.500000,0.110119,0.000000,0.600000,0.352941,0.065052,0.000000,0.269896,1.000000,1.000000,0.000000,-0.000992,0.500000,0
0.000000,0.333333,1.000000,1.000000,0.000000,-0.000992,0.500000,0.999008,0.000000,-0.200000,0.117647,0.056897,0.000000,0.286207,1.000000,1.000000,0.000000,-0.000992,0.500000,0
0.000000,0.326019,1.000000,1.000000,0.000000,-0.000992,0.500000,0.014881,0.078550,-1.000000,0.333333,0.064583,0.000000,0.270833,1.000000,1.000000,0.000000,-0.000992,0.500000,0
0.000000,0.335423,1.000000,1.000000,0.000000,-0.000992,0.500000,0.999008,0.000000,-1.000000,0.803922,0.063481,0.000000,0.273038,1.000000,1.000000,0.000000,-0.000992,0.500000,0
0.000000,0.331250,1.000000,1.000000,0.000000,-0.000992,0.500000,0.110119,0.140468,-1.000000,0.019608,0.063014,0.000000,0.273973,1.000000,1.000000,0.000000,-0.000992,0.500000,0
0.000000,0.330189,1.000000,1.000000,0.000000,-0.000992,0.500000,0.237103,0.000000,-1.000000,0.529412,0.058392,0.000000,0.283217,1.000000,1.000000,0.000000,-0.000992,0.500000,0
0.000000,0.320755,1.000000,1.000000,0.000000,-0.000992,0.500000,0.999008,0.000000,0.200000,-0.019608,0.061111,0.000000,0.277778,1.000000,1.000000,0.000000,-0.000992,0.500000,0
0.000000,0.321767,1.000000,1.000000,0.000000,-0.000992,0.500000,-0.000992,0.610505,-0.200000,-0.960784,0.059589,0.000000,0.280822,1.000000,1.000000,0.000000,-0.000992,0.500000,0
0.000000,0.319876,1.000000,1.000000,0.000000,-0.000992,0.500000,0.999008,0.000000,0.600000,0.960784,0.062069,0.000000,0.275862,1.000000,1.000000,0.000000,-0.000992,0.500000,0
0.000000,0.319018,1.000000,1.000000,0.000000,-0.000992,0.500000,0.237103,0.710013,0.600000,-0.803922,0.064111,0.000000,0.271777,1.000000,1.000000,0.000000,-0.000992,0.500000,0
0.000000,0.269896,1.000000,1.000000,0.000000,-0.000992,0.500000,0.046627,0.136316,-0.600000,-0.627451,0.027692,0.000000,0.344615,1.000000,1.000000,0.000000,-0.000992,0.500000,0
0.000000,0.286207,1.000000,1.000000,0.000000,-0.000992,0.500000,0.491071,0.730994,-1.000000,0.058824,0.024074,0.000000,0.351852,1.000000,1.000000,0.000000,-0.000992,0.500000,0
0.000000,0.270833,1.000000,1.000000,0.000000,-0.000992,0.500000,0.046627,0.412071,0.200000,-0.156863,0.026625,0.000000,0.346749,1.000000,1.000000,0.000000,-0.000992,0.500000,0
0.000000,0.273038,1.000000,1.000000,0.000000,-0.000992,0.500000,0.014881,0.153072,-0.600000,0.137255,0.026625,0.000000,0.346749,1.000000,1.000000,0.000000,-0.000992,0.500000,0
0.000000,0.273973,1.000000,1.000000,0.000000,-0.000992,0.500000,0.999008,0.000000,-1.000000,-0.058824,0.017337,0.000000,0.365325,1.000000,1.000000,0.000000,-0.000992,0.500000,0
0.000000,0.283217,1.000000,1.000000,0.000000,-0.000992,0.500000,0.014881,0.050352,-0.200000,-0.019608,0.021317,0.000000,0.357367,1.000000,1.000000,0.000000,-0.000992,0.500000,0
0.000000,0.277778,1.000000,1.000000,0.000000,-0.000992,0.500000,0.014881,0.417925,-0.600000,-0.411765,0.025077,0.000000,0.349845,1.000000,1.000000,0.000000,-0.000992,0.500000,0
0.000000,0.280822,1.000000,1.000000,0.000000,-0.000992,0.500000,0.999008,0.000000,-1.000000,0.509804,0.024615,0.000000,0.350769,1.000000,1.000000,0.000000,-0.000992,0.500000,0
0.000000,0.275862,1.000000,1.000000,0.000000,-0.000992,0.500000,0.491071,0.000000,1.000000,0.176471,0.025077,0.000000,0.349845,1.000000,1.000000,0.000000,-0.000992,0.500000,0
0.000000,0.271777,1.000000,1.000000,0.000000,-0.000992,0.500000,-0.000992,0.834490,-1.000000,0.137255,0.025077,0.000000,0.349845,1.000000,1.000000,0.000000,-0.000992,0.500000,0
0.000000,0.344615,1.000000,1.000000,0.000000,-0.000992,0.500000,0.014881,0.365559,1.000000,-0.215686,0.038816,0.000000,0.322368,1.000000,1.000000,0.000000,-0.000992,0.500000,0
0.000000,0.351852,1.000000,1.000000,0.000000,-0.000992,0.500000,0.014881,0.787513,-0.600000,-0.235294,0.037209,0.000000,0.325581,1.000000,1.000000,0.000000,-0.000992,0.500000,0
0.000000,0.346749,1.000000,1.000000,0.000000,-0.000992,0.500000,0.046627,0.585848,0.200000,-0.588235,0.035548,0.000000,0.328904,1.000000,1.000000,0.000000,-0.000992,0.500000,0
0.000000,0.346749,1.000000,1.000000,0.000000,-0.000992,0.500000,0.491071,0.000000,0.200000,0.745098,0.037209,0.000000,0.325581,1.000000,1.000000,0.000000,-0.000992,0.500000,0
0.000000,0.365325,1.000000,1.000000,0.000000,-0.000992,0.500000,0.237103,0.332900,-1.000000,-0.372549,0.037209,0.000000,0.325581,1.000000,1.000000,0.000000,-0.000992,0.500000,0
0.000000,0.357367,1.000000,1.000000,0.000000,-0.000992,0.500000,0.999008,0.000000,-0.600000,-0.980392,0.033882,0.000000,0.332237,1.000000,1.000000,0.000000,-0.000992,0.500000,0
0.000000,0.349845,1.000000,1.000000,0.000000,-0.000992,0.500000,0.491071,0.000000,0.200000,0.372549,0.037662,0.000000,0.324675,1.000000,1.000000,0.000000,-0.000992,0.500000,0
0.000000,0.350769,1.000000,1.000000,0.000000,-0.000992,0.500000,0.046627,0.411030,1.000000,-0.156863,0.035000,0.000000,0.330000,1.000000,1.000000,0.000000,-0.000992,0.500000,0
0.000000,0.349845,1.000000,1.000000,0.000000,-0.000992,0.500000,0.014881,0.410876,0.200000,0.627451,0.037209,0.000000,0.325581,1.000000,1.000000,0.000000,-0.000992,0.500000,0
0.000000,0.349845,1.000000,1.000000,0.000000,-0.000992,0.500000,0.014881,0.191339,-0.600000,0.666667,0.037209,0.000000,0.325581,1.000000,1.000000,0.000000,-0.000992,0.500000,0
0.000000,0.322368,1.000000,1.000000,0.000000,-0.000992,0.500000,0.237103,0.797139,-0.600000,-0.450980,0.037313,0.000000,0.325373,1.000000,1.000000,0.000000,-0.000992,0.500000,0
0.000000,0.325581,1.000000,1.000000,0.000000,-0.000992,0.500000,0.014881,0.606244,1.000000,0.882353,0.035821,0.000000,0.328358,1.000000,1.000000,0.000000,-0.000992,0.500000,0
0.000000,0.328904,1.000000,1.000000,0.000000,-0.000992,0.500000,0.491071,0.744639,0.600000,0.098039,0.040237,0.000000,0.319527,1.000000,1.000000,0.000000,-0.000992,0.500000,0
0.000000,0.325581,1.000000,1.000000,0.000000,-0.000992,0.500000,0.491071,0.491228,-1.000000,0.509804,0.036826,0.000000,0.326347,1.000000,1.000000,0.000000,-0.000992,0.500000,0
0.000000,0.325581,1.000000,1.000000,0.000000,-0.000992,0.500000,0.999008,0.000000,0.200000,0.294118,0.029851,0.000000,0.340299,1.000000,1.000000,0.000000,-0.000992,0.500000,0
0.000000,0.332237,1.000000,1.000000,0.000000,-0.000992,0.500000,0.110119,0.895206,-0.600000,-0.215686,0.032831,0.000000,0.334337,1.000000,1.000000,0.000000,-0.000992,0.500000,0
0.000000,0.324675,1.000000,1.000000,0.000000,-0.000992,0.500000,0.999008,0.000000,0.600000,-0.431373,0.028829,0.000000,0.342342,1.000000,1.000000,0.000000,-0.000992,0.500000,0
0.000000,0.330000,1.000000,1.000000,0.000000,-0.000992,0.500000,-0.000992,0.687810,1.000000,0.529412,0.038323,0.000000,0.323353,1.000000,1.000000,0.000000,-0.000992,0.500000,0
0.000000,0.325581,1.000000,1.000000,0.000000,-0.000992,0.500000,0.999008,0.000000,-0.600000,0.666667,0.031325,0.000000,0.337349,1.000000,1.000000,0.000000,-0.000992,0.500000,0
0.000000,0.325581,1.000000,1.000000,0.000000,-0.000992,0.500000,0.237103,0.000000,-1.000000,0.039216,0.036364,0.000000,0.327273,1.000000,1.000000,0.000000,-0.000992,0.500000,0
0.000000,0.325373,1.000000,1.000000,0.000000,-0.000992,0.500000,0.014881,0.000000,0.600000,-0.450980,0.049180,0.000000,0.301639,1.000000,1.000000,0.000000,-0.000992,0.500000,0
0.000000,0.328358,1.000000,1.000000,0.000000,-0.000992,0.500000,0.999008,0.000000,-0.200000,0.490196,0.049026,0.000000,0.301948,1.000000,1.000000,0.000000,-0.000992,0.500000,0
0.000000,0.319527,1.000000,1.000000,0.000000,-0.000992,0.500000,-0.000992,0.879088,-1.000000,0.058824,0.052941,0.000000,0.294118,1.000000,1.000000,0.000000,-0.000992,0.500000,0
0.000000,0.326347,1.000000,1.000000,0.000000,-0.000992,0.500000,0.237103,0.777633,-0.600000,0.960784,0.052941,0.000000,0.294118,1.000000,1.000000,0.000000,-0.000992,0.500000,0
0.000000,0.340299,1.000000,1.000000,0.000000,-0.000992,0.500000,-0.000992,0.151635,1.000000,-0.058824,0.050820,0.000000,0.298361,1.000000,1.000000,0.000000,-0.000992,0.500000,0
0.000000,0.334337,1.000000,1.000000,0.000000,-0.000992,0.500000,0.237103,0.442133,1.000000,0.490196,0.046278,0.000000,0.307443,1.000000,1.000000,0.000000,-0.000992,0.500000,0
0.000000,0.342342,1.000000,1.000000,0.000000,-0.000992,0.500000,0.491071,0.600390,-1.000000,0.960784,0.056913,0.000000,0.286174,1.000000,1.000000,0.000000,-0.000992,0.500000,0
0.000000,0.323353,1.000000,1.000000,0.000000,-0.000992,0.500000,0.491071,0.000000,0.200000,0.176471,0.051792,0.000000,0.296417,1.000000,1.000000,0.000000,-0.000992,0.500000,0
0.000000,0.337349,1.000000,1.000000,0.000000,-0.000992,0.500000,0.014881,0.943605,0.600000,0.843137,0.048684,0.000000,0.302632,1.000000,1.000000,0.000000,-0.000992,0.500000,0
0.000000,0.327273,1.000000,1.000000,0.000000,-0.000992,0.500000,0.999008,0.000000,-0.600000,0.294118,0.055305,0.000000,0.289389,1.000000,1.000000,0.000000,-0.000992,0.500000,0
0.000000,0.301639,1.000000,1.000000,0.000000,-0.000992,0.500000,0.999008,0.000000,-0.200000,0.784314,0.020242,0.000000,0.359517,1.000000,1.000000,0.000000,-0.000992,0.500000,0
0.000000,0.301948,1.000000,1.000000,0.000000,-0.000992,0.500000,-0.000992,0.629336,-0.600000,0.392157,0.019572,0.000000,0.360856,1.000000,1.000000,0.000000,-0.000992,0.500000,0
0.000000,0.294118,1.000000,1.000000,0.000000,-0.000992,0.500000,0.014881,0.673716,1.000000,0.784314,0.015385,0.000000,0.369231,1.000000,1.000000,0.000000,-0.000992,0.500000,0
0.000000,0.294118,1.000000,1.000000,0.000000,-0.000992,0.500000,0.491071,0.000000,-0.600000,0.588235,0.020122,0.000000,0.359756,1.000000,1.000000,0.000000,-0.000992,0.500000,0
0.000000,0.298361,1.000000,1.000000,0.000000,-0.000992,0.500000,0.014881,0.276939,1.000000,0.509804,0.015789,0.000000,0.368421,1.000000,1.000000,0.000000,-0.000992,0.500000,0
0.000000,0.307443,1.000000,1.000000,0.000000,-0.000992,0.500000,0.999008,0.000000,0.600000,-0.019608,0.013814,0.000000,0.372372,1.000000,1.000000,0.000000,-0.000992,0.500000,0
0.000000,0.286174,1.000000,1.000000,0.000000,-0.000992,0.500000,0.237103,0.000000,-1.000000,0.098039,0.024850,0.000000,0.350299,1.000000,1.000000,0.000000,-0.000992,0.500000,0
0.000000,0.296417,1.000000,1.000000,0.000000,-0.000992,0.500000,0.046627,0.655567,0.600000,-0.764706,0.017901,0.000000,0.364198,1.000000,1.000000,0.000000,-0.000992,0.500000,0
0.000000,0.302632,1.000000,1.000000,0.000000,-0.000992,0.500000,-0.000992,0.082260,0.200000,0.921569,0.019018,0.000000,0.361963,1.000000,1.000000,0.000000,-0.000992,0.500000,0
0.000000,0.289389,1.000000,1.000000,0.000000,-0.000992,0.500000,0.237103,0.000000,-0.600000,0.882353,0.017485,0.000000,0.365031,1.000000,1.000000,0.000000,-0.000992,0.500000,0
0.000000,0.359517,1.000000,1.000000,0.000000,-0.000992,0.500000,0.237103,0.479844,-1.000000,0.411765,0.030033,0.000000,0.339934,1.000000,1.000000,0.000000,-0.000992,0.500000,0
0.000000,0.360856,1.000000,1.000000,0.000000,-0.000992,0.500000,-0.000992,0.287413,-1.000000,0.764706,0.025083,0.000000,0.349835,1.000000,1.000000,0.000000,-0.000992,0.500000,0
0.000000,0.369231,1.000000,1.000000,0.000000,-0.000992,0.500000,0.237103,0.586476,0.600000,0.784314,0.030033,0.000000,0.339934,1.000000,1.000000,0.000000,-0.000992,0.500000,0
0.000000,0.359756,1.000000,1.000000,0.000000,-0.000992,0.500000,-0.000992,0.813677,-0.600000,-0.098039,0.031126,0.000000,0.337748,1.000000,1.000000,0.000000,-0.000992,0.500000,0
0.000000,0.368421,1.000000,1.000000,0.000000,-0.000992,0.500000,0.014881,0.493454,-1.000000,-0.980392,0.031715,0.000000,0.336570,1.000000,1.000000,0.000000,-0.000992,0.500000,0
0.000000,0.372372,1.000000,1.000000,0.000000,-0.000992,0.500000,0.046627,0.110302,-0.200000,-0.058824,0.027243,0.000000,0.345515,1.000000,1.000000,0.000000,-0.000992,0.500000,0
0.000000,0.350299,1.000000,1.000000,0.000000,-0.000992,0.500000,0.491071,0.360624,-1.000000,-0.039216,0.031715,0.000000,0.336570,1.000000,1.000000,0.000000,-0.000992,0.500000,0
0.000000,0.364198,1.000000,1.000000,0.000000,-0.000992,0.500000,0.014881,0.262840,-1.000000,-0.843137,0.028333,0.000000,0.343333,1.000000,1.000000,0.000000,-0.000992,0.500000,0
0.000000,0.361963,1.000000,1.000000,0.000000,-0.000992,0.500000,0.014881,0.738167,-0.200000,-0.588235,0.027243,0.000000,0.345515,1.000000,1.000000,0.000000,-0.000992,0.500000,0
0.000000,0.365031,1.000000,1.000000,0.000000,-0.000992,0.500000,0.014881,0.427996,1.000000,-0.392157,0.028904,0.000000,0.342193,1.000000,1.000000,0.000000,-0.000992,0.500000,0
0.000000,0.339934,1.000000,1.000000,0.000000,-0.000992,0.500000,0.046627,0.991675,0.200000,0.196078,0.048397,0.000000,0.303207,1.000000,1.000000,0.000000,-0.000992,0.500000,0
0.000000,0.349835,1.000000,1.000000,0.000000,-0.000992,0.500000,0.046627,0.327784,0.200000,-0.843137,0.048397,0.000000,0.303207,1.000000,1.000000,0.000000,-0.000992,0.500000,0
0.000000,0.339934,1.000000,1.000000,0.000000,-0.000992,0.500000,-0.000992,0.509415,1.000000,0.607843,0.046491,0.000000,0.307018,1.000000,1.000000,0.000000,-0.000992,0.500000,0
0.000000,0.337748,1.000000,1.000000,0.000000,-0.000992,0.500000,0.999008,0.000000,-0.200000,0.960784,0.048266,0.000000,0.303468,1.000000,1.000000,0.000000,-0.000992,0.500000,0
0.000000,0.336570,1.000000,1.000000,0.000000,-0.000992,0.500000,0.999008,0.000000,0.200000,-0.392157,0.046821,0.000000,0.306358,1.000000,1.000000,0.000000,-0.000992,0.500000,0
0.000000,0.345515,1.000000,1.000000,0.000000,-0.000992,0.500000,0.237103,0.895969,0.200000,0.254902,0.047507,0.000000,0.304985,1.000000,1.000000,0.000000,-0.000992,0.500000,0
0.000000,0.336570,1.000000,1.000000,0.000000,-0.000992,0.500000,0.237103,0.046814,0.600000,-0.411765,0.048397,0.000000,0.303207,1.000000,1.000000,0.000000,-0.000992,0.500000,0
0.000000,0.343333,1.000000,1.000000,0.000000,-0.000992,0.500000,0.014881,0.861027,1.000000,-0.843137,0.047953,0.000000,0.304094,1.000000,1.000000,0.000000,-0.000992,0.500000,0
0.000000,0.345515,1.000000,1.000000,0.000000,-0.000992,0.500000,0.237103,0.720416,-0.600000,0.215686,0.048397,0.000000,0.303207,1.000000,1.000000,0.000000,-0.000992,0.500000,0
0.000000,0.342193,1.000000,1.000000,0.000000,-0.000992,0.500000,-0.000992,0.353816,-0.600000,-0.294118,0.046491,0.000000,0.307018,1.000000,1.000000,0.000000,-0.000992,0.500000,0
0.000000,0.303207,1.000000,1.000000,0.000000,-0.000992,0.500000,0.014881,0.324270,-0.200000,-0.568627,0.042444,0.000000,0.315113,1.000000,1.000000,0.000000,-0.000992,0.500000,0
0.000000,0.303207,1.000000,1.000000,0.000000,-0.000992,0.500000,0.014881,0.521652,0.200000,-0.137255,0.038141,0.000000,0.323718,1.000000,1.000000,0.000000,-0.000992,0.500000,0
0.000000,0.307018,1.000000,1.000000,0.000000,-0.000992,0.500000,0.999008,0.000000,1.000000,-0.960784,0.035423,0.000000,0.329154,1.000000,1.000000,0.000000,-0.000992,0.500000,0
0.000000,0.303468,1.000000,1.000000,0.000000,-0.000992,0.500000,-0.000992,0.653122,1.000000,0.529412,0.042949,0.000000,0.314103,1.000000,1.000000,0.000000,-0.000992,0.500000,0
0.000000,0.306358,1.000000,1.000000,0.000000,-0.000992,0.500000,0.110119,0.306577,0.600000,0.294118,0.039744,0.000000,0.320513,1.000000,1.000000,0.000000,-0.000992,0.500000,0
0.000000,0.304985,1.000000,1.000000,0.000000,-0.000992,0.500000,0.014881,0.332326,0.200000,0.725490,0.042444,0.000000,0.315113,1.000000,1.000000,0.000000,-0.000992,0.500000,0
0.000000,0.303207,1.000000,1.000000,0.000000,-0.000992,0.500000,0.046627,0.984391,-0.200000,-0.352941,0.044551,0.000000,0.310897,1.000000,1.000000,0.000000,-0.000992,0.500000,0
0.000000,0.304094,1.000000,1.000000,0.000000,-0.000992,0.500000,-0.000992,0.026759,0.600000,0.372549,0.041424,0.000000,0.317152,1.000000,1.000000,0.000000,-0.000992,0.500000,0
0.000000,0.303207,1.000000,1.000000,0.000000,-0.000992,0.500000,0.046627,0.629553,-0.200000,-0.980392,0.046519,0.000000,0.306962,1.000000,1.000000,0.000000,-0.000992,0.500000,0
0.000000,0.307018,1.000000,1.000000,0.000000,-0.000992,0.500000,-0.000992,0.602577,0.200000,0.529412,0.044051,0.000000,0.311897,1.000000,1.000000,0.000000,-0.000992,0.500000,0
0.000000,0.315113,1.000000,1.000000,0.000000,-0.000992,0.500000,-0.000992,0.690783,-0.600000,0.862745,0.030925,0.000000,0.338150,1.000000,1.000000,0.000000,-0.000992,0.500000,0
0.000000,0.323718,1.000000,1.000000,0.000000,-0.000992,0.500000,0.237103,0.452536,0.200000,0.843137,0.029480,0.000000,0.341040,1.000000,1.000000,0.000000,-0.000992,0.500000,0
0.000000,0.329154,1.000000,1.000000,0.000000,-0.000992,0.500000,0.110119,0.363434,-1.000000,0.058824,0.030925,0.000000,0.338150,1.000000,1.000000,0.000000,-0.000992,0.500000,0
0.000000,0.314103,1.000000,1.000000,0.000000,-0.000992,0.500000,0.046627,0.000000,1.000000,-0.549020,0.030925,0.000000,0.338150,1.000000,1.000000,0.000000,-0.000992,0.500000,0
0.000000,0.320513,1.000000,1.000000,0.000000,-0.000992,0.500000,0.110119,0.052397,1.000000,-0.098039,0.030925,0.000000,0.338150,1.000000,1.000000,0.000000,-0.000992,0.500000,0
0.000000,0.315113,1.000000,1.000000,0.000000,-0.000992,0.500000,0.491071,0.384016,-0.200000,-0.313725,0.028530,0.000000,0.342939,1.000000,1.000000,0.000000,-0.000992,0.500000,0
0.000000,0.310897,1.000000,1.000000,0.000000,-0.000992,0.500000,0.110119,0.198439,-0.200000,-0.725490,0.029942,0.000000,0.340116,1.000000,1.000000,0.000000,-0.000992,0.500000,0
0.000000,0.317152,1.000000,1.000000,0.000000,-0.000992,0.500000,0.014881,0.395770,-0.600000,-0.117647,0.032370,0.000000,0.335260,1.000000,1.000000,0.000000,-0.000992,0.500000,0
0.000000,0.306962,1.000000,1.000000,0.000000,-0.000992,0.500000,-0.000992,0.292369,-0.600000,-0.823529,0.031884,0.000000,0.336232,1.000000,1.000000,0.000000,-0.000992,0.500000,0
0.000000,0.311897,1.000000,1.000000,0.000000,-0.000992,0.500000,0.237103,0.252276,-0.200000,0.431373,0.037535,0.000000,0.324930,1.000000,1.000000,0.000000,-0.000992,0.500000,0
0.000000,0.338150,1.000000,1.000000,0.000000,-0.000992,0.500000,0.014881,0.534743,-1.000000,-0.803922,0.064516,0.000000,0.270968,1.000000,1.000000,0.000000,-0.000992,0.500000,0
0.000000,0.341040,1.000000,1.000000,0.000000,-0.000992,0.500000,0.110119,0.799331,-0.600000,-0.705882,0.063924,0.000000,0.272152,1.000000,1.000000,0.000000,-0.000992,0.500000,0
0.000000,0.338150,1.000000,1.000000,0.000000,-0.000992,0.500000,0.014881,0.391742,0.200000,-0.019608,0.064078,0.000000,0.271845,1.000000,1.000000,0.000000,-0.000992,0.500000,0
0.000000,0.338150,1.000000,1.000000,0.000000,-0.000992,0.500000,0.014881,0.864048,0.200000,-0.529412,0.060129,0.000000,0.279743,1.000000,1.000000,0.000000,-0.000992,0.500000,0
0.000000,0.338150,1.000000,1.000000,0.000000,-0.000992,0.500000,0.046627,0.942768,-1.000000,-0.392157,0.064516,0.000000,0.270968,1.000000,1.000000,0.000000,-0.000992,0.500000,0
0.000000,0.342939,1.000000,1.000000,0.000000,-0.000992,0.500000,0.237103,0.076723,-1.000000,-0.450980,0.065931,0.000000,0.268139,1.000000,1.000000,0.000000,-0.000992,0.500000,0
0.000000,0.340116,1.000000,1.000000,0.000000,-0.000992,0.500000,0.110119,0.000000,1.000000,0.372549,0.064516,0.000000,0.270968,1.000000,1.000000,0.000000,-0.000992,0.500000,0
0.000000,0.335260,1.000000,1.000000,0.000000,-0.000992,0.500000,0.110119,0.130435,0.600000,-0.392157,0.067089,0.000000,0.265823,1.000000,1.000000,0.000000,-0.000992,0.500000,0
0.000000,0.336232,1.000000,1.000000,0.000000,-0.000992,0.500000,0.999008,0.000000,-0.600000,0.450980,0.055096,0.004000,0.289809,1.000000,1.000000,0.002000,-0.000992,0.500000,0
0.000000,0.324930,1.000000,1.000000,0.000000,-0.000992,0.500000,0.237103,0.723017,-0.600000,-0.764706,0.060841,0.000000,0.278317,1.000000,1.000000,0.000000,-0.000992,0.500000,0
0.000000,0.270968,1.000000,1.000000,0.000000,-0.000992,0.500000,0.237103,0.479844,0.600000,0.411765,0.049415,0.000000,0.301170,1.000000,1.000000,0.000000,-0.000992,0.500000,0
0.000000,0.272152,1.000000,1.000000,0.000000,-0.000992,0.500000,0.491071,0.395712,0.600000,0.019608,0.049854,0.000000,0.300292,1.000000,1.000000,0.000000,-0.000992,0.500000,0
0.000000,0.271845,1.000000,1.000000,0.000000,-0.000992,0.500000,0.491071,0.935673,-0.200000,0.666667,0.048837,0.000000,0.302326,1.000000,1.000000,0.000000,-0.000992,0.500000,0
0.000000,0.279743,1.000000,1.000000,0.000000,-0.000992,0.500000,0.999008,0.000000,0.600000,0.019608,0.047826,0.004000,0.304348,1.000000,1.000000,0.002000,-0.000992,0.500000,0
0.000000,0.270968,1.000000,1.000000,0.000000,-0.000992,0.500000,0.491071,0.838207,-1.000000,-0.176471,0.048397,0.004000,0.303207,1.000000,1.000000,0.002000,-0.000992,0.500000,0
0.000000,0.268139,1.000000,1.000000,0.000000,-0.000992,0.500000,0.237103,0.000000,0.200000,-0.058824,0.048974,0.004000,0.302053,1.000000,1.000000,0.002000,-0.000992,0.500000,0
0.000000,0.270968,1.000000,1.000000,0.000000,-0.000992,0.500000,0.046627,0.607700,-1.000000,-0.294118,0.047507,0.000000,0.304985,1.000000,1.000000,0.000000,-0.000992,0.500000,0
0.000000,0.265823,1.000000,1.000000,0.000000,-0.000992,0.500000,0.046627,0.417274,0.200000,-0.274510,0.048974,0.000000,0.302053,1.000000,1.000000,0.000000,-0.000992,0.500000,0
0.004000,0.289809,1.000000,1.000000,0.002000,-0.000992,0.500000,-0.000992,0.097126,0.200000,-0.098039,0.046154,0.000000,0.307692,1.000000,1.000000,0.000000,-0.000992,0.500000,0
0.000000,0.278317,1.000000,1.000000,0.000000,-0.000992,0.500000,0.999008,0.000000,1.000000,0.333333,0.051585,0.000000,0.296830,1.000000,1.000000,0.000000,-0.000992,0.500000,0
0.000000,0.301170,1.000000,1.000000,0.000000,-0.000992,0.500000,0.999008,0.000000,-1.000000,-0.901961,0.070312,0.004000,0.259375,1.000000,1.000000,0.002000,-0.000992,0.500000,0
0.000000,0.300292,1.000000,1.000000,0.000000,-0.000992,0.500000,0.999008,0.000000,0.200000,0.901961,0.067412,0.000000,0.265176,1.000000,1.000000,0.000000,-0.000992,0.500000,0
0.000000,0.302326,1.000000,1.000000,0.000000,-0.000992,0.500000,0.046627,0.387097,0.200000,-0.392157,0.070192,0.000000,0.259615,1.000000,1.000000,0.000000,-0.000992,0.500000,0
0.004000,0.304348,1.000000,1.000000,0.002000,-0.000992,0.500000,0.046627,0.188345,1.000000,-0.294118,0.067314,0.000000,0.265372,1.000000,1.000000,0.000000,-0.000992,0.500000,0
0.004000,0.303207,1.000000,1.000000,0.002000,-0.000992,0.500000,0.110119,0.218506,-0.200000,0.372549,0.062179,0.000000,0.275641,1.000000,1.000000,0.000000,-0.000992,0.500000,0
0.004000,0.302053,1.000000,1.000000,0.002000,-0.000992,0.500000,0.491071,0.586745,-1.000000,-0.078431,0.070662,0.004000,0.258675,1.000000,1.000000,0.002000,-0.000992,0.500000,0
0.000000,0.304985,1.000000,1.000000,0.000000,-0.000992,0.500000,0.110119,0.309922,0.600000,-0.313725,0.070192,0.000000,0.259615,1.000000,1.000000,0.000000,-0.000992,0.500000,0
0.000000,0.302053,1.000000,1.000000,0.000000,-0.000992,0.500000,0.999008,0.000000,-0.200000,-0.392157,0.067925,0.004000,0.264151,1.000000,1.000000,0.002000,-0.000992,0.500000,0
0.000000,0.307692,1.000000,1.000000,0.000000,-0.000992,0.500000,0.046627,0.029136,0.200000,0.745098,0.068671,0.000000,0.262658,1.000000,1.000000,0.000000,-0.000992,0.500000,0
0.000000,0.296830,1.000000,1.000000,0.000000,-0.000992,0.500000,0.110119,0.486065,0.600000,-0.392157,0.067742,0.000000,0.264516,1.000000,1.000000,0.000000,-0.000992,0.500000,0
0.004000,0.259375,1.000000,1.000000,0.002000,-0.000992,0.500000,0.014881,0.045317,1.000000,0.313725,0.075000,0.000000,0.250000,1.000000,1.000000,0.000000,0.014881,0.500000,0
0.000000,0.265176,1.000000,1.000000,0.000000,-0.000992,0.500000,0.237103,0.418726,-1.000000,-0.294118,0.073512,0.004000,0.252976,1.000000,1.000000,0.002000,0.237103,0.500000,0
0.000000,0.259615,1.000000,1.000000,0.000000,-0.000992,0.500000,0.999008,0.000000,-0.200000,0.372549,0.071988,0.000000,0.256024,1.000000,1.000000,0.000000,0.999008,0.500000,0
0.000000,0.265372,1.000000,1.000000,0.000000,-0.000992,0.500000,0.237103,0.000000,-1.000000,0.607843,0.076877,0.000000,0.246246,1.000000,1.000000,0.000000,0.237103,0.500000,0
0.000000,0.275641,1.000000,1.000000,0.000000,-0.000992,0.500000,0.237103,0.000000,-0.200000,0.039216,0.075000,0.000000,0.250000,1.000000,1.000000,0.000000,0.237103,0.500000,0
0.004000,0.258675,1.000000,1.000000,0.002000,-0.000992,0.500000,0.110119,0.682274,-0.200000,-0.882353,0.070920,0.000000,0.258160,1.000000,1.000000,0.000000,0.110119,0.500000,0
0.000000,0.259615,1.000000,1.000000,0.000000,-0.000992,0.500000,0.237103,0.066320,0.600000,0.372549,0.076506,0.000000,0.246988,1.000000,1.000000,0.000000,0.237103,0.500000,0
0.004000,0.264151,1.000000,1.000000,0.002000,-0.000992,0.500000,0.999008,0.000000,0.200000,-0.823529,0.075731,0.008000,0.248538,1.000000,1.000000,0.004000,0.999008,0.500000,0
0.000000,0.262658,1.000000,1.000000,0.000000,-0.000992,0.500000,0.491071,0.598441,-0.600000,-0.450980,0.081232,0.004000,0.237537,1.000000,1.000000,0.002000,0.491071,0.500000,0
0.000000,0.264516,1.000000,1.000000,0.000000,-0.000992,0.500000,0.014881,0.108761,0.600000,-0.882353,0.078698,0.000000,0.242604,1.000000,1.000000,0.000000,0.014881,0.500000,0
0.000000,0.250000,1.000000,1.000000,0.000000,0.014881,0.500000,0.014881,0.030211,-0.200000,0.196078,-0.010616,0.000000,0.421233,1.000000,1.000000,0.000000,0.014881,0.500000,0
0.004000,0.252976,1.000000,1.000000,0.002000,0.237103,0.500000,0.237103,0.109233,0.600000,0.196078,-0.009622,0.000000,0.419244,1.000000,1.000000,0.000000,0.237103,0.500000,0
0.000000,0.256024,1.000000,1.000000,0.000000,0.999008,0.500000,0.014881,0.000000,-0.600000,0.235294,-0.011340,0.000000,0.422680,1.000000,1.000000,0.000000,0.014881,0.500000,0
0.000000,0.246246,1.000000,1.000000,0.000000,0.237103,0.500000,-0.000992,0.746283,0.600000,0.196078,-0.010616,0.000000,0.421233,1.000000,1.000000,0.000000,-0.000992,0.500000,0
0.000000,0.250000,1.000000,1.000000,0.000000,0.237103,0.500000,0.046627,0.728408,0.600000,0.588235,-0.012069,0.000000,0.424138,1.000000,1.000000,0.000000,0.046627,0.500000,0
0.000000,0.258160,1.000000,1.000000,0.000000,0.110119,0.500000,0.110119,0.865106,0.600000,0.803922,-0.016028,0.000000,0.432056,1.000000,1.000000,0.000000,0.110119,0.500000,0
0.000000,0.246988,1.000000,1.000000,0.000000,0.237103,0.500000,0.014881,0.497482,1.000000,0.450980,-0.014286,0.000000,0.428571,1.000000,1.000000,0.000000,0.014881,0.500000,0
0.008000,0.248538,1.000000,1.000000,0.004000,0.999008,0.500000,0.046627,0.190427,-0.200000,-0.176471,-0.014533,0.000000,0.429066,1.000000,1.000000,0.000000,0.046627,0.500000,0
0.004000,0.237537,1.000000,1.000000,0.002000,0.491071,0.500000,0.014881,0.087613,0.200000,-0.450980,-0.013287,0.000000,0.426573,1.000000,1.000000,0.000000,0.014881,0.500000,0
0.000000,0.242604,1.000000,1.000000,0.000000,0.014881,0.500000,0.237103,0.824447,0.600000,0.176471,-0.009184,0.000000,0.418367,1.000000,1.000000,0.000000,0.237103,0.500000,0
0.000000,0.421233,1.000000,1.000000,0.000000,0.014881,0.500000,0.491071,0.783626,0.600000,0.137255,0.008874,0.000000,0.382253,1.000000,1.000000,0.000000,0.491071,0.500000,0
0.000000,0.419244,1.000000,1.000000,0.000000,0.237103,0.500000,0.999008,0.000000,0.200000,0.725490,0.003436,0.004000,0.391753,0.996564,1.000000,0.002000,0.999008,0.500000,0
0.000000,0.422680,1.000000,1.000000,0.000000,0.014881,0.500000,-0.000992,0.702676,1.000000,-0.313725,0.007266,0.000000,0.384083,0.996540,1.000000,0.000000,-0.000992,0.500000,0
0.000000,0.421233,1.000000,1.000000,0.000000,-0.000992,0.500000,0.999008,0.000000,-0.200000,0.019608,-0.010211,0.000000,0.419014,0.996479,1.000000,0.000000,0.999008,0.500000,0
0.000000,0.424138,1.000000,1.000000,0.000000,0.046627,0.500000,0.046627,0.231009,-1.000000,-0.745098,0.002807,0.000000,0.392982,0.996491,1.000000,0.000000,0.046627,0.500000,0
0.000000,0.432056,1.000000,1.000000,0.000000,0.110119,0.500000,0.999008,0.000000,1.000000,0.725490,0.000697,0.000000,0.397213,0.996516,1.000000,0.000000,0.999008,0.500000,0
0.000000,0.428571,1.000000,1.000000,0.000000,0.014881,0.500000,0.491071,0.479532,1.000000,0.019608,-0.001045,0.000000,0.400697,0.996516,1.000000,0.000000,0.491071,0.500000,0
0.000000,0.429066,1.000000,1.000000,0.000000,0.046627,0.500000,0.014881,0.851964,-0.200000,0.784314,0.003873,0.000000,0.390845,0.996479,1.000000,0.000000,0.014881,0.500000,0
0.000000,0.426573,1.000000,1.000000,0.000000,0.014881,0.500000,0.110119,0.477146,0.200000,-0.607843,0.003497,0.000000,0.391608,0.996503,1.000000,0.000000,0.110119,0.500000,0
0.000000,0.418367,1.000000,1.000000,0.000000,0.237103,0.500000,0.110119,0.529543,1.000000,0.529412,0.003180,0.000000,0.392226,0.996466,1.000000,0.000000,0.110119,0.500000,0
0.000000,0.382253,1.000000,1.000000,0.000000,0.491071,0.500000,0.014881,0.384693,0.600000,-0.117647,0.007018,0.000000,0.385965,1.000000,1.000000,0.000000,0.014881,0.500000,0
0.004000,0.391753,0.996564,1.000000,0.002000,0.999008,0.500000,0.999008,0.000000,0.200000,-0.176471,-0.000704,0.004000,0.401408,1.000000,1.000000,0.002000,0.999008,0.500000,0
0.000000,0.384083,0.996540,1.000000,0.000000,-0.000992,0.500000,-0.000992,0.380575,0.600000,-0.450980,0.007018,0.000000,0.385965,1.000000,1.000000,0.000000,-0.000992,0.500000,0
0.000000,0.419014,0.996479,1.000000,0.000000,0.999008,0.500000,0.110119,0.000000,-0.600000,0.901961,0.006338,0.000000,0.387324,1.000000,1.000000,0.000000,0.110119,0.500000,0
0.000000,0.392982,0.996491,1.000000,0.000000,0.046627,0.500000,0.491071,0.393762,-1.000000,-0.568627,0.002817,0.004000,0.394366,1.000000,1.000000,0.002000,0.491071,0.500000,0
0.000000,0.397213,0.996516,1.000000,0.000000,0.999008,0.500000,0.014881,0.356495,0.200000,0.607843,0.002120,0.000000,0.395760,1.000000,1.000000,0.000000,0.014881,0.500000,0
0.000000,0.400697,0.996516,1.000000,0.000000,0.491071,0.500000,0.046627,0.023933,0.600000,0.392157,0.006338,0.000000,0.387324,1.000000,1.000000,0.000000,0.046627,0.500000,0
0.000000,0.390845,0.996479,1.000000,0.000000,0.014881,0.500000,0.110119,0.818283,0.600000,-0.117647,0.003191,0.000000,0.393617,1.000000,1.000000,0.000000,0.110119,0.500000,0
0.000000,0.391608,0.996503,1.000000,0.000000,0.110119,0.500000,0.014881,0.361531,0.600000,0.450980,0.005654,0.000000,0.388693,1.000000,1.000000,0.000000,0.014881,0.500000,0
0.000000,0.392226,0.996466,1.000000,0.000000,0.110119,0.500000,-0.000992,0.304262,-0.600000,-0.392157,0.004965,0.000000,0.390071,1.000000,1.000000,0.000000,-0.000992,0.500000,0
0.000000,0.385965,1.000000,1.000000,0.000000,0.014881,0.500000,0.014881,0.029204,0.600000,-0.705882,0.023746,0.000000,0.351171,0.996656,1.000000,0.000000,0.014881,0.500000,0
0.004000,0.401408,1.000000,1.000000,0.002000,0.999008,0.500000,0.237103,0.046814,-0.200000,-0.333333,0.020875,0.000000,0.356902,0.996633,1.000000,0.000000,0.237103,0.500000,0
0.000000,0.385965,1.000000,1.000000,0.000000,-0.000992,0.500000,0.491071,0.764133,0.200000,0.019608,0.026073,0.004000,0.346535,0.996700,1.000000,0.002000,0.491071,0.500000,0
0.000000,0.387324,1.000000,1.000000,0.000000,0.110119,0.500000,0.999008,0.000000,0.200000,0.568627,0.027152,0.000000,0.344371,0.996689,1.000000,0.000000,0.999008,0.500000,0
0.004000,0.394366,1.000000,1.000000,0.002000,0.491071,0.500000,0.014881,0.016113,1.000000,0.627451,0.022074,0.000000,0.354515,0.996656,1.000000,0.000000,0.014881,0.500000,0
0.000000,0.395760,1.000000,1.000000,0.000000,0.014881,0.500000,0.491071,0.666667,0.600000,0.196078,0.021595,0.004000,0.355482,0.996678,1.000000,0.002000,0.491071,0.500000,0
0.000000,0.387324,1.000000,1.000000,0.000000,0.046627,0.500000,0.110119,0.789298,-0.600000,0.686275,0.016949,0.004000,0.366102,1.000000,1.000000,0.002000,0.110119,0.500000,0
0.000000,0.393617,1.000000,1.000000,0.000000,0.110119,0.500000,0.491071,0.000000,0.200000,-0.843137,0.022074,0.004000,0.354515,0.996656,1.000000,0.002000,0.491071,0.500000,0
0.000000,0.388693,1.000000,1.000000,0.000000,0.014881,0.500000,0.237103,0.240572,-1.000000,0.274510,0.018581,0.000000,0.361486,0.996622,1.000000,0.000000,0.237103,0.500000,0
0.000000,0.390071,1.000000,1.000000,0.000000,-0.000992,0.500000,0.014881,0.957704,-0.600000,0.509804,0.020270,0.000000,0.358108,0.996622,1.000000,0.000000,0.014881,0.500000,0
0.000000,0.351171,0.996656,1.000000,0.000000,0.014881,0.500000,-0.000992,0.236868,0.200000,0.627451,0.027243,0.000000,0.345515,1.000000,1.000000,0.000000,-0.000992,0.500000,0
0.000000,0.356902,0.996633,1.000000,0.000000,0.237103,0.500000,0.237103,0.313394,0.600000,-0.686275,0.027243,0.000000,0.345515,1.000000,1.000000,0.000000,0.237103,0.500000,0
0.004000,0.346535,0.996700,1.000000,0.002000,0.491071,0.500000,-0.000992,0.624381,1.000000,0.333333,0.026667,0.000000,0.346667,1.000000,1.000000,0.000000,-0.000992,0.500000,0
0.000000,0.344371,0.996689,1.000000,0.000000,0.999008,0.500000,0.046627,0.000000,1.000000,0.156863,0.026159,0.000000,0.347682,1.000000,1.000000,0.000000,0.046627,0.500000,0
0.000000,0.354515,0.996656,1.000000,0.000000,0.014881,0.500000,0.237103,0.671001,-1.000000,-0.745098,0.023920,0.000000,0.352159,1.000000,1.000000,0.000000,0.237103,0.500000,0
0.004000,0.355482,0.996678,1.000000,0.002000,0.491071,0.500000,0.014881,0.675730,0.200000,0.176471,0.017568,0.000000,0.364865,1.000000,1.000000,0.000000,0.014881,0.500000,0
0.004000,0.366102,1.000000,1.000000,0.002000,0.110119,0.500000,0.046627,0.059313,-0.600000,0.019608,0.025000,0.000000,0.350000,1.000000,1.000000,0.000000,0.046627,0.500000,0
0.004000,0.354515,0.996656,1.000000,0.002000,0.491071,0.500000,0.999008,0.000000,-1.000000,0.529412,0.017726,0.000000,0.364548,1.000000,1.000000,0.000000,0.999008,0.500000,0
0.000000,0.361486,0.996622,1.000000,0.000000,0.237103,0.500000,0.237103,0.812744,-0.600000,-0.627451,0.025581,0.000000,0.348837,1.000000,1.000000,0.000000,0.237103,0.500000,0
0.000000,0.358108,0.996622,1.000000,0.000000,0.014881,0.500000,0.237103,0.048114,-0.200000,-0.470588,0.025581,0.000000,0.348837,1.000000,1.000000,0.000000,0.237103,0.500000,0
0.000000,0.345515,1.000000,1.000000,0.000000,-0.000992,0.500000,0.110119,0.332219,1.000000,-0.117647,0.002288,0.000000,0.395425,1.000000,1.000000,0.000000,0.110119,0.500000,0
0.000000,0.345515,1.000000,1.000000,0.000000,0.237103,0.500000,0.014881,0.300101,-1.000000,-0.490196,-0.000980,0.000000,0.401961,1.000000,1.000000,0.000000,0.014881,0.500000,0
0.000000,0.346667,1.000000,1.000000,0.000000,-0.000992,0.500000,0.046627,0.140479,-0.600000,0.000000,0.001639,0.000000,0.396721,1.000000,1.000000,0.000000,0.046627,0.500000,0
0.000000,0.347682,1.000000,1.000000,0.000000,0.046627,0.500000,0.237103,0.000000,-0.600000,0.588235,0.001639,0.000000,0.396721,1.000000,1.000000,0.000000,0.237103,0.500000,0
0.000000,0.352159,1.000000,1.000000,0.000000,0.237103,0.500000,0.491071,0.000000,1.000000,-0.941176,0.005112,0.004000,0.389776,1.000000,1.000000,0.002000,0.491071,0.500000,0
0.000000,0.364865,1.000000,1.000000,0.000000,0.014881,0.500000,-0.000992,0.144698,-0.600000,0.137255,0.001639,0.000000,0.396721,1.000000,1.000000,0.000000,-0.000992,0.500000,0
0.000000,0.350000,1.000000,1.000000,0.000000,0.046627,0.500000,0.110119,0.036789,0.600000,0.882353,0.000330,0.000000,0.399340,1.000000,1.000000,0.000000,0.110119,0.500000,0
0.000000,0.364548,1.000000,1.000000,0.000000,0.999008,0.500000,0.046627,0.222685,1.000000,0.274510,0.000987,0.000000,0.398026,1.000000,1.000000,0.000000,0.046627,0.500000,0
0.000000,0.348837,1.000000,1.000000,0.000000,0.237103,0.500000,0.110119,0.546265,0.600000,0.058824,0.003922,0.000000,0.392157,1.000000,1.000000,0.000000,0.110119,0.500000,0
0.000000,0.348837,1.000000,1.000000,0.000000,0.237103,0.500000,0.237103,0.425228,-1.000000,-0.921569,0.006709,0.004000,0.386581,1.000000,1.000000,0.002000,0.237103,0.500000,0
0.000000,0.395425,1.000000,1.000000,0.000000,0.110119,0.500000,0.491071,0.000000,0.600000,-0.235294,0.015359,0.000000,0.369281,1.000000,1.000000,0.000000,0.491071,0.500000,0
0.000000,0.401961,1.000000,1.000000,0.000000,0.014881,0.500000,0.110119,0.323300,0.600000,0.901961,0.017590,0.000000,0.364821,1.000000,1.000000,0.000000,0.110119,0.500000,0
0.000000,0.396721,1.000000,1.000000,0.000000,0.046627,0.500000,0.237103,0.120936,0.200000,0.235294,0.017590,0.000000,0.364821,1.000000,1.000000,0.000000,0.237103,0.500000,0
0.000000,0.396721,1.000000,1.000000,0.000000,0.237103,0.500000,-0.000992,0.588702,1.000000,-0.098039,0.017590,0.000000,0.364821,1.000000,1.000000,0.000000,-0.000992,0.500000,0
0.004000,0.389776,1.000000,1.000000,0.002000,0.491071,0.500000,-0.000992,0.107037,0.200000,-0.313725,0.016393,0.000000,0.367213,1.000000,1.000000,0.000000,-0.000992,0.500000,0
0.000000,0.396721,1.000000,1.000000,0.000000,-0.000992,0.500000,0.110119,0.005574,-0.200000,0.254902,0.013115,0.000000,0.373770,1.000000,1.000000,0.000000,0.110119,0.500000,0
0.000000,0.399340,1.000000,1.000000,0.000000,0.110119,0.500000,0.046627,0.763788,0.600000,0.333333,0.014145,0.000000,0.371711,1.000000,1.000000,0.000000,0.046627,0.500000,0
0.000000,0.398026,1.000000,1.000000,0.000000,0.046627,0.500000,0.014881,0.892246,-0.200000,0.039216,0.015359,0.000000,0.369281,1.000000,1.000000,0.000000,0.014881,0.500000,0
0.000000,0.392157,1.000000,1.000000,0.000000,0.110119,0.500000,0.110119,0.751394,-0.200000,-0.568627,0.017590,0.000000,0.364821,1.000000,1.000000,0.000000,0.110119,0.500000,0
0.004000,0.386581,1.000000,1.000000,0.002000,0.237103,0.500000,0.014881,0.614300,1.000000,0.470588,0.015182,0.000000,0.369637,1.000000,1.000000,0.000000,0.014881,0.500000,0
0.000000,0.369281,1.000000,1.000000,0.000000,0.491071,0.500000,-0.000992,0.358771,1.000000,0.509804,0.016667,0.000000,0.366667,1.000000,1.000000,0.000000,-0.000992,0.500000,0
0.000000,0.364821,1.000000,1.000000,0.000000,0.110119,0.500000,0.014881,0.271903,0.600000,-0.294118,0.016667,0.000000,0.366667,1.000000,1.000000,0.000000,0.014881,0.500000,0
0.000000,0.364821,1.000000,1.000000,0.000000,0.237103,0.500000,0.237103,0.321196,0.200000,0.137255,0.019672,0.004000,0.360656,1.000000,1.000000,0.002000,0.237103,0.500000,0
0.000000,0.364821,1.000000,1.000000,0.000000,-0.000992,0.500000,0.999008,0.000000,-1.000000,0.588235,0.013725,0.004000,0.372549,1.000000,1.000000,0.002000,0.999008,0.500000,0
0.000000,0.367213,1.000000,1.000000,0.000000,-0.000992,0.500000,0.491071,0.000000,0.600000,-0.980392,0.016558,0.004000,0.366883,1.000000,1.000000,0.002000,0.491071,0.500000,0
0.000000,0.373770,1.000000,1.000000,0.000000,0.110119,0.500000,0.491071,0.000000,-1.000000,0.392157,0.008333,0.004000,0.383333,1.000000,1.000000,0.002000,0.491071,0.500000,0
0.000000,0.371711,1.000000,1.000000,0.000000,0.046627,0.500000,0.046627,0.361082,-0.600000,-0.137255,0.012709,0.000000,0.374582,1.000000,1.000000,0.000000,0.046627,0.500000,0
0.000000,0.369281,1.000000,1.000000,0.000000,0.014881,0.500000,0.237103,0.840052,-0.600000,0.352941,0.008081,0.004000,0.383838,1.000000,1.000000,0.002000,0.237103,0.500000,0
0.000000,0.364821,1.000000,1.000000,0.000000,0.110119,0.500000,-0.000992,0.440040,0.600000,-0.843137,0.015000,0.000000,0.370000,1.000000,1.000000,0.000000,-0.000992,0.500000,0
0.000000,0.369637,1.000000,1.000000,0.000000,0.014881,0.500000,0.014881,0.968781,-0.200000,-0.039216,0.016225,0.000000,0.367550,1.000000,1.000000,0.000000,0.014881,0.500000,0
0.000000,0.366667,1.000000,1.000000,0.000000,-0.000992,0.500000,0.014881,0.686808,0.200000,0.784314,0.035948,0.000000,0.326797,0.996732,1.000000,0.000000,0.014881,0.500000,0
0.000000,0.366667,1.000000,1.000000,0.000000,0.014881,0.500000,0.237103,0.185956,0.200000,0.647059,0.034868,0.000000,0.328947,0.996711,1.000000,0.000000,0.237103,0.500000,0
0.004000,0.360656,1.000000,1.000000,0.002000,0.237103,0.500000,0.046627,0.731530,-0.200000,0.352941,0.033770,0.000000,0.331148,0.996721,1.000000,0.000000,0.046627,0.500000,0
0.004000,0.372549,1.000000,1.000000,0.002000,0.999008,0.500000,0.491071,0.000000,-0.600000,0.372549,0.023154,0.000000,0.352349,0.996644,1.000000,0.000000,0.491071,0.500000,0
0.004000,0.366883,1.000000,1.000000,0.002000,0.491071,0.500000,0.999008,0.000000,1.000000,0.372549,0.023432,0.004000,0.353135,1.000000,1.000000,0.002000,0.999008,0.500000,0
0.004000,0.383333,1.000000,1.000000,0.002000,0.491071,0.500000,0.237103,0.836151,0.200000,-0.078431,0.031561,0.000000,0.335548,0.996678,1.000000,0.000000,0.237103,0.500000,0
0.000000,0.374582,1.000000,1.000000,0.000000,0.046627,0.500000,0.014881,0.373615,-0.200000,-0.490196,0.027723,0.000000,0.343234,0.996700,1.000000,0.000000,0.014881,0.500000,0
0.004000,0.383838,1.000000,1.000000,0.002000,0.237103,0.500000,0.491071,0.415205,-0.600000,0.823529,0.029900,0.000000,0.338870,0.996678,1.000000,0.000000,0.491071,0.500000,0
0.000000,0.370000,1.000000,1.000000,0.000000,-0.000992,0.500000,0.110119,0.463768,-1.000000,0.098039,0.036482,0.000000,0.325733,0.996743,1.000000,0.000000,0.110119,0.500000,0
0.000000,0.367550,1.000000,1.000000,0.000000,0.014881,0.500000,0.237103,0.015605,0.600000,0.568627,0.033224,0.000000,0.332237,0.996711,1.000000,0.000000,0.237103,0.500000,0
0.000000,0.326797,0.996732,1.000000,0.000000,0.014881,0.500000,-0.000992,0.023786,0.200000,0.862745,0.050467,0.000000,0.299065,1.000000,1.000000,0.000000,-0.000992,0.500000,0
0.000000,0.328947,0.996711,1.000000,0.000000,0.237103,0.500000,0.110119,0.000000,-0.600000,-0.666667,0.049057,0.000000,0.301887,1.000000,1.000000,0.000000,0.110119,0.500000,0
0.000000,0.331148,0.996721,1.000000,0.000000,0.046627,0.500000,0.110119,0.053512,0.200000,0.078431,0.046519,0.000000,0.306962,1.000000,1.000000,0.000000,0.110119,0.500000,0
0.000000,0.352349,0.996644,1.000000,0.000000,0.491071,0.500000,0.110119,0.284281,0.200000,-0.117647,0.049057,0.004000,0.301887,1.000000,1.000000,0.002000,0.110119,0.500000,0
0.004000,0.353135,1.000000,1.000000,0.002000,0.999008,0.500000,0.014881,0.506546,0.600000,-0.784314,0.045886,0.000000,0.306962,0.996835,1.000000,0.000000,0.014881,0.500000,0
0.000000,0.335548,0.996678,1.000000,0.000000,0.237103,0.500000,0.999008,0.000000,1.000000,0.431373,0.048910,0.004000,0.302181,1.000000,1.000000,0.002000,0.999008,0.500000,0
0.000000,0.343234,0.996700,1.000000,0.000000,0.014881,0.500000,0.999008,0.000000,-1.000000,0.921569,0.051393,0.004000,0.297214,1.000000,1.000000,0.002000,0.999008,0.500000,0
0.000000,0.338870,0.996678,1.000000,0.000000,0.491071,0.500000,0.491071,0.962963,1.000000,-0.078431,0.049530,0.004000,0.300940,1.000000,1.000000,0.002000,0.491071,0.500000,0
0.000000,0.325733,0.996743,1.000000,0.000000,0.110119,0.500000,0.046627,0.411030,0.200000,-0.725490,0.050629,0.000000,0.298742,1.000000,1.000000,0.000000,0.046627,0.500000,0
0.000000,0.332237,0.996711,1.000000,0.000000,0.237103,0.500000,0.491071,0.651072,0.200000,0.137255,0.049057,0.000000,0.301887,1.000000,1.000000,0.000000,0.491071,0.500000,0
0.000000,0.299065,1.000000,1.000000,0.000000,-0.000992,0.500000,0.237103,0.413524,0.600000,0.803922,0.053420,0.000000,0.293160,1.000000,1.000000,0.000000,0.237103,0.500000,0
0.000000,0.301887,1.000000,1.000000,0.000000,0.110119,0.500000,-0.000992,0.911794,-0.200000,0.313725,0.052941,0.000000,0.294118,1.000000,1.000000,0.000000,-0.000992,0.500000,0
0.000000,0.306962,1.000000,1.000000,0.000000,0.110119,0.500000,0.110119,0.901895,-0.600000,0.000000,0.053420,0.000000,0.293160,1.000000,1.000000,0.000000,0.110119,0.500000,0
0.004000,0.301887,1.000000,1.000000,0.002000,0.110119,0.500000,0.046627,0.068678,-0.200000,-1.000000,0.054369,0.000000,0.291262,1.000000,1.000000,0.000000,0.046627,0.500000,0
0.000000,0.306962,0.996835,1.000000,0.000000,0.014881,0.500000,0.491071,0.000000,1.000000,-0.333333,0.052459,0.000000,0.295082,1.000000,1.000000,0.000000,0.491071,0.500000,0
0.004000,0.302181,1.000000,1.000000,0.002000,0.999008,0.500000,0.237103,0.136541,-0.200000,-0.862745,0.053618,0.000000,0.292763,1.000000,1.000000,0.000000,0.237103,0.500000,0
0.004000,0.297214,1.000000,1.000000,0.002000,0.999008,0.500000,0.110119,0.328874,-1.000000,0.745098,0.047682,0.000000,0.304636,1.000000,1.000000,0.000000,0.110119,0.500000,0
0.004000,0.300940,1.000000,1.000000,0.002000,0.491071,0.500000,0.014881,0.000000,0.200000,0.980392,0.052649,0.000000,0.294702,1.000000,1.000000,0.000000,0.014881,0.500000,0
0.000000,0.298742,1.000000,1.000000,0.000000,0.046627,0.500000,0.110119,0.028986,-0.200000,0.411765,0.054098,0.000000,0.291803,1.000000,1.000000,0.000000,0.110119,0.500000,0
0.000000,0.301887,1.000000,1.000000,0.000000,0.491071,0.500000,0.491071,0.329435,-1.000000,-0.568627,0.056452,0.000000,0.287097,1.000000,1.000000,0.000000,0.491071,0.500000,0
0.000000,0.293160,1.000000,1.000000,0.000000,0.237103,0.500000,-0.000992,0.304262,0.200000,-0.960784,0.025688,0.000000,0.348624,1.000000,1.000000,0.000000,-0.000992,0.500000,0
0.000000,0.294118,1.000000,1.000000,0.000000,-0.000992,0.500000,0.999008,0.000000,-0.600000,-0.686275,0.015217,0.004000,0.369565,1.000000,1.000000,0.002000,0.999008,0.500000,0
0.000000,0.293160,1.000000,1.000000,0.000000,0.110119,0.500000,0.110119,0.168339,1.000000,-0.411765,0.021429,0.004000,0.357143,1.000000,1.000000,0.002000,0.110119,0.500000,0
0.000000,0.291262,1.000000,1.000000,0.000000,0.046627,0.500000,0.110119,0.695652,0.200000,-0.647059,0.021875,0.000000,0.356250,1.000000,1.000000,0.000000,0.110119,0.500000,0
0.000000,0.295082,1.000000,1.000000,0.000000,0.491071,0.500000,0.110119,0.374582,0.200000,0.862745,0.019749,0.000000,0.360502,1.000000,1.000000,0.000000,0.110119,0.500000,0
0.000000,0.292763,1.000000,1.000000,0.000000,0.237103,0.500000,0.491071,0.161793,0.200000,0.529412,0.016614,0.000000,0.366771,1.000000,1.000000,0.000000,0.491071,0.500000,0
0.000000,0.304636,1.000000,1.000000,0.000000,0.110119,0.500000,-0.000992,0.043608,-1.000000,0.215686,0.023438,0.000000,0.353125,1.000000,1.000000,0.000000,-0.000992,0.500000,0
0.000000,0.294702,1.000000,1.000000,0.000000,0.014881,0.500000,0.014881,0.445116,0.600000,-0.823529,0.022884,0.000000,0.354232,1.000000,1.000000,0.000000,0.014881,0.500000,0
0.000000,0.291803,1.000000,1.000000,0.000000,0.110119,0.500000,-0.000992,0.452924,1.000000,-0.254902,0.020755,0.000000,0.358491,1.000000,1.000000,0.000000,-0.000992,0.500000,0
0.000000,0.287097,1.000000,1.000000,0.000000,0.491071,0.500000,0.491071,0.366472,0.600000,-0.549020,0.023529,0.000000,0.352941,1.000000,1.000000,0.000000,0.491071,0.500000,0
0.000000,0.348624,1.000000,1.000000,0.000000,-0.000992,0.500000,0.046627,0.967742,-1.000000,-0.941176,0.059016,0.000000,0.281967,1.000000,1.000000,0.000000,0.046627,0.500000,0
0.004000,0.369565,1.000000,1.000000,0.002000,0.999008,0.500000,0.491071,0.000000,-0.600000,0.117647,0.054949,0.000000,0.290102,1.000000,1.000000,0.000000,0.491071,0.500000,0
0.004000,0.357143,1.000000,1.000000,0.002000,0.110119,0.500000,0.110119,0.701226,0.600000,-0.431373,0.054949,0.000000,0.290102,1.000000,1.000000,0.000000,0.110119,0.500000,0
0.000000,0.356250,1.000000,1.000000,0.000000,0.110119,0.500000,0.491071,0.000000,-0.200000,-0.980392,0.053821,0.000000,0.292359,1.000000,1.000000,0.000000,0.491071,0.500000,0
0.000000,0.360502,1.000000,1.000000,0.000000,0.110119,0.500000,0.237103,0.654096,1.000000,0.450980,0.054237,0.000000,0.291525,1.000000,1.000000,0.000000,0.237103,0.500000,0
0.000000,0.366771,1.000000,1.000000,0.000000,0.491071,0.500000,-0.000992,0.067393,1.000000,0.705882,0.053741,0.000000,0.292517,1.000000,1.000000,0.000000,-0.000992,0.500000,0
0.000000,0.353125,1.000000,1.000000,0.000000,-0.000992,0.500000,0.999008,0.000000,1.000000,0.294118,0.051852,0.000000,0.296296,1.000000,1.000000,0.000000,0.999008,0.500000,0
0.000000,0.354232,1.000000,1.000000,0.000000,0.014881,0.500000,0.491071,0.000000,-1.000000,-0.215686,0.055000,0.000000,0.290000,1.000000,1.000000,0.000000,0.491071,0.500000,0
0.000000,0.358491,1.000000,1.000000,0.000000,-0.000992,0.500000,0.999008,0.000000,-1.000000,0.470588,0.057143,0.004000,0.285714,1.000000,1.000000,0.002000,0.999008,0.500000,0
0.000000,0.352941,1.000000,1.000000,0.000000,0.491071,0.500000,0.999008,0.000000,1.000000,0.666667,0.057143,0.000000,0.285714,1.000000,1.000000,0.000000,0.999008,0.500000,0
0.000000,0.281967,1.000000,1.000000,0.000000,0.046627,0.500000,0.491071,0.235867,0.200000,-0.705882,0.056495,0.000000,0.287009,1.000000,1.000000,0.000000,0.491071,0.500000,0
0.000000,0.290102,1.000000,1.000000,0.000000,0.491071,0.500000,0.014881,0.464250,-0.600000,-0.098039,0.053659,0.000000,0.292683,1.000000,1.000000,0.000000,0.014881,0.500000,0
0.000000,0.290102,1.000000,1.000000,0.000000,0.110119,0.500000,0.237103,0.752926,1.000000,0.784314,0.057357,0.004000,0.285285,1.000000,1.000000,0.002000,0.237103,0.500000,0
0.000000,0.292359,1.000000,1.000000,0.000000,0.491071,0.500000,0.999008,0.000000,0.600000,0.921569,0.055422,0.004000,0.289157,1.000000,1.000000,0.002000,0.999008,0.500000,0
0.000000,0.291525,1.000000,1.000000,0.000000,0.237103,0.500000,0.110119,0.923077,-0.600000,-0.294118,0.053659,0.000000,0.292683,1.000000,1.000000,0.000000,0.110119,0.500000,0
0.000000,0.292517,1.000000,1.000000,0.000000,-0.000992,0.500000,0.014881,0.475327,-1.000000,0.627451,0.055224,0.000000,0.289552,1.000000,1.000000,0.000000,0.014881,0.500000,0
0.000000,0.296296,1.000000,1.000000,0.000000,0.999008,0.500000,0.046627,0.334027,-0.600000,0.901961,0.046970,0.000000,0.306061,1.000000,1.000000,0.000000,0.046627,0.500000,0
0.000000,0.290000,1.000000,1.000000,0.000000,0.491071,0.500000,0.110119,0.622074,-0.200000,0.019608,0.056932,0.000000,0.286136,1.000000,1.000000,0.000000,0.110119,0.500000,0
0.004000,0.285714,1.000000,1.000000,0.002000,0.999008,0.500000,0.046627,0.555671,0.200000,-0.901961,0.058631,0.000000,0.282738,1.000000,1.000000,0.000000,0.046627,0.500000,0
0.000000,0.285714,1.000000,1.000000,0.000000,0.999008,0.500000,0.046627,0.840791,-1.000000,-0.529412,0.059050,0.000000,0.281899,1.000000,1.000000,0.000000,0.046627,0.500000,0
0.000000,0.287009,1.000000,1.000000,0.000000,0.491071,0.500000,0.999008,0.000000,1.000000,-0.627451,0.052381,0.004000,0.295238,1.000000,1.000000,0.002000,0.999008,0.500000,0
0.000000,0.292683,1.000000,1.000000,0.000000,0.014881,0.500000,0.110119,0.584169,1.000000,0.549020,0.048534,0.000000,0.302932,1.000000,1.000000,0.000000,0.110119,0.500000,0
0.004000,0.285285,1.000000,1.000000,0.002000,0.237103,0.500000,0.110119,0.633222,-1.000000,-0.764706,0.046906,0.000000,0.306189,1.000000,1.000000,0.000000,0.110119,0.500000,0
0.004000,0.289157,1.000000,1.000000,0.002000,0.999008,0.500000,0.491071,0.000000,-1.000000,-0.941176,0.048243,0.000000,0.303514,1.000000,1.000000,0.000000,0.491071,0.500000,0
0.000000,0.292683,1.000000,1.000000,0.000000,0.110119,0.500000,0.046627,0.995838,-0.200000,-0.352941,0.046906,0.000000,0.306189,1.000000,1.000000,0.000000,0.046627,0.500000,0
0.000000,0.289552,1.000000,1.000000,0.000000,0.014881,0.500000,0.491071,0.000000,0.200000,0.725490,0.050000,0.000000,0.300000,1.000000,1.000000,0.000000,0.491071,0.500000,0
0.000000,0.306061,1.000000,1.000000,0.000000,0.046627,0.500000,0.999008,0.000000,-0.200000,-0.156863,0.048875,0.000000,0.302251,1.000000,1.000000,0.000000,0.999008,0.500000,0
0.000000,0.286136,1.000000,1.000000,0.000000,0.110119,0.500000,0.014881,0.939577,-1.000000,-0.235294,0.048039,0.000000,0.303922,1.000000,1.000000,0.000000,0.014881,0.500000,0
0.000000,0.282738,1.000000,1.000000,0.000000,0.046627,0.500000,0.999008,0.000000,0.200000,-0.372549,0.040909,0.000000,0.318182,1.000000,1.000000,0.000000,0.999008,0.500000,0
0.000000,0.281899,1.000000,1.000000,0.000000,0.046627,0.500000,0.237103,0.481144,0.600000,-0.372549,0.049026,0.000000,0.301948,1.000000,1.000000,0.000000,0.237103,0.500000,0
0.004000,0.295238,1.000000,1.000000,0.002000,0.999008,0.500000,0.110119,0.406912,0.600000,-0.313725,0.054938,0.000000,0.290123,1.000000,1.000000,0.000000,0.110119,0.500000,0
0.000000,0.302932,1.000000,1.000000,0.000000,0.110119,0.500000,0.110119,0.688963,0.600000,0.078431,0.054938,0.000000,0.290123,1.000000,1.000000,0.000000,0.110119,0.500000,0
0.000000,0.306189,1.000000,1.000000,0.000000,0.110119,0.500000,0.110119,0.018952,0.600000,-0.509804,0.047692,0.000000,0.304615,1.000000,1.000000,0.000000,0.110119,0.500000,0
0.000000,0.303514,1.000000,1.000000,0.000000,0.491071,0.500000,0.491071,0.000000,-0.200000,0.431373,0.050153,0.000000,0.299694,1.000000,1.000000,0.000000,0.491071,0.500000,0
0.000000,0.306189,1.000000,1.000000,0.000000,0.046627,0.500000,0.491071,0.019493,0.600000,-0.549020,0.051852,0.000000,0.296296,1.000000,1.000000,0.000000,0.491071,0.500000,0
0.000000,0.300000,1.000000,1.000000,0.000000,0.491071,0.500000,0.014881,0.888218,1.000000,0.725490,0.052941,0.000000,0.294118,1.000000,1.000000,0.000000,0.014881,0.500000,0
0.000000,0.302251,1.000000,1.000000,0.000000,0.999008,0.500000,-0.000992,0.929633,0.200000,-0.705882,0.051515,0.000000,0.296970,1.000000,1.000000,0.000000,-0.000992,0.500000,0
0.000000,0.303922,1.000000,1.000000,0.000000,0.014881,0.500000,0.999008,0.000000,-0.200000,0.000000,0.046154,0.004000,0.307692,1.000000,1.000000,0.002000,0.999008,0.500000,0
0.000000,0.318182,1.000000,1.000000,0.000000,0.999008,0.500000,0.046627,0.841831,-0.600000,0.078431,0.055623,0.000000,0.288754,1.000000,1.000000,0.000000,0.046627,0.500000,0
0.000000,0.301948,1.000000,1.000000,0.000000,0.237103,0.500000,0.491071,0.000000,-0.200000,0.470588,0.055828,0.004000,0.288344,1.000000,1.000000,0.002000,0.491071,0.500000,0
0.000000,0.290123,1.000000,1.000000,0.000000,0.110119,0.500000,-0.000992,0.137760,-0.600000,-0.274510,0.062342,0.000000,0.275316,1.000000,1.000000,0.000000,-0.000992,0.500000,0
0.000000,0.290123,1.000000,1.000000,0.000000,0.110119,0.500000,0.491071,0.000000,-1.000000,0.941176,0.061199,0.000000,0.277603,1.000000,1.000000,0.000000,0.491071,0.500000,0
0.000000,0.304615,1.000000,1.000000,0.000000,0.110119,0.500000,0.014881,0.604230,0.200000,0.862745,0.062620,0.000000,0.274760,1.000000,1.000000,0.000000,0.014881,0.500000,0
0.000000,0.299694,1.000000,1.000000,0.000000,0.491071,0.500000,0.110119,0.855072,-0.600000,0.647059,0.064780,0.000000,0.270440,1.000000,1.000000,0.000000,0.110119,0.500000,0
0.000000,0.296296,1.000000,1.000000,0.000000,0.491071,0.500000,0.046627,0.271592,0.200000,0.980392,0.061465,0.000000,0.277070,1.000000,1.000000,0.000000,0.046627,0.500000,0
0.000000,0.294118,1.000000,1.000000,0.000000,0.014881,0.500000,0.046627,0.416233,0.200000,-0.372549,0.054167,0.000000,0.291667,1.000000,1.000000,0.000000,0.046627,0.500000,0
0.000000,0.296970,1.000000,1.000000,0.000000,-0.000992,0.500000,-0.000992,0.881070,-0.200000,-0.764706,0.064217,0.000000,0.271565,1.000000,1.000000,0.000000,-0.000992,0.500000,0
0.004000,0.307692,1.000000,1.000000,0.002000,0.999008,0.500000,0.491071,0.746589,0.600000,-0.941176,0.059621,0.000000,0.280757,1.000000,1.000000,0.000000,0.491071,0.500000,0
0.000000,0.288754,1.000000,1.000000,0.000000,0.046627,0.500000,0.014881,0.976838,-1.000000,-0.470588,0.057372,0.000000,0.285256,1.000000,1.000000,0.000000,0.014881,0.500000,0
0.004000,0.288344,1.000000,1.000000,0.002000,0.491071,0.500000,0.046627,0.609781,0.200000,-0.705882,0.061290,0.000000,0.277419,1.000000,1.000000,0.000000,0.046627,0.500000,0
0.000000,0.275316,1.000000,1.000000,0.000000,-0.000992,0.500000,-0.000992,0.796829,0.600000,0.333333,0.047826,0.000000,0.304348,1.000000,1.000000,0.000000,-0.000992,0.500000,0
0.000000,0.277603,1.000000,1.000000,0.000000,0.491071,0.500000,0.046627,0.376691,0.600000,-0.254902,0.046939,0.000000,0.306122,1.000000,1.000000,0.000000,0.046627,0.500000,0
0.000000,0.274760,1.000000,1.000000,0.000000,0.014881,0.500000,-0.000992,0.516353,1.000000,0.980392,0.047384,0.000000,0.305233,1.000000,1.000000,0.000000,-0.000992,0.500000,0
0.000000,0.270440,1.000000,1.000000,0.000000,0.110119,0.500000,0.491071,0.000000,0.600000,0.117647,0.042407,0.004000,0.315186,1.000000,1.000000,0.002000,0.491071,0.500000,0
0.000000,0.277070,1.000000,1.000000,0.000000,0.046627,0.500000,0.237103,0.000000,-0.600000,0.392157,0.046939,0.000000,0.306122,1.000000,1.000000,0.000000,0.237103,0.500000,0
0.000000,0.291667,1.000000,1.000000,0.000000,0.046627,0.500000,0.237103,0.000000,-0.200000,0.333333,0.047826,0.004000,0.304348,1.000000,1.000000,0.002000,0.237103,0.500000,0
0.000000,0.271565,1.000000,1.000000,0.000000,-0.000992,0.500000,0.014881,0.839879,1.000000,0.941176,0.046491,0.000000,0.307018,1.000000,1.000000,0.000000,0.014881,0.500000,0
0.000000,0.280757,1.000000,1.000000,0.000000,0.491071,0.500000,0.237103,0.284785,-0.600000,0.745098,0.045029,0.000000,0.309942,1.000000,1.000000,0.000000,0.237103,0.500000,0
0.000000,0.285256,1.000000,1.000000,0.000000,0.014881,0.500000,0.014881,0.137966,-1.000000,0.313725,0.039650,0.000000,0.320700,1.000000,1.000000,0.000000,0.014881,0.500000,0
0.000000,0.277419,1.000000,1.000000,0.000000,0.046627,0.500000,0.110119,0.000000,-0.200000,0.647059,0.046939,0.000000,0.306122,1.000000,1.000000,0.000000,0.110119,0.500000,0
0.000000,0.304348,1.000000,1.000000,0.000000,-0.000992,0.500000,-0.000992,0.690783,-1.000000,0.941176,0.066771,0.000000,0.266458,1.000000,1.000000,0.000000,-0.000992,0.500000,0
0.000000,0.306122,1.000000,1.000000,0.000000,0.046627,0.500000,0.237103,0.790637,1.000000,-0.529412,0.065625,0.000000,0.268750,1.000000,1.000000,0.000000,0.237103,0.500000,0
0.000000,0.305233,1.000000,1.000000,0.000000,-0.000992,0.500000,0.014881,0.293051,-0.600000,0.352941,0.066771,0.000000,0.266458,1.000000,1.000000,0.000000,0.014881,0.500000,0
0.004000,0.315186,1.000000,1.000000,0.002000,0.491071,0.500000,0.237103,0.065020,1.000000,-0.823529,0.066460,0.000000,0.267081,1.000000,1.000000,0.000000,0.237103,0.500000,0
0.000000,0.306122,1.000000,1.000000,0.000000,0.237103,0.500000,-0.000992,0.558969,-0.600000,0.196078,0.066873,0.000000,0.266254,1.000000,1.000000,0.000000,-0.000992,0.500000,0
0.004000,0.304348,1.000000,1.000000,0.002000,0.237103,0.500000,0.014881,0.380665,-0.600000,0.784314,0.066352,0.000000,0.267296,1.000000,1.000000,0.000000,0.014881,0.500000,0
0.000000,0.307018,1.000000,1.000000,0.000000,0.014881,0.500000,0.491071,0.000000,0.600000,-0.921569,0.060182,0.000000,0.279635,1.000000,1.000000,0.000000,0.491071,0.500000,0
0.000000,0.309942,1.000000,1.000000,0.000000,0.237103,0.500000,0.491071,0.000000,0.200000,-0.156863,0.064063,0.000000,0.271875,1.000000,1.000000,0.000000,0.491071,0.500000,0
0.000000,0.320700,1.000000,1.000000,0.000000,0.014881,0.500000,0.999008,0.000000,-1.000000,0.901961,0.063777,0.000000,0.272446,1.000000,1.000000,0.000000,0.999008,0.500000,0
0.000000,0.306122,1.000000,1.000000,0.000000,0.110119,0.500000,0.110119,0.571906,0.600000,0.156863,0.067188,0.000000,0.265625,1.000000,1.000000,0.000000,0.110119,0.500000,0
0.000000,0.266458,1.000000,1.000000,0.000000,-0.000992,0.500000,0.046627,0.936524,-0.200000,0.215686,0.078049,0.000000,0.243902,1.000000,1.000000,0.000000,0.046627,0.500000,0
0.000000,0.268750,1.000000,1.000000,0.000000,0.237103,0.500000,0.046627,0.970864,0.600000,-0.137255,0.076161,0.000000,0.247678,1.000000,1.000000,0.000000,0.046627,0.500000,0
0.000000,0.266458,1.000000,1.000000,0.000000,0.014881,0.500000,0.999008,0.000000,1.000000,-1.000000,0.072727,0.004000,0.254545,1.000000,1.000000,0.002000,0.999008,0.500000,0
0.000000,0.267081,1.000000,1.000000,0.000000,0.237103,0.500000,0.046627,0.752341,1.000000,0.647059,0.072642,0.000000,0.254717,1.000000,1.000000,0.000000,0.046627,0.500000,0
0.000000,0.266254,1.000000,1.000000,0.000000,-0.000992,0.500000,0.491071,0.000000,-0.600000,-0.705882,0.060759,0.000000,0.278481,1.000000,1.000000,0.000000,0.491071,0.500000,0
0.000000,0.267296,1.000000,1.000000,0.000000,0.014881,0.500000,0.046627,0.438085,0.200000,0.549020,0.073041,0.000000,0.253918,1.000000,1.000000,0.000000,0.046627,0.500000,0
0.000000,0.279635,1.000000,1.000000,0.000000,0.491071,0.500000,0.491071,0.943470,0.200000,-0.117647,0.070370,0.004000,0.259259,1.000000,1.000000,0.002000,0.491071,0.500000,0
0.000000,0.271875,1.000000,1.000000,0.000000,0.491071,0.500000,0.014881,0.037261,0.600000,0.450980,0.072671,0.000000,0.254658,1.000000,1.000000,0.000000,0.014881,0.500000,0
0.000000,0.272446,1.000000,1.000000,0.000000,0.999008,0.500000,0.110119,0.648829,-0.200000,-0.941176,0.075385,0.000000,0.249231,1.000000,1.000000,0.000000,0.110119,0.500000,0
0.000000,0.265625,1.000000,1.000000,0.000000,0.110119,0.500000,0.046627,0.802289,-1.000000,0.705882,0.072642,0.000000,0.254717,1.000000,1.000000,0.000000,0.046627,0.500000,0
0.000000,0.243902,1.000000,1.000000,0.000000,0.046627,0.500000,0.110119,0.337793,-0.600000,0.372549,0.032740,0.000000,0.334520,1.000000,1.000000,0.000000,-0.000992,0.500000,0
0.000000,0.247678,1.000000,1.000000,0.000000,0.046627,0.500000,0.237103,0.089727,0.600000,-1.000000,0.033333,0.000000,0.333333,1.000000,1.000000,0.000000,-0.000992,0.500000,0
0.004000,0.254545,1.000000,1.000000,0.002000,0.999008,0.500000,0.999008,0.000000,-1.000000,0.039216,0.036842,0.000000,0.326316,1.000000,1.000000,0.000000,-0.000992,0.500000,0
0.000000,0.254717,1.000000,1.000000,0.000000,0.046627,0.500000,0.491071,0.099415,-0.200000,-0.352941,0.042756,0.000000,0.314488,1.000000,1.000000,0.000000,-0.000992,0.500000,0
0.000000,0.278481,1.000000,1.000000,0.000000,0.491071,0.500000,0.014881,0.167170,-0.200000,-0.215686,0.038596,0.000000,0.322807,1.000000,1.000000,0.000000,-0.000992,0.500000,0
0.000000,0.253918,1.000000,1.000000,0.000000,0.046627,0.500000,0.491071,0.664717,-0.200000,-0.725490,0.038028,0.000000,0.323944,1.000000,1.000000,0.000000,-0.000992,0.500000,0
0.004000,0.259259,1.000000,1.000000,0.002000,0.491071,0.500000,0.110119,0.036789,-1.000000,-0.372549,0.035714,0.000000,0.328571,1.000000,1.000000,0.000000,-0.000992,0.500000,0
0.000000,0.254658,1.000000,1.000000,0.000000,0.014881,0.500000,0.237103,0.383615,1.000000,0.901961,0.038078,0.000000,0.323843,1.000000,1.000000,0.000000,-0.000992,0.500000,0
0.000000,0.249231,1.000000,1.000000,0.000000,0.110119,0.500000,0.110119,0.948718,0.200000,-0.588235,0.035125,0.000000,0.329749,1.000000,1.000000,0.000000,-0.000992,0.500000,0
0.000000,0.254717,1.000000,1.000000,0.000000,0.046627,0.500000,-0.000992,0.584737,-0.200000,-0.549020,0.036331,0.000000,0.327338,1.000000,1.000000,0.000000,-0.000992,0.500000,0
0.000000,0.334520,1.000000,1.000000,0.000000,-0.000992,0.500000,0.999008,0.000000,0.600000,-0.745098,-0.001613,0.000000,0.403226,1.000000,1.000000,0.000000,-0.000992,0.500000,0
0.000000,0.333333,1.000000,1.000000,0.000000,-0.000992,0.500000,0.491071,0.931774,0.200000,0.549020,-0.001613,0.000000,0.403226,1.000000,1.000000,0.000000,-0.000992,0.500000,0
0.000000,0.326316,1.000000,1.000000,0.000000,-0.000992,0.500000,0.999008,0.000000,-0.200000,0.039216,-0.000321,0.000000,0.400641,1.000000,1.000000,0.000000,-0.000992,0.500000,0
0.000000,0.314488,1.000000,1.000000,0.000000,-0.000992,0.500000,-0.000992,0.052527,-1.000000,0.941176,0.000643,0.000000,0.398714,1.000000,1.000000,0.000000,-0.000992,0.500000,0
0.000000,0.322807,1.000000,1.000000,0.000000,-0.000992,0.500000,0.999008,0.000000,-0.600000,-0.529412,-0.004545,0.000000,0.409091,1.000000,1.000000,0.000000,-0.000992,0.500000,0
0.000000,0.323944,1.000000,1.000000,0.000000,-0.000992,0.500000,0.110119,0.833891,-0.600000,0.843137,0.000643,0.000000,0.398714,1.000000,1.000000,0.000000,-0.000992,0.500000,0
0.000000,0.328571,1.000000,1.000000,0.000000,-0.000992,0.500000,0.046627,0.108221,0.200000,0.509804,0.003226,0.000000,0.393548,1.000000,1.000000,0.000000,-0.000992,0.500000,0
0.000000,0.323843,1.000000,1.000000,0.000000,-0.000992,0.500000,0.491071,0.000000,-0.200000,0.725490,0.003859,0.000000,0.392283,1.000000,1.000000,0.000000,-0.000992,0.500000,0
0.000000,0.329749,1.000000,1.000000,0.000000,-0.000992,0.500000,0.014881,0.846928,-0.600000,-0.882353,0.000971,0.000000,0.398058,1.000000,1.000000,0.000000,-0.000992,0.500000,0
0.000000,0.327338,1.000000,1.000000,0.000000,-0.000992,0.500000,0.046627,0.957336,-0.600000,0.588235,0.002885,0.000000,0.394231,1.000000,1.000000,0.000000,-0.000992,0.500000,0
0.000000,0.403226,1.000000,1.000000,0.000000,-0.000992,0.500000,0.110119,0.819398,-0.200000,-0.784314,0.023529,0.000000,0.352941,1.000000,1.000000,0.000000,-0.000992,0.500000,0
0.000000,0.403226,1.000000,1.000000,0.000000,-0.000992,0.500000,-0.000992,0.834490,0.200000,-0.058824,0.018182,0.000000,0.363636,1.000000,1.000000,0.000000,-0.000992,0.500000,0
0.000000,0.400641,1.000000,1.000000,0.000000,-0.000992,0.500000,0.014881,0.647533,-0.200000,-0.549020,0.021429,0.000000,0.357143,1.000000,1.000000,0.000000,-0.000992,0.500000,0
0.000000,0.398714,1.000000,1.000000,0.000000,-0.000992,0.500000,0.491071,0.000000,0.200000,0.117647,0.023529,0.000000,0.352941,1.000000,1.000000,0.000000,-0.000992,0.500000,0
0.000000,0.409091,1.000000,1.000000,0.000000,-0.000992,0.500000,-0.000992,0.875124,1.000000,0.215686,0.018352,0.000000,0.363296,1.000000,1.000000,0.000000,-0.000992,0.500000,0
0.000000,0.398714,1.000000,1.000000,0.000000,-0.000992,0.500000,0.046627,0.834547,-1.000000,0.607843,0.021033,0.000000,0.357934,1.000000,1.000000,0.000000,-0.000992,0.500000,0
0.000000,0.393548,1.000000,1.000000,0.000000,-0.000992,0.500000,0.046627,0.062435,0.200000,-0.784314,0.023636,0.000000,0.352727,1.000000,1.000000,0.000000,-0.000992,0.500000,0
0.000000,0.392283,1.000000,1.000000,0.000000,-0.000992,0.500000,0.237103,0.000000,-0.200000,-0.882353,0.021970,0.000000,0.356061,1.000000,1.000000,0.000000,-0.000992,0.500000,0
0.000000,0.398058,1.000000,1.000000,0.000000,-0.000992,0.500000,0.014881,0.458207,0.600000,-0.058824,0.018702,0.000000,0.362595,1.000000,1.000000,0.000000,-0.000992,0.500000,0
0.000000,0.394231,1.000000,1.000000,0.000000,-0.000992,0.500000,0.999008,0.000000,-0.200000,0.627451,0.023970,0.000000,0.352060,1.000000,1.000000,0.000000,-0.000992,0.500000,0
0.000000,0.352941,1.000000,1.000000,0.000000,-0.000992,0.500000,0.999008,0.000000,0.200000,0.431373,0.012292,0.000000,0.375415,1.000000,1.000000,0.000000,-0.000992,0.500000,0
0.000000,0.363636,1.000000,1.000000,0.000000,-0.000992,0.500000,0.491071,0.298246,-1.000000,0.647059,0.013333,0.000000,0.373333,1.000000,1.000000,0.000000,-0.000992,0.500000,0
0.000000,0.357143,1.000000,1.000000,0.000000,-0.000992,0.500000,-0.000992,0.626363,-0.600000,0.666667,0.012081,0.000000,0.375839,1.000000,1.000000,0.000000,-0.000992,0.500000,0
0.000000,0.352941,1.000000,1.000000,0.000000,-0.000992,0.500000,0.491071,0.000000,-0.200000,-0.862745,0.008970,0.000000,0.382060,1.000000,1.000000,0.000000,-0.000992,0.500000,0
0.000000,0.363296,1.000000,1.000000,0.000000,-0.000992,0.500000,0.110119,0.887402,0.600000,0.156863,0.007432,0.000000,0.385135,1.000000,1.000000,0.000000,-0.000992,0.500000,0
0.000000,0.357934,1.000000,1.000000,0.000000,-0.000992,0.500000,0.999008,0.000000,-0.200000,0.215686,0.010403,0.000000,0.379195,1.000000,1.000000,0.000000,-0.000992,0.500000,0
0.000000,0.352727,1.000000,1.000000,0.000000,-0.000992,0.500000,0.014881,0.736153,0.200000,-0.725490,-0.001342,0.000000,0.402685,1.000000,1.000000,0.000000,-0.000992,0.500000,0
0.000000,0.356061,1.000000,1.000000,0.000000,-0.000992,0.500000,0.999008,0.000000,1.000000,-0.098039,0.005743,0.000000,0.388514,1.000000,1.000000,0.000000,-0.000992,0.500000,0
0.000000,0.362595,1.000000,1.000000,0.000000,-0.000992,0.500000,0.110119,0.127090,0.200000,-0.117647,0.008725,0.000000,0.382550,1.000000,1.000000,0.000000,-0.000992,0.500000,0
0.000000,0.352060,1.000000,1.000000,0.000000,-0.000992,0.500000,0.491071,0.522417,1.000000,0.784314,0.011881,0.000000,0.376238,1.000000,1.000000,0.000000,-0.000992,0.500000,0
0.000000,0.375415,1.000000,1.000000,0.000000,-0.000992,0.500000,0.237103,0.672302,0.600000,-0.588235,0.006452,0.000000,0.387097,1.000000,1.000000,0.000000,-0.000992,0.500000,0
0.000000,0.373333,1.000000,1.000000,0.000000,-0.000992,0.500000,0.014881,0.745217,0.600000,-0.215686,0.006452,0.000000,0.387097,1.000000,1.000000,0.000000,-0.000992,0.500000,0
0.000000,0.375839,1.000000,1.000000,0.000000,-0.000992,0.500000,0.110119,0.555184,-1.000000,-0.549020,0.010526,0.000000,0.378947,1.000000,1.000000,0.000000,-0.000992,0.500000,0
0.000000,0.382060,1.000000,1.000000,0.000000,-0.000992,0.500000,0.237103,0.837451,0.600000,-0.686275,0.013589,0.000000,0.372822,1.000000,1.000000,0.000000,-0.000992,0.500000,0
0.000000,0.385135,1.000000,1.000000,0.000000,-0.000992,0.500000,0.014881,0.936556,1.000000,-0.725490,0.008244,0.000000,0.383513,1.000000,1.000000,0.000000,-0.000992,0.500000,0
0.000000,0.379195,1.000000,1.000000,0.000000,-0.000992,0.500000,0.046627,0.996878,-0.600000,-0.666667,0.008244,0.000000,0.383513,1.000000,1.000000,0.000000,-0.000992,0.500000,0
0.000000,0.402685,1.000000,1.000000,0.000000,-0.000992,0.500000,0.110119,0.090301,0.600000,-0.686275,0.008244,0.000000,0.383513,1.000000,1.000000,0.000000,-0.000992,0.500000,0
0.000000,0.388514,1.000000,1.000000,0.000000,-0.000992,0.500000,-0.000992,0.161546,-0.200000,-0.274510,0.007143,0.000000,0.385714,1.000000,1.000000,0.000000,-0.000992,0.500000,0
0.000000,0.382550,1.000000,1.000000,0.000000,-0.000992,0.500000,0.999008,0.000000,-1.000000,-0.235294,0.009609,0.000000,0.380783,1.000000,1.000000,0.000000,-0.000992,0.500000,0
0.000000,0.376238,1.000000,1.000000,0.000000,-0.000992,0.500000,0.237103,0.552666,1.000000,-0.117647,0.007143,0.000000,0.385714,1.000000,1.000000,0.000000,-0.000992,0.500000,0
0.000000,0.387097,1.000000,1.000000,0.000000,-0.000992,0.500000,0.999008,0.000000,-0.200000,0.901961,0.023232,0.000000,0.353535,1.000000,1.000000,0.000000,-0.000992,0.500000,0
0.000000,0.387097,1.000000,1.000000,0.000000,-0.000992,0.500000,-0.000992,0.267592,-0.200000,0.352941,0.019113,0.000000,0.361775,1.000000,1.000000,0.000000,-0.000992,0.500000,0
0.000000,0.378947,1.000000,1.000000,0.000000,-0.000992,0.500000,0.491071,0.000000,0.600000,0.882353,0.021306,0.000000,0.357388,1.000000,1.000000,0.000000,-0.000992,0.500000,0
0.000000,0.372822,1.000000,1.000000,0.000000,-0.000992,0.500000,0.237103,0.507152,-1.000000,0.274510,0.015700,0.000000,0.368601,1.000000,1.000000,0.000000,-0.000992,0.500000,0
0.000000,0.383513,1.000000,1.000000,0.000000,-0.000992,0.500000,0.110119,0.774805,1.000000,-0.843137,0.017708,0.000000,0.364583,1.000000,1.000000,0.000000,-0.000992,0.500000,0
0.000000,0.383513,1.000000,1.000000,0.000000,-0.000992,0.500000,0.999008,0.000000,-0.600000,-0.627451,0.015331,0.000000,0.369338,1.000000,1.000000,0.000000,-0.000992,0.500000,0
0.000000,0.383513,1.000000,1.000000,0.000000,-0.000992,0.500000,0.999008,0.000000,0.600000,0.803922,0.022635,0.000000,0.354730,1.000000,1.000000,0.000000,-0.000992,0.500000,0
0.000000,0.385714,1.000000,1.000000,0.000000,-0.000992,0.500000,0.110119,0.681159,-1.000000,-0.490196,0.018815,0.000000,0.362369,1.000000,1.000000,0.000000,-0.000992,0.500000,0
0.000000,0.380783,1.000000,1.000000,0.000000,-0.000992,0.500000,0.491071,0.000000,1.000000,0.882353,0.017708,0.000000,0.364583,1.000000,1.000000,0.000000,-0.000992,0.500000,0
0.000000,0.385714,1.000000,1.000000,0.000000,-0.000992,0.500000,0.014881,0.845921,0.200000,-0.901961,0.021429,0.000000,0.357143,1.000000,1.000000,0.000000,-0.000992,0.500000,0
0.000000,0.353535,1.000000,1.000000,0.000000,-0.000992,0.500000,0.046627,0.563996,-1.000000,-0.176471,0.013869,0.000000,0.372263,1.000000,1.000000,0.000000,-0.000992,0.500000,0
0.000000,0.361775,1.000000,1.000000,0.000000,-0.000992,0.500000,0.110119,0.965440,0.600000,-0.196078,0.015412,0.000000,0.369176,1.000000,1.000000,0.000000,-0.000992,0.500000,0
0.000000,0.357388,1.000000,1.000000,0.000000,-0.000992,0.500000,-0.000992,0.736373,-0.600000,0.627451,0.015693,0.000000,0.368613,1.000000,1.000000,0.000000,-0.000992,0.500000,0
0.000000,0.368601,1.000000,1.000000,0.000000,-0.000992,0.500000,-0.000992,0.776016,0.200000,0.235294,0.018841,0.000000,0.362319,1.000000,1.000000,0.000000,-0.000992,0.500000,0
0.000000,0.364583,1.000000,1.000000,0.000000,-0.000992,0.500000,0.014881,0.878147,1.000000,-0.019608,0.017518,0.000000,0.364964,1.000000,1.000000,0.000000,-0.000992,0.500000,0
0.000000,0.369338,1.000000,1.000000,0.000000,-0.000992,0.500000,-0.000992,0.451933,1.000000,0.549020,0.017518,0.000000,0.364964,1.000000,1.000000,0.000000,-0.000992,0.500000,0
0.000000,0.354730,1.000000,1.000000,0.000000,-0.000992,0.500000,0.110119,0.386845,0.600000,0.117647,0.022064,0.000000,0.355872,1.000000,1.000000,0.000000,-0.000992,0.500000,0
0.000000,0.362369,1.000000,1.000000,0.000000,-0.000992,0.500000,0.046627,0.160250,0.600000,-0.117647,0.020922,0.000000,0.358156,1.000000,1.000000,0.000000,-0.000992,0.500000,0
0.000000,0.364583,1.000000,1.000000,0.000000,-0.000992,0.500000,0.110119,0.000000,-0.200000,-0.372549,0.019788,0.000000,0.360424,1.000000,1.000000,0.000000,-0.000992,0.500000,0
0.000000,0.357143,1.000000,1.000000,0.000000,-0.000992,0.500000,0.999008,0.000000,-1.000000,-0.156863,0.011594,0.000000,0.376812,1.000000,1.000000,0.000000,-0.000992,0.500000,0
0.000000,0.372263,1.000000,1.000000,0.000000,-0.000992,0.500000,0.237103,0.555267,0.600000,0.313725,0.009677,0.000000,0.380645,1.000000,1.000000,0.000000,-0.000992,0.500000,0
0.000000,0.369176,1.000000,1.000000,0.000000,-0.000992,0.500000,0.999008,0.000000,-0.600000,0.686275,0.008544,0.000000,0.382911,1.000000,1.000000,0.000000,-0.000992,0.500000,0
0.000000,0.368613,1.000000,1.000000,0.000000,-0.000992,0.500000,0.110119,0.222965,-0.200000,0.549020,0.009061,0.000000,0.381877,1.000000,1.000000,0.000000,-0.000992,0.500000,0
0.000000,0.362319,1.000000,1.000000,0.000000,-0.000992,0.500000,0.014881,0.348439,-0.200000,-0.980392,0.010897,0.000000,0.378205,1.000000,1.000000,0.000000,-0.000992,0.500000,0
0.000000,0.364964,1.000000,1.000000,0.000000,-0.000992,0.500000,0.110119,0.371237,-0.200000,0.431373,0.010680,0.000000,0.378641,1.000000,1.000000,0.000000,-0.000992,0.500000,0
0.000000,0.364964,1.000000,1.000000,0.000000,-0.000992,0.500000,0.014881,0.766365,1.000000,-0.941176,0.011290,0.000000,0.377419,1.000000,1.000000,0.000000,-0.000992,0.500000,0
0.000000,0.355872,1.000000,1.000000,0.000000,-0.000992,0.500000,0.046627,0.645161,-0.600000,0.392157,0.008442,0.000000,0.383117,1.000000,1.000000,0.000000,-0.000992,0.500000,0
0.000000,0.358156,1.000000,1.000000,0.000000,-0.000992,0.500000,0.491071,0.000000,1.000000,0.490196,0.009061,0.000000,0.381877,1.000000,1.000000,0.000000,-0.000992,0.500000,0
0.000000,0.360424,1.000000,1.000000,0.000000,-0.000992,0.500000,0.491071,0.000000,-1.000000,0.960784,0.002251,0.000000,0.395498,1.000000,1.000000,0.000000,-0.000992,0.500000,0
0.000000,0.376812,1.000000,1.000000,0.000000,-0.000992,0.500000,-0.000992,0.897919,1.000000,0.764706,0.004918,0.000000,0.390164,1.000000,1.000000,0.000000,-0.000992,0.500000,0
0.000000,0.380645,1.000000,1.000000,0.000000,-0.000992,0.500000,0.491071,0.939571,-1.000000,-0.137255,0.019257,0.000000,0.361486,1.000000,1.000000,0.000000,-0.000992,0.500000,0
0.000000,0.382911,1.000000,1.000000,0.000000,-0.000992,0.500000,0.491071,0.000000,-0.200000,-1.000000,0.018644,0.000000,0.362712,1.000000,1.000000,0.000000,-0.000992,0.500000,0
0.000000,0.381877,1.000000,1.000000,0.000000,-0.000992,0.500000,0.046627,0.045786,0.600000,-0.313725,0.009524,0.000000,0.380952,1.000000,1.000000,0.000000,-0.000992,0.500000,0
0.000000,0.378205,1.000000,1.000000,0.000000,-0.000992,0.500000,0.110119,0.903010,-1.000000,0.470588,0.018027,0.000000,0.363946,1.000000,1.000000,0.000000,-0.000992,0.500000,0
0.000000,0.378641,1.000000,1.000000,0.000000,-0.000992,0.500000,0.237103,0.022107,0.200000,0.941176,0.018027,0.000000,0.363946,1.000000,1.000000,0.000000,-0.000992,0.500000,0
0.000000,0.377419,1.000000,1.000000,0.000000,-0.000992,0.500000,0.014881,0.370594,-1.000000,0.450980,0.014433,0.000000,0.371134,1.000000,1.000000,0.000000,-0.000992,0.500000,0
0.000000,0.383117,1.000000,1.000000,0.000000,-0.000992,0.500000,0.110119,0.000000,1.000000,-0.568627,0.019113,0.000000,0.361775,1.000000,1.000000,0.000000,-0.000992,0.500000,0
0.000000,0.381877,1.000000,1.000000,0.000000,-0.000992,0.500000,0.237103,0.000000,-1.000000,0.784314,0.012925,0.000000,0.374150,1.000000,1.000000,0.000000,-0.000992,0.500000,0
0.000000,0.395498,1.000000,1.000000,0.000000,-0.000992,0.500000,0.237103,0.733420,-0.600000,0.745098,0.015700,0.000000,0.368601,1.000000,1.000000,0.000000,-0.000992,0.500000,0
0.000000,0.390164,1.000000,1.000000,0.000000,-0.000992,0.500000,0.046627,0.973985,0.200000,-0.117647,0.018493,0.000000,0.363014,1.000000,1.000000,0.000000,-0.000992,0.500000,0
0.000000,0.361486,1.000000,1.000000,0.000000,-0.000992,0.500000,0.491071,0.000000,-1.000000,-0.215686,0.026563,0.000000,0.346875,1.000000,1.000000,0.000000,-0.000992,0.500000,0
0.000000,0.362712,1.000000,1.000000,0.000000,-0.000992,0.500000,0.110119,0.646600,-0.200000,0.196078,0.027586,0.000000,0.344828,1.000000,1.000000,0.000000,-0.000992,0.500000,0
0.000000,0.380952,1.000000,1.000000,0.000000,-0.000992,0.500000,0.237103,0.000000,-0.600000,-0.882353,0.026563,0.000000,0.346875,1.000000,1.000000,0.000000,-0.000992,0.500000,0
0.000000,0.363946,1.000000,1.000000,0.000000,-0.000992,0.500000,0.046627,0.930281,1.000000,0.352941,0.021429,0.000000,0.357143,1.000000,1.000000,0.000000,-0.000992,0.500000,0
0.000000,0.363946,1.000000,1.000000,0.000000,-0.000992,0.500000,0.046627,0.940687,0.200000,0.294118,0.024367,0.000000,0.351266,1.000000,1.000000,0.000000,-0.000992,0.500000,0
0.000000,0.371134,1.000000,1.000000,0.000000,-0.000992,0.500000,0.237103,0.273082,0.600000,0.882353,0.016038,0.000000,0.367925,1.000000,1.000000,0.000000,-0.000992,0.500000,0
0.000000,0.361775,1.000000,1.000000,0.000000,-0.000992,0.500000,0.999008,0.000000,0.600000,-0.705882,0.023899,0.000000,0.352201,1.000000,1.000000,0.000000,-0.000992,0.500000,0
0.000000,0.374150,1.000000,1.000000,0.000000,-0.000992,0.500000,0.237103,0.355007,1.000000,-0.725490,0.023344,0.000000,0.353312,1.000000,1.000000,0.000000,-0.000992,0.500000,0
0.000000,0.368601,1.000000,1.000000,0.000000,-0.000992,0.500000,-0.000992,0.393459,-0.200000,-0.058824,0.026498,0.000000,0.347003,1.000000,1.000000,0.000000,-0.000992,0.500000,0
0.000000,0.363014,1.000000,1.000000,0.000000,-0.000992,0.500000,0.014881,0.420947,0.600000,-0.764706,0.025949,0.000000,0.348101,1.000000,1.000000,0.000000,-0.000992,0.500000,0
0.000000,0.346875,1.000000,1.000000,0.000000,-0.000992,0.500000,0.014881,0.148036,-1.000000,-0.333333,0.055263,0.000000,0.289474,1.000000,1.000000,0.000000,-0.000992,0.500000,0
0.000000,0.344828,1.000000,1.000000,0.000000,-0.000992,0.500000,0.999008,0.000000,-0.200000,-0.196078,0.052159,0.000000,0.295681,1.000000,1.000000,0.000000,-0.000992,0.500000,0
0.000000,0.346875,1.000000,1.000000,0.000000,-0.000992,0.500000,0.491071,0.922027,-1.000000,0.784314,0.052159,0.000000,0.295681,1.000000,1.000000,0.000000,-0.000992,0.500000,0
0.000000,0.357143,1.000000,1.000000,0.000000,-0.000992,0.500000,0.110119,0.315496,-0.600000,0.686275,0.054515,0.000000,0.290970,1.000000,1.000000,0.000000,-0.000992,0.500000,0
0.000000,0.351266,1.000000,1.000000,0.000000,-0.000992,0.500000,0.046627,0.532778,-1.000000,0.000000,0.052349,0.000000,0.295302,1.000000,1.000000,0.000000,-0.000992,0.500000,0
0.000000,0.367925,1.000000,1.000000,0.000000,-0.000992,0.500000,0.110119,0.736901,0.600000,0.725490,0.052349,0.000000,0.295302,1.000000,1.000000,0.000000,-0.000992,0.500000,0
0.000000,0.352201,1.000000,1.000000,0.000000,-0.000992,0.500000,0.110119,0.678930,-0.200000,-0.960784,0.050498,0.000000,0.299003,1.000000,1.000000,0.000000,-0.000992,0.500000,0
0.000000,0.353312,1.000000,1.000000,0.000000,-0.000992,0.500000,0.110119,0.449275,-0.600000,-0.647059,0.053821,0.000000,0.292359,1.000000,1.000000,0.000000,-0.000992,0.500000,0
0.000000,0.347003,1.000000,1.000000,0.000000,-0.000992,0.500000,-0.000992,0.104063,-1.000000,-0.686275,0.053535,0.000000,0.292929,1.000000,1.000000,0.000000,-0.000992,0.500000,0
0.000000,0.348101,1.000000,1.000000,0.000000,-0.000992,0.500000,0.999008,0.000000,-0.600000,-0.568627,0.054515,0.000000,0.290970,1.000000,1.000000,0.000000,-0.000992,0.500000,0
0.000000,0.289474,1.000000,1.000000,0.000000,-0.000992,0.500000,0.110119,0.723523,0.600000,0.960784,0.036890,0.000000,0.326220,1.000000,1.000000,0.000000,-0.000992,0.500000,0
0.000000,0.295681,1.000000,1.000000,0.000000,-0.000992,0.500000,0.237103,0.054616,0.600000,0.137255,0.030816,0.000000,0.338369,1.000000,1.000000,0.000000,-0.000992,0.500000,0
0.000000,0.295681,1.000000,1.000000,0.000000,-0.000992,0.500000,0.491071,0.021442,0.200000,0.333333,0.037386,0.000000,0.325228,1.000000,1.000000,0.000000,-0.000992,0.500000,0
0.000000,0.290970,1.000000,1.000000,0.000000,-0.000992,0.500000,0.046627,0.329865,-1.000000,0.352941,0.033841,0.000000,0.332317,1.000000,1.000000,0.000000,-0.000992,0.500000,0
0.000000,0.295302,1.000000,1.000000,0.000000,-0.000992,0.500000,0.491071,0.000000,1.000000,0.725490,0.036890,0.000000,0.326220,1.000000,1.000000,0.000000,-0.000992,0.500000,0
0.000000,0.295302,1.000000,1.000000,0.000000,-0.000992,0.500000,0.046627,0.066597,-0.600000,-0.313725,0.033841,0.000000,0.332317,1.000000,1.000000,0.000000,-0.000992,0.500000,0
0.000000,0.299003,1.000000,1.000000,0.000000,-0.000992,0.500000,0.110119,0.109253,0.200000,0.333333,0.036890,0.000000,0.326220,1.000000,1.000000,0.000000,-0.000992,0.500000,0
0.000000,0.292359,1.000000,1.000000,0.000000,-0.000992,0.500000,0.491071,0.692008,-0.200000,-0.784314,0.038369,0.000000,0.323263,1.000000,1.000000,0.000000,-0.000992,0.500000,0
0.000000,0.292929,1.000000,1.000000,0.000000,-0.000992,0.500000,0.999008,0.000000,1.000000,0.921569,0.026748,0.000000,0.346505,1.000000,1.000000,0.000000,-0.000992,0.500000,0
0.000000,0.290970,1.000000,1.000000,0.000000,-0.000992,0.500000,0.999008,0.000000,-1.000000,-0.411765,0.033333,0.000000,0.333333,1.000000,1.000000,0.000000,-0.000992,0.500000,0
0.000000,0.326220,1.000000,1.000000,0.000000,-0.000992,0.500000,0.999008,0.000000,1.000000,-0.941176,0.060841,0.000000,0.278317,1.000000,1.000000,0.000000,-0.000992,0.500000,0
0.000000,0.338369,1.000000,1.000000,0.000000,-0.000992,0.500000,0.046627,0.826223,1.000000,-0.313725,0.054730,0.000000,0.290541,1.000000,1.000000,0.000000,-0.000992,0.500000,0
0.000000,0.325228,1.000000,1.000000,0.000000,-0.000992,0.500000,0.999008,0.000000,0.200000,-0.254902,0.052349,0.000000,0.295302,1.000000,1.000000,0.000000,-0.000992,0.500000,0
0.000000,0.332317,1.000000,1.000000,0.000000,-0.000992,0.500000,-0.000992,0.244797,-0.600000,0.490196,0.044595,0.000000,0.310811,1.000000,1.000000,0.000000,-0.000992,0.500000,0
0.000000,0.326220,1.000000,1.000000,0.000000,-0.000992,0.500000,0.491071,0.976608,0.600000,0.901961,0.049662,0.000000,0.300676,1.000000,1.000000,0.000000,-0.000992,0.500000,0
0.000000,0.332317,1.000000,1.000000,0.000000,-0.000992,0.500000,0.046627,0.674298,0.200000,-0.941176,0.053135,0.000000,0.293729,1.000000,1.000000,0.000000,-0.000992,0.500000,0
0.000000,0.326220,1.000000,1.000000,0.000000,-0.000992,0.500000,0.999008,0.000000,0.200000,0.352941,0.051171,0.000000,0.297659,1.000000,1.000000,0.000000,-0.000992,0.500000,0
0.000000,0.323263,1.000000,1.000000,0.000000,-0.000992,0.500000,-0.000992,0.138751,-1.000000,0.941176,0.051536,0.000000,0.296928,1.000000,1.000000,0.000000,-0.000992,0.500000,0
0.000000,0.346505,1.000000,1.000000,0.000000,-0.000992,0.500000,0.110119,0.960981,-0.600000,0.431373,0.050340,0.000000,0.299320,1.000000,1.000000,0.000000,-0.000992,0.500000,0
0.000000,0.333333,1.000000,1.000000,0.000000,-0.000992,0.500000,0.110119,0.295429,1.000000,0.098039,0.052041,0.000000,0.295918,1.000000,1.000000,0.000000,-0.000992,0.500000,0
0.000000,0.278317,1.000000,1.000000,0.000000,-0.000992,0.500000,0.237103,0.132640,0.600000,0.921569,0.043558,0.000000,0.312883,1.000000,1.000000,0.000000,-0.000992,0.500000,0
0.000000,0.290541,1.000000,1.000000,0.000000,-0.000992,0.500000,0.999008,0.000000,-0.200000,-0.647059,0.038957,0.000000,0.322086,1.000000,1.000000,0.000000,-0.000992,0.500000,0
0.000000,0.295302,1.000000,1.000000,0.000000,-0.000992,0.500000,0.014881,0.000000,0.200000,0.745098,0.038957,0.000000,0.322086,1.000000,1.000000,0.000000,-0.000992,0.500000,0
0.000000,0.310811,1.000000,1.000000,0.000000,-0.000992,0.500000,-0.000992,0.156591,-1.000000,0.000000,0.045092,0.000000,0.309816,1.000000,1.000000,0.000000,-0.000992,0.500000,0
0.000000,0.300676,1.000000,1.000000,0.000000,-0.000992,0.500000,0.014881,0.748238,-0.600000,0.294118,0.043558,0.000000,0.312883,1.000000,1.000000,0.000000,-0.000992,0.500000,0
0.000000,0.293729,1.000000,1.000000,0.000000,-0.000992,0.500000,-0.000992,0.611497,1.000000,-0.156863,0.045092,0.000000,0.309816,1.000000,1.000000,0.000000,-0.000992,0.500000,0
0.000000,0.297659,1.000000,1.000000,0.000000,-0.000992,0.500000,0.110119,0.936455,0.200000,-0.627451,0.040426,0.000000,0.319149,1.000000,1.000000,0.000000,-0.000992,0.500000,0
0.000000,0.296928,1.000000,1.000000,0.000000,-0.000992,0.500000,-0.000992,0.122894,0.600000,0.294118,0.045092,0.000000,0.309816,1.000000,1.000000,0.000000,-0.000992,0.500000,0
0.000000,0.299320,1.000000,1.000000,0.000000,-0.000992,0.500000,0.999008,0.000000,-0.200000,-0.960784,0.033837,0.000000,0.332326,1.000000,1.000000,0.000000,-0.000992,0.500000,0
0.000000,0.295918,1.000000,1.000000,0.000000,-0.000992,0.500000,0.046627,0.412071,-0.200000,0.019608,0.045092,0.000000,0.309816,1.000000,1.000000,0.000000,-0.000992,0.500000,0
0.000000,0.312883,1.000000,1.000000,0.000000,-0.000992,0.500000,0.999008,0.000000,0.200000,-0.470588,0.063924,0.000000,0.272152,1.000000,1.000000,0.000000,-0.000992,0.500000,0
0.000000,0.322086,1.000000,1.000000,0.000000,-0.000992,0.500000,0.014881,0.373615,0.200000,0.980392,0.059935,0.000000,0.280130,1.000000,1.000000,0.000000,-0.000992,0.500000,0
0.000000,0.322086,1.000000,1.000000,0.000000,-0.000992,0.500000,-0.000992,0.355798,-0.200000,0.725490,0.059935,0.000000,0.280130,1.000000,1.000000,0.000000,-0.000992,0.500000,0
0.000000,0.309816,1.000000,1.000000,0.000000,-0.000992,0.500000,0.999008,0.000000,-0.600000,0.627451,0.053698,0.000000,0.292605,1.000000,1.000000,0.000000,-0.000992,0.500000,0
0.000000,0.312883,1.000000,1.000000,0.000000,-0.000992,0.500000,0.999008,0.000000,-1.000000,0.000000,0.059677,0.000000,0.280645,1.000000,1.000000,0.000000,-0.000992,0.500000,0
0.000000,0.309816,1.000000,1.000000,0.000000,-0.000992,0.500000,0.110119,0.365663,0.600000,0.607843,0.057377,0.000000,0.285246,1.000000,1.000000,0.000000,-0.000992,0.500000,0
0.000000,0.319149,1.000000,1.000000,0.000000,-0.000992,0.500000,0.046627,0.597294,-0.200000,0.529412,0.059016,0.000000,0.281967,1.000000,1.000000,0.000000,-0.000992,0.500000,0
0.000000,0.309816,1.000000,1.000000,0.000000,-0.000992,0.500000,0.491071,0.415205,-1.000000,0.431373,0.054098,0.000000,0.291803,1.000000,1.000000,0.000000,-0.000992,0.500000,0
0.000000,0.332326,1.000000,1.000000,0.000000,-0.000992,0.500000,0.046627,0.371488,0.600000,-0.019608,0.060656,0.000000,0.278689,1.000000,1.000000,0.000000,-0.000992,0.500000,0
0.000000,0.309816,1.000000,1.000000,0.000000,-0.000992,0.500000,0.491071,0.000000,-0.200000,0.352941,0.062903,0.000000,0.274194,1.000000,1.000000,0.000000,-0.000992,0.500000,0
0.000000,0.272152,1.000000,1.000000,0.000000,-0.000992,0.500000,0.237103,0.537061,-1.000000,-0.078431,0.044985,0.000000,0.310030,1.000000,1.000000,0.000000,-0.000992,0.500000,0
0.000000,0.280130,1.000000,1.000000,0.000000,-0.000992,0.500000,0.046627,0.698231,-1.000000,-0.705882,0.034365,0.000000,0.331269,1.000000,1.000000,0.000000,-0.000992,0.500000,0
0.000000,0.280130,1.000000,1.000000,0.000000,-0.000992,0.500000,0.491071,0.598441,1.000000,-0.490196,0.043465,0.000000,0.313070,1.000000,1.000000,0.000000,-0.000992,0.500000,0
0.000000,0.292605,1.000000,1.000000,0.000000,-0.000992,0.500000,0.014881,0.928499,-0.600000,0.725490,0.040625,0.000000,0.318750,1.000000,1.000000,0.000000,-0.000992,0.500000,0
0.000000,0.280645,1.000000,1.000000,0.000000,-0.000992,0.500000,0.237103,0.856957,0.200000,-0.254902,0.041121,0.000000,0.317757,1.000000,1.000000,0.000000,-0.000992,0.500000,0
0.000000,0.285246,1.000000,1.000000,0.000000,-0.000992,0.500000,0.110119,0.318841,0.200000,-1.000000,0.045092,0.000000,0.309816,1.000000,1.000000,0.000000,-0.000992,0.500000,0
0.000000,0.281967,1.000000,1.000000,0.000000,-0.000992,0.500000,0.491071,0.000000,0.600000,0.921569,0.033333,0.000000,0.333333,1.000000,1.000000,0.000000,-0.000992,0.500000,0
0.000000,0.291803,1.000000,1.000000,0.000000,-0.000992,0.500000,0.491071,0.000000,0.600000,0.352941,0.039564,0.000000,0.320872,1.000000,1.000000,0.000000,-0.000992,0.500000,0
0.000000,0.278689,1.000000,1.000000,0.000000,-0.000992,0.500000,0.237103,0.690507,1.000000,0.078431,0.037500,0.000000,0.325000,1.000000,1.000000,0.000000,-0.000992,0.500000,0
0.000000,0.274194,1.000000,1.000000,0.000000,-0.000992,0.500000,0.237103,0.092328,0.200000,0.764706,0.040625,0.000000,0.318750,1.000000,1.000000,0.000000,-0.000992,0.500000,0
0.000000,0.310030,1.000000,1.000000,0.000000,-0.000992,0.500000,0.046627,0.996878,-1.000000,-0.568627,0.047962,0.000000,0.304075,1.000000,1.000000,0.000000,-0.000992,0.500000,0
0.000000,0.331269,1.000000,1.000000,0.000000,-0.000992,0.500000,0.491071,0.000000,-0.200000,-0.450980,0.046395,0.000000,0.307210,1.000000,1.000000,0.000000,-0.000992,0.500000,0
0.000000,0.313070,1.000000,1.000000,0.000000,-0.000992,0.500000,-0.000992,0.789891,0.600000,-0.843137,0.050309,0.000000,0.299383,1.000000,1.000000,0.000000,-0.000992,0.500000,0
0.000000,0.318750,1.000000,1.000000,0.000000,-0.000992,0.500000,0.491071,0.306043,-1.000000,0.980392,0.042271,0.000000,0.315457,1.000000,1.000000,0.000000,-0.000992,0.500000,0
0.000000,0.317757,1.000000,1.000000,0.000000,-0.000992,0.500000,0.110119,0.938685,0.200000,-0.058824,0.051097,0.000000,0.297806,1.000000,1.000000,0.000000,-0.000992,0.500000,0
0.000000,0.309816,1.000000,1.000000,0.000000,-0.000992,0.500000,-0.000992,0.207136,0.600000,0.941176,0.049057,0.000000,0.301887,1.000000,1.000000,0.000000,-0.000992,0.500000,0
0.000000,0.333333,1.000000,1.000000,0.000000,-0.000992,0.500000,0.110119,0.779264,-0.600000,-0.215686,0.045426,0.000000,0.309148,1.000000,1.000000,0.000000,-0.000992,0.500000,0
0.000000,0.320872,1.000000,1.000000,0.000000,-0.000992,0.500000,0.237103,0.126138,-1.000000,-0.098039,0.047962,0.000000,0.304075,1.000000,1.000000,0.000000,-0.000992,0.500000,0
0.000000,0.325000,1.000000,1.000000,0.000000,-0.000992,0.500000,-0.000992,0.646184,-0.600000,0.705882,0.048726,0.000000,0.302548,1.000000,1.000000,0.000000,-0.000992,0.500000,0
0.000000,0.318750,1.000000,1.000000,0.000000,-0.000992,0.500000,0.110119,0.768116,1.000000,-0.274510,0.050629,0.000000,0.298742,1.000000,1.000000,0.000000,-0.000992,0.500000,0
0.000000,0.304075,1.000000,1.000000,0.000000,-0.000992,0.500000,0.046627,0.998959,1.000000,-0.862745,0.059091,0.000000,0.281818,1.000000,1.000000,0.000000,-0.000992,0.500000,0
0.000000,0.307210,1.000000,1.000000,0.000000,-0.000992,0.500000,0.491071,0.818713,-1.000000,0.784314,0.056928,0.000000,0.286145,1.000000,1.000000,0.000000,-0.000992,0.500000,0
0.000000,0.299383,1.000000,1.000000,0.000000,-0.000992,0.500000,0.237103,0.877763,-0.200000,-0.843137,0.059091,0.000000,0.281818,1.000000,1.000000,0.000000,-0.000992,0.500000,0
0.000000,0.315457,1.000000,1.000000,0.000000,-0.000992,0.500000,0.110119,0.138239,0.600000,0.235294,0.059091,0.000000,0.281818,1.000000,1.000000,0.000000,-0.000992,0.500000,0
0.000000,0.297806,1.000000,1.000000,0.000000,-0.000992,0.500000,0.491071,0.933723,-1.000000,0.313725,0.056061,0.000000,0.287879,1.000000,1.000000,0.000000,-0.000992,0.500000,0
0.000000,0.301887,1.000000,1.000000,0.000000,-0.000992,0.500000,0.110119,0.816054,0.200000,0.490196,0.053030,0.000000,0.293939,1.000000,1.000000,0.000000,-0.000992,0.500000,0
0.000000,0.309148,1.000000,1.000000,0.000000,-0.000992,0.500000,-0.000992,0.038652,0.600000,0.823529,0.058663,0.000000,0.282675,1.000000,1.000000,0.000000,-0.000992,0.500000,0
0.000000,0.304075,1.000000,1.000000,0.000000,-0.000992,0.500000,0.237103,0.876463,-0.600000,-0.509804,0.059281,0.000000,0.281437,1.000000,1.000000,0.000000,-0.000992,0.500000,0
0.000000,0.302548,1.000000,1.000000,0.000000,-0.000992,0.500000,0.237103,0.000000,-1.000000,-0.411765,0.057784,0.000000,0.284431,1.000000,1.000000,0.000000,-0.000992,0.500000,0
0.000000,0.298742,1.000000,1.000000,0.000000,-0.000992,0.500000,0.491071,0.896686,-0.600000,-0.803922,0.056083,0.000000,0.287834,1.000000,1.000000,0.000000,-0.000992,0.500000,0
0.000000,0.281818,1.000000,1.000000,0.000000,-0.000992,0.500000,0.110119,0.298774,0.200000,0.470588,0.042532,0.000000,0.314935,1.000000,1.000000,0.000000,-0.000992,0.500000,0
0.000000,0.286145,1.000000,1.000000,0.000000,-0.000992,0.500000,-0.000992,0.426165,-0.200000,0.411765,0.041935,0.000000,0.316129,1.000000,1.000000,0.000000,-0.000992,0.500000,0
0.000000,0.281818,1.000000,1.000000,0.000000,-0.000992,0.500000,0.491071,0.165692,1.000000,-0.039216,0.040323,0.000000,0.319355,1.000000,1.000000,0.000000,-0.000992,0.500000,0
0.000000,0.281818,1.000000,1.000000,0.000000,-0.000992,0.500000,-0.000992,0.974232,0.200000,-0.921569,0.046645,0.000000,0.306709,1.000000,1.000000,0.000000,-0.000992,0.500000,0
0.000000,0.287879,1.000000,1.000000,0.000000,-0.000992,0.500000,0.014881,0.949648,0.600000,-0.352941,0.046645,0.000000,0.306709,1.000000,1.000000,0.000000,-0.000992,0.500000,0
0.000000,0.293939,1.000000,1.000000,0.000000,-0.000992,0.500000,-0.000992,0.979187,0.600000,-0.313725,0.045277,0.000000,0.309446,1.000000,1.000000,0.000000,-0.000992,0.500000,0
0.000000,0.282675,1.000000,1.000000,0.000000,-0.000992,0.500000,-0.000992,0.755203,1.000000,0.215686,0.048387,0.000000,0.303226,1.000000,1.000000,0.000000,-0.000992,0.500000,0
0.000000,0.281437,1.000000,1.000000,0.000000,-0.000992,0.500000,0.999008,0.000000,0.200000,-0.607843,0.039286,0.000000,0.321429,1.000000,1.000000,0.000000,-0.000992,0.500000,0
0.000000,0.284431,1.000000,1.000000,0.000000,-0.000992,0.500000,0.014881,0.900302,0.200000,0.921569,0.034951,0.000000,0.330097,1.000000,1.000000,0.000000,-0.000992,0.500000,0
0.000000,0.287834,1.000000,1.000000,0.000000,-0.000992,0.500000,-0.000992,0.758176,-0.600000,0.549020,0.043137,0.000000,0.313725,1.000000,1.000000,0.000000,-0.000992,0.500000,0
0.000000,0.314935,1.000000,1.000000,0.000000,-0.000992,0.500000,0.491071,0.000000,-1.000000,0.627451,0.050144,0.000000,0.299712,1.000000,1.000000,0.000000,-0.000992,0.500000,0
0.000000,0.316129,1.000000,1.000000,0.000000,-0.000992,0.500000,0.110119,0.000000,-0.600000,-0.019608,0.049275,0.000000,0.301449,1.000000,1.000000,0.000000,-0.000992,0.500000,0
0.000000,0.319355,1.000000,1.000000,0.000000,-0.000992,0.500000,0.110119,0.713489,1.000000,0.529412,0.049275,0.000000,0.301449,1.000000,1.000000,0.000000,-0.000992,0.500000,0
0.000000,0.306709,1.000000,1.000000,0.000000,-0.000992,0.500000,0.046627,0.309053,0.200000,-0.823529,0.050725,0.000000,0.298551,1.000000,1.000000,0.000000,-0.000992,0.500000,0
0.000000,0.306709,1.000000,1.000000,0.000000,-0.000992,0.500000,0.110119,0.301003,-0.600000,0.235294,0.040580,0.000000,0.318841,1.000000,1.000000,0.000000,-0.000992,0.500000,0
0.000000,0.309446,1.000000,1.000000,0.000000,-0.000992,0.500000,0.237103,0.820546,0.200000,-0.882353,0.050000,0.000000,0.300000,1.000000,1.000000,0.000000,-0.000992,0.500000,0
0.000000,0.303226,1.000000,1.000000,0.000000,-0.000992,0.500000,0.491071,0.136452,-0.200000,0.392157,0.048266,0.000000,0.303468,1.000000,1.000000,0.000000,-0.000992,0.500000,0
0.000000,0.321429,1.000000,1.000000,0.000000,-0.000992,0.500000,-0.000992,0.629336,-1.000000,-0.372549,0.050725,0.000000,0.298551,1.000000,1.000000,0.000000,-0.000992,0.500000,0
0.000000,0.330097,1.000000,1.000000,0.000000,-0.000992,0.500000,0.237103,0.842653,1.000000,0.627451,0.046377,0.000000,0.307246,1.000000,1.000000,0.000000,-0.000992,0.500000,0
0.000000,0.313725,1.000000,1.000000,0.000000,-0.000992,0.500000,0.491071,0.781676,-0.200000,-0.901961,0.050852,0.000000,0.298295,1.000000,1.000000,0.000000,-0.000992,0.500000,0
0.000000,0.299712,1.000000,1.000000,0.000000,-0.000992,0.500000,0.046627,0.859521,0.600000,-0.254902,0.069969,0.000000,0.260062,1.000000,1.000000,0.000000,-0.000992,0.500000,0
0.000000,0.301449,1.000000,1.000000,0.000000,-0.000992,0.500000,0.046627,0.432882,-1.000000,-0.647059,0.066564,0.000000,0.266871,1.000000,1.000000,0.000000,-0.000992,0.500000,0
0.000000,0.301449,1.000000,1.000000,0.000000,-0.000992,0.500000,0.491071,0.021442,-1.000000,-0.588235,0.070370,0.000000,0.259259,1.000000,1.000000,0.000000,-0.000992,0.500000,0
0.000000,0.298551,1.000000,1.000000,0.000000,-0.000992,0.500000,0.491071,0.140351,-0.200000,-0.921569,0.076133,0.000000,0.247734,1.000000,1.000000,0.000000,-0.000992,0.500000,0
0.000000,0.318841,1.000000,1.000000,0.000000,-0.000992,0.500000,0.014881,0.122860,1.000000,0.176471,0.068750,0.000000,0.262500,1.000000,1.000000,0.000000,-0.000992,0.500000,0
0.000000,0.300000,1.000000,1.000000,0.000000,-0.000992,0.500000,0.110119,0.739130,-1.000000,-0.392157,0.070717,0.000000,0.258567,1.000000,1.000000,0.000000,-0.000992,0.500000,0
0.000000,0.303468,1.000000,1.000000,0.000000,-0.000992,0.500000,0.999008,0.000000,0.600000,0.960784,0.068098,0.000000,0.263804,1.000000,1.000000,0.000000,-0.000992,0.500000,0
0.000000,0.298551,1.000000,1.000000,0.000000,-0.000992,0.500000,0.110119,0.531773,0.200000,-0.490196,0.073457,0.000000,0.253086,1.000000,1.000000,0.000000,-0.000992,0.500000,0
0.000000,0.307246,1.000000,1.000000,0.000000,-0.000992,0.500000,-0.000992,0.042616,-1.000000,0.098039,0.071118,0.000000,0.257764,1.000000,1.000000,0.000000,-0.000992,0.500000,0
0.000000,0.298295,1.000000,1.000000,0.000000,-0.000992,0.500000,0.046627,0.411030,0.600000,0.450980,0.071517,0.000000,0.256966,1.000000,1.000000,0.000000,-0.000992,0.500000,0
0.000000,0.260062,1.000000,1.000000,0.000000,-0.000992,0.500000,0.491071,0.000000,-0.200000,-0.568627,0.079464,0.004000,0.241071,1.000000,1.000000,0.002000,0.491071,0.500000,0
0.000000,0.266871,1.000000,1.000000,0.000000,-0.000992,0.500000,0.046627,0.968783,0.200000,0.372549,0.078378,0.000000,0.243243,1.000000,1.000000,0.000000,0.046627,0.500000,0
0.000000,0.259259,1.000000,1.000000,0.000000,-0.000992,0.500000,0.999008,0.000000,1.000000,0.235294,0.070920,0.000000,0.258160,1.000000,1.000000,0.000000,0.999008,0.500000,0
0.000000,0.247734,1.000000,1.000000,0.000000,-0.000992,0.500000,0.491071,0.000000,1.000000,0.431373,0.077612,0.004000,0.244776,1.000000,1.000000,0.002000,0.491071,0.500000,0
0.000000,0.262500,1.000000,1.000000,0.000000,-0.000992,0.500000,-0.000992,0.930624,1.000000,-0.843137,0.076133,0.000000,0.247734,1.000000,1.000000,0.000000,-0.000992,0.500000,0
0.000000,0.258567,1.000000,1.000000,0.000000,-0.000992,0.500000,0.110119,0.539576,-0.200000,0.588235,0.078338,0.000000,0.243323,1.000000,1.000000,0.000000,0.110119,0.500000,0
0.000000,0.263804,1.000000,1.000000,0.000000,-0.000992,0.500000,0.999008,0.000000,-1.000000,-0.882353,0.079765,0.004000,0.240469,1.000000,1.000000,0.002000,0.999008,0.500000,0
0.000000,0.253086,1.000000,1.000000,0.000000,-0.000992,0.500000,0.999008,0.000000,1.000000,-0.392157,0.076855,0.004000,0.246291,1.000000,1.000000,0.002000,0.999008,0.500000,0
0.000000,0.257764,1.000000,1.000000,0.000000,-0.000992,0.500000,0.046627,0.880333,-1.000000,-0.019608,0.078012,0.000000,0.243976,1.000000,1.000000,0.000000,0.046627,0.500000,0
0.000000,0.256966,1.000000,1.000000,0.000000,-0.000992,0.500000,0.046627,0.561915,1.000000,0.882353,0.077644,0.000000,0.244713,1.000000,1.000000,0.000000,0.046627,0.500000,0
0.004000,0.241071,1.000000,1.000000,0.002000,0.491071,0.500000,0.014881,0.010070,0.200000,0.450980,0.020557,0.000000,0.358885,1.000000,1.000000,0.000000,0.014881,0.500000,0
0.000000,0.243243,1.000000,1.000000,0.000000,0.046627,0.500000,0.491071,0.000000,-0.200000,0.450980,0.021799,0.000000,0.356401,1.000000,1.000000,0.000000,0.491071,0.500000,0
0.000000,0.258160,1.000000,1.000000,0.000000,0.999008,0.500000,0.237103,0.845254,-0.200000,0.372549,0.021181,0.000000,0.357639,1.000000,1.000000,0.000000,0.237103,0.500000,0
0.004000,0.244776,1.000000,1.000000,0.002000,0.491071,0.500000,0.491071,0.000000,-0.600000,0.764706,0.022917,0.000000,0.354167,1.000000,1.000000,0.000000,0.491071,0.500000,0
0.000000,0.247734,1.000000,1.000000,0.000000,-0.000992,0.500000,0.999008,0.000000,-0.200000,0.313725,0.017241,0.000000,0.365517,1.000000,1.000000,0.000000,0.999008,0.500000,0
0.000000,0.243323,1.000000,1.000000,0.000000,0.110119,0.500000,0.491071,0.442495,0.200000,0.803922,0.014236,0.000000,0.371528,1.000000,1.000000,0.000000,0.491071,0.500000,0
0.004000,0.240469,1.000000,1.000000,0.002000,0.999008,0.500000,0.491071,0.000000,-0.600000,0.882353,0.014035,0.000000,0.371930,1.000000,1.000000,0.000000,0.491071,0.500000,0
0.004000,0.246291,1.000000,1.000000,0.002000,0.999008,0.500000,0.491071,0.345029,0.600000,0.392157,0.013589,0.000000,0.372822,1.000000,1.000000,0.000000,0.491071,0.500000,0
0.000000,0.243976,1.000000,1.000000,0.000000,0.046627,0.500000,0.237103,0.000000,0.600000,0.686275,0.018815,0.000000,0.362369,1.000000,1.000000,0.000000,0.237103,0.500000,0
0.000000,0.244713,1.000000,1.000000,0.000000,0.046627,0.500000,0.014881,0.124874,-0.600000,0.490196,0.016434,0.000000,0.367133,1.000000,1.000000,0.000000,0.014881,0.500000,0
0.000000,0.358885,1.000000,1.000000,0.000000,0.014881,0.500000,0.046627,0.146722,-0.600000,0.098039,-0.004248,0.000000,0.408497,1.000000,1.000000,0.000000,0.046627,0.500000,0
0.000000,0.356401,1.000000,1.000000,0.000000,0.491071,0.500000,0.110119,0.000000,-1.000000,-0.039216,-0.004918,0.000000,0.409836,1.000000,1.000000,0.000000,0.110119,0.500000,0
0.000000,0.357639,1.000000,1.000000,0.000000,0.237103,0.500000,0.110119,0.857302,0.200000,0.666667,-0.003583,0.004000,0.407166,1.000000,1.000000,0.002000,0.110119,0.500000,0
0.000000,0.354167,1.000000,1.000000,0.000000,0.491071,0.500000,-0.000992,0.415263,0.200000,-0.294118,-0.007237,0.000000,0.414474,1.000000,1.000000,0.000000,-0.000992,0.500000,0
0.000000,0.365517,1.000000,1.000000,0.000000,0.999008,0.500000,0.237103,0.607282,-0.200000,0.725490,-0.007792,0.000000,0.415584,1.000000,1.000000,0.000000,0.237103,0.500000,0
0.000000,0.371528,1.000000,1.000000,0.000000,0.491071,0.500000,0.046627,0.428720,-0.600000,-0.352941,-0.012171,0.000000,0.424342,1.000000,1.000000,0.000000,0.046627,0.500000,0
0.000000,0.371930,1.000000,1.000000,0.000000,0.491071,0.500000,0.046627,0.299688,-0.600000,-0.078431,-0.011921,0.000000,0.423841,1.000000,1.000000,0.000000,0.046627,0.500000,0
0.000000,0.372822,1.000000,1.000000,0.000000,0.491071,0.500000,-0.000992,0.943508,-0.600000,0.078431,-0.005882,0.000000,0.411765,1.000000,1.000000,0.000000,-0.000992,0.500000,0
0.000000,0.362369,1.000000,1.000000,0.000000,0.237103,0.500000,0.237103,0.867360,-0.200000,0.254902,-0.007237,0.000000,0.414474,1.000000,1.000000,0.000000,0.237103,0.500000,0
0.000000,0.367133,1.000000,1.000000,0.000000,0.014881,0.500000,0.014881,0.465257,0.200000,-0.490196,-0.007237,0.000000,0.414474,1.000000,1.000000,0.000000,0.014881,0.500000,0
0.000000,0.408497,1.000000,1.000000,0.000000,0.046627,0.500000,0.046627,0.740895,1.000000,0.137255,-0.013262,0.000000,0.426523,1.000000,1.000000,0.000000,0.046627,0.500000,0
0.000000,0.409836,1.000000,1.000000,0.000000,0.110119,0.500000,0.046627,0.285120,1.000000,0.921569,-0.017626,0.000000,0.435252,1.000000,1.000000,0.000000,0.046627,0.500000,0
0.004000,0.407166,1.000000,1.000000,0.002000,0.110119,0.500000,-0.000992,0.431120,1.000000,-0.686275,-0.014801,0.000000,0.429603,1.000000,1.000000,0.000000,-0.000992,0.500000,0
0.000000,0.414474,1.000000,1.000000,0.000000,-0.000992,0.500000,-0.000992,0.572844,1.000000,-0.882353,-0.007317,0.000000,0.414634,1.000000,1.000000,0.000000,-0.000992,0.500000,0
0.000000,0.415584,1.000000,1.000000,0.000000,0.237103,0.500000,0.046627,0.000000,0.200000,-0.647059,-0.022022,0.000000,0.444043,1.000000,1.000000,0.000000,0.046627,0.500000,0
0.000000,0.424342,1.000000,1.000000,0.000000,0.046627,0.500000,0.046627,0.018730,-0.600000,0.647059,-0.020217,0.000000,0.440433,1.000000,1.000000,0.000000,0.046627,0.500000,0
0.000000,0.423841,1.000000,1.000000,0.000000,0.046627,0.500000,0.014881,0.166163,-0.200000,-0.490196,-0.014029,0.000000,0.428058,1.000000,1.000000,0.000000,0.014881,0.500000,0
0.000000,0.411765,1.000000,1.000000,0.000000,-0.000992,0.500000,0.110119,0.749164,0.200000,0.647059,-0.013262,0.000000,0.426523,1.000000,1.000000,0.000000,0.110119,0.500000,0
0.000000,0.414474,1.000000,1.000000,0.000000,0.237103,0.500000,0.046627,0.151925,0.200000,0.686275,-0.020217,0.000000,0.440433,1.000000,1.000000,0.000000,0.046627,0.500000,0
0.000000,0.414474,1.000000,1.000000,0.000000,0.014881,0.500000,0.046627,0.713840,-0.600000,0.725490,-0.018412,0.000000,0.436823,1.000000,1.000000,0.000000,0.046627,0.500000,0
0.000000,0.426523,1.000000,1.000000,0.000000,0.046627,0.500000,0.999008,0.000000,-0.600000,0.019608,0.008442,0.000000,0.383117,1.000000,1.000000,0.000000,0.999008,0.500000,0
0.000000,0.435252,1.000000,1.000000,0.000000,0.046627,0.500000,-0.000992,0.268583,-1.000000,-0.705882,0.009836,0.000000,0.380328,1.000000,1.000000,0.000000,-0.000992,0.500000,0
0.000000,0.429603,1.000000,1.000000,0.000000,-0.000992,0.500000,0.014881,0.384693,-0.600000,0.137255,0.006931,0.000000,0.386139,1.000000,1.000000,0.000000,0.014881,0.500000,0
0.000000,0.414634,1.000000,1.000000,0.000000,-0.000992,0.500000,0.110119,0.625418,-0.600000,0.215686,0.007947,0.000000,0.384106,1.000000,1.000000,0.000000,0.110119,0.500000,0
0.000000,0.444043,1.000000,1.000000,0.000000,0.046627,0.500000,0.491071,0.964912,-0.200000,0.431373,0.001325,0.000000,0.397351,1.000000,1.000000,0.000000,0.491071,0.500000,0
0.000000,0.440433,1.000000,1.000000,0.000000,0.046627,0.500000,0.237103,0.357607,0.200000,-0.058824,0.006557,0.004000,0.386885,1.000000,1.000000,0.002000,0.237103,0.500000,0
0.000000,0.428058,1.000000,1.000000,0.000000,0.014881,0.500000,0.046627,0.421436,-0.200000,0.392157,0.009836,0.000000,0.380328,1.000000,1.000000,0.000000,0.046627,0.500000,0
0.000000,0.426523,1.000000,1.000000,0.000000,0.110119,0.500000,0.014881,0.075529,-0.200000,0.352941,-0.000669,0.000000,0.401338,1.000000,1.000000,0.000000,0.014881,0.500000,0
0.000000,0.440433,1.000000,1.000000,0.000000,0.046627,0.500000,-0.000992,0.321110,0.600000,0.039216,0.002980,0.000000,0.394040,1.000000,1.000000,0.000000,-0.000992,0.500000,0
0.000000,0.436823,1.000000,1.000000,0.000000,0.046627,0.500000,0.999008,0.000000,-0.600000,-0.274510,0.003630,0.000000,0.392739,1.000000,1.000000,0.000000,0.999008,0.500000,0
0.000000,0.383117,1.000000,1.000000,0.000000,0.999008,0.500000,-0.000992,0.449950,0.200000,-0.803922,0.004577,0.000000,0.390845,1.000000,1.000000,0.000000,-0.000992,0.500000,0
0.000000,0.380328,1.000000,1.000000,0.000000,-0.000992,0.500000,0.491071,0.282651,0.600000,0.333333,-0.000355,0.000000,0.400709,1.000000,1.000000,0.000000,0.491071,0.500000,0
0.000000,0.386139,1.000000,1.000000,0.000000,0.014881,0.500000,0.237103,0.275683,-0.200000,-0.901961,0.007958,0.000000,0.384083,1.000000,1.000000,0.000000,0.237103,0.500000,0
0.000000,0.384106,1.000000,1.000000,0.000000,0.110119,0.500000,0.237103,0.368010,-0.600000,-0.098039,0.005654,0.000000,0.388693,1.000000,1.000000,0.000000,0.237103,0.500000,0
0.000000,0.397351,1.000000,1.000000,0.000000,0.491071,0.500000,0.046627,0.619147,-0.200000,0.725490,-0.005776,0.000000,0.411552,1.000000,1.000000,0.000000,0.046627,0.500000,0
0.004000,0.386885,1.000000,1.000000,0.002000,0.237103,0.500000,-0.000992,0.366700,-1.000000,0.333333,-0.010145,0.000000,0.420290,1.000000,1.000000,0.000000,-0.000992,0.500000,0
0.000000,0.380328,1.000000,1.000000,0.000000,0.046627,0.500000,0.046627,0.616025,-0.200000,0.745098,-0.000717,0.000000,0.401434,1.000000,1.000000,0.000000,0.046627,0.500000,0
0.000000,0.401338,1.000000,1.000000,0.000000,0.014881,0.500000,0.014881,0.998993,1.000000,-0.039216,0.001786,0.000000,0.396429,1.000000,1.000000,0.000000,0.014881,0.500000,0
0.000000,0.394040,1.000000,1.000000,0.000000,-0.000992,0.500000,-0.000992,0.459861,0.200000,0.196078,-0.003237,0.000000,0.406475,1.000000,1.000000,0.000000,-0.000992,0.500000,0
0.000000,0.392739,1.000000,1.000000,0.000000,0.999008,0.500000,0.999008,0.000000,-1.000000,-0.862745,0.001754,0.004000,0.396491,1.000000,1.000000,0.002000,0.999008,0.500000,0
0.000000,0.390845,1.000000,1.000000,0.000000,-0.000992,0.500000,0.046627,0.911550,0.600000,0.176471,0.017568,0.000000,0.364865,1.000000,1.000000,0.000000,0.046627,0.500000,0
0.000000,0.400709,1.000000,1.000000,0.000000,0.491071,0.500000,0.014881,0.091641,-1.000000,-0.450980,0.016327,0.000000,0.367347,1.000000,1.000000,0.000000,0.014881,0.500000,0
0.000000,0.384083,1.000000,1.000000,0.000000,0.237103,0.500000,0.046627,0.224766,1.000000,0.058824,0.018027,0.000000,0.363946,1.000000,1.000000,0.000000,0.046627,0.500000,0
0.000000,0.388693,1.000000,1.000000,0.000000,0.237103,0.500000,0.491071,0.341131,0.200000,-0.882353,0.014381,0.004000,0.371237,1.000000,1.000000,0.002000,0.491071,0.500000,0
0.000000,0.411552,1.000000,1.000000,0.000000,0.046627,0.500000,0.237103,0.000000,1.000000,0.372549,0.012715,0.000000,0.374570,1.000000,1.000000,0.000000,0.237103,0.500000,0
0.000000,0.420290,1.000000,1.000000,0.000000,-0.000992,0.500000,-0.000992,0.855302,-0.200000,0.901961,0.015254,0.000000,0.369492,1.000000,1.000000,0.000000,-0.000992,0.500000,0
0.000000,0.401434,1.000000,1.000000,0.000000,0.046627,0.500000,0.491071,0.000000,-0.600000,-0.705882,0.011644,0.004000,0.376712,1.000000,1.000000,0.002000,0.491071,0.500000,0
0.000000,0.396429,1.000000,1.000000,0.000000,0.014881,0.500000,0.491071,0.990253,0.200000,-0.921569,0.016667,0.000000,0.366667,1.000000,1.000000,0.000000,0.491071,0.500000,0
0.000000,0.406475,1.000000,1.000000,0.000000,-0.000992,0.500000,0.999008,0.000000,-0.600000,0.843137,0.009932,0.004000,0.380137,1.000000,1.000000,0.002000,0.999008,0.500000,0
0.004000,0.396491,1.000000,1.000000,0.002000,0.999008,0.500000,0.999008,0.000000,0.200000,0.352941,0.011224,0.000000,0.377551,1.000000,1.000000,0.000000,0.999008,0.500000,0
0.000000,0.364865,1.000000,1.000000,0.000000,0.046627,0.500000,0.014881,0.682779,-0.200000,-0.941176,0.033798,0.000000,0.331010,0.996516,1.000000,0.000000,0.014881,0.500000,0
0.000000,0.367347,1.000000,1.000000,0.000000,0.014881,0.500000,0.237103,0.000000,0.600000,0.156863,0.029643,0.000000,0.339286,0.996429,1.000000,0.000000,0.237103,0.500000,0
0.000000,0.363946,1.000000,1.000000,0.000000,0.046627,0.500000,-0.000992,0.226957,-1.000000,0.470588,0.027240,0.000000,0.344086,0.996416,1.000000,0.000000,-0.000992,0.500000,0
0.004000,0.371237,1.000000,1.000000,0.002000,0.491071,0.500000,0.110119,0.525084,-1.000000,-0.588235,0.024820,0.000000,0.348921,0.996403,1.000000,0.000000,0.110119,0.500000,0
0.000000,0.374570,1.000000,1.000000,0.000000,0.237103,0.500000,0.237103,0.612484,0.200000,-0.921569,0.027915,0.000000,0.342756,0.996466,1.000000,0.000000,0.237103,0.500000,0
0.000000,0.369492,1.000000,1.000000,0.000000,-0.000992,0.500000,0.110119,0.967670,-1.000000,-0.392157,0.025448,0.000000,0.347670,0.996416,1.000000,0.000000,0.110119,0.500000,0
0.004000,0.376712,1.000000,1.000000,0.002000,0.491071,0.500000,0.999008,0.000000,0.200000,-0.176471,0.024910,0.004000,0.350181,1.000000,1.000000,0.002000,0.999008,0.500000,0
0.000000,0.366667,1.000000,1.000000,0.000000,0.491071,0.500000,0.237103,0.751625,-1.000000,0.764706,0.030824,0.000000,0.336918,0.996416,1.000000,0.000000,0.237103,0.500000,0
0.004000,0.380137,1.000000,1.000000,0.002000,0.999008,0.500000,0.999008,0.000000,-0.600000,0.000000,0.022500,0.000000,0.353571,0.996429,1.000000,0.000000,0.999008,0.500000,0
0.000000,0.377551,1.000000,1.000000,0.000000,0.999008,0.500000,0.014881,0.641490,-0.200000,0.039216,0.027240,0.000000,0.344086,0.996416,1.000000,0.000000,0.014881,0.500000,0
0.000000,0.331010,0.996516,1.000000,0.000000,0.014881,0.500000,0.046627,0.348595,0.200000,-0.490196,0.028660,0.000000,0.342679,1.000000,1.000000,0.000000,0.046627,0.500000,0
0.000000,0.339286,0.996429,1.000000,0.000000,0.237103,0.500000,0.046627,0.262227,-0.600000,-0.725490,0.026563,0.000000,0.346875,1.000000,1.000000,0.000000,0.046627,0.500000,0
0.000000,0.344086,0.996416,1.000000,0.000000,-0.000992,0.500000,0.491071,0.124756,0.600000,0.490196,0.026563,0.004000,0.346875,1.000000,1.000000,0.002000,0.491071,0.500000,0
0.000000,0.348921,0.996403,1.000000,0.000000,0.110119,0.500000,0.110119,0.268673,-0.600000,0.901961,0.025000,0.000000,0.350000,1.000000,1.000000,0.000000,0.110119,0.500000,0
0.000000,0.342756,0.996466,1.000000,0.000000,0.237103,0.500000,0.237103,0.000000,0.600000,-0.431373,0.028125,0.000000,0.343750,1.000000,1.000000,0.000000,0.237103,0.500000,0
0.000000,0.347670,0.996416,1.000000,0.000000,0.110119,0.500000,0.046627,0.669095,-0.600000,-0.294118,0.028660,0.000000,0.342679,1.000000,1.000000,0.000000,0.046627,0.500000,0
0.004000,0.350181,1.000000,1.000000,0.002000,0.999008,0.500000,0.237103,0.000000,-0.200000,-0.725490,0.023899,0.000000,0.352201,1.000000,1.000000,0.000000,0.237103,0.500000,0
0.000000,0.336918,0.996416,1.000000,0.000000,0.237103,0.500000,0.014881,0.798590,-1.000000,0.176471,0.026019,0.000000,0.347962,1.000000,1.000000,0.000000,0.014881,0.500000,0
0.000000,0.353571,0.996429,1.000000,0.000000,0.999008,0.500000,0.046627,0.000000,-0.200000,-0.823529,0.026019,0.000000,0.347962,1.000000,1.000000,0.000000,0.046627,0.500000,0
0.000000,0.344086,0.996416,1.000000,0.000000,0.014881,0.500000,0.491071,0.000000,0.600000,0.470588,0.026019,0.004000,0.347962,1.000000,1.000000,0.002000,0.491071,0.500000,0
0.000000,0.342679,1.000000,1.000000,0.000000,0.046627,0.500000,0.491071,0.000000,0.200000,-0.313725,0.037838,0.000000,0.324324,1.000000,1.000000,0.000000,0.491071,0.500000,0
0.000000,0.346875,1.000000,1.000000,0.000000,0.046627,0.500000,0.110119,0.172798,0.200000,-0.352941,0.036735,0.000000,0.326531,1.000000,1.000000,0.000000,0.110119,0.500000,0
0.004000,0.346875,1.000000,1.000000,0.002000,0.491071,0.500000,0.491071,0.000000,-0.200000,-0.450980,0.034471,0.000000,0.331058,1.000000,1.000000,0.000000,0.491071,0.500000,0
0.000000,0.350000,1.000000,1.000000,0.000000,0.110119,0.500000,-0.000992,0.481665,-0.200000,-0.843137,0.037884,0.000000,0.324232,1.000000,1.000000,0.000000,-0.000992,0.500000,0
0.000000,0.343750,1.000000,1.000000,0.000000,0.237103,0.500000,0.110119,0.323300,0.200000,0.549020,0.027586,0.000000,0.344828,1.000000,1.000000,0.000000,0.110119,0.500000,0
0.000000,0.342679,1.000000,1.000000,0.000000,0.046627,0.500000,0.491071,0.382066,-0.600000,-0.921569,0.036700,0.000000,0.326599,1.000000,1.000000,0.000000,0.491071,0.500000,0
0.000000,0.352201,1.000000,1.000000,0.000000,0.237103,0.500000,-0.000992,0.258672,1.000000,-0.862745,0.038435,0.000000,0.323129,1.000000,1.000000,0.000000,-0.000992,0.500000,0
0.000000,0.347962,1.000000,1.000000,0.000000,0.014881,0.500000,0.014881,0.534743,-0.600000,-0.843137,0.033333,0.000000,0.333333,1.000000,1.000000,0.000000,0.014881,0.500000,0
0.000000,0.347962,1.000000,1.000000,0.000000,0.046627,0.500000,0.046627,0.629553,0.600000,0.549020,0.031615,0.000000,0.336770,1.000000,1.000000,0.000000,0.046627,0.500000,0
0.004000,0.347962,1.000000,1.000000,0.002000,0.491071,0.500000,0.999008,0.000000,0.200000,-0.431373,0.034471,0.000000,0.331058,1.000000,1.000000,0.000000,0.999008,0.500000,0
0.000000,0.324324,1.000000,1.000000,0.000000,0.491071,0.500000,-0.000992,0.375619,0.600000,-0.058824,0.021311,0.000000,0.357377,1.000000,1.000000,0.000000,-0.000992,0.500000,0
0.000000,0.326531,1.000000,1.000000,0.000000,0.110119,0.500000,-0.000992,0.180377,1.000000,-0.294118,0.019079,0.000000,0.361842,1.000000,1.000000,0.000000,-0.000992,0.500000,0
0.000000,0.331058,1.000000,1.000000,0.000000,0.491071,0.500000,0.491071,0.000000,0.600000,0.058824,0.026861,0.004000,0.346278,1.000000,1.000000,0.002000,0.491071,0.500000,0
0.000000,0.324232,1.000000,1.000000,0.000000,-0.000992,0.500000,0.046627,0.790843,-0.200000,-1.000000,0.031210,0.000000,0.337580,1.000000,1.000000,0.000000,0.046627,0.500000,0
0.000000,0.344828,1.000000,1.000000,0.000000,0.110119,0.500000,0.491071,0.233918,0.600000,-0.313725,0.017590,0.004000,0.364821,1.000000,1.000000,0.002000,0.491071,0.500000,0
0.000000,0.326599,1.000000,1.000000,0.000000,0.491071,0.500000,0.014881,0.393756,-0.200000,0.509804,0.022951,0.000000,0.354098,1.000000,1.000000,0.000000,0.014881,0.500000,0
0.000000,0.323129,1.000000,1.000000,0.000000,-0.000992,0.500000,0.491071,0.356725,-0.600000,-0.549020,0.026299,0.000000,0.347403,1.000000,1.000000,0.000000,0.491071,0.500000,0
0.000000,0.333333,1.000000,1.000000,0.000000,0.014881,0.500000,0.110119,0.484950,-0.200000,0.803922,0.026230,0.000000,0.347541,1.000000,1.000000,0.000000,0.110119,0.500000,0
0.000000,0.336770,1.000000,1.000000,0.000000,0.046627,0.500000,0.491071,0.639376,-0.600000,0.000000,0.018033,0.000000,0.363934,1.000000,1.000000,0.000000,0.491071,0.500000,0
0.000000,0.331058,1.000000,1.000000,0.000000,0.999008,0.500000,0.237103,0.348505,0.200000,0.372549,0.026367,0.004000,0.347267,1.000000,1.000000,0.002000,0.237103,0.500000,0
0.000000,0.357377,1.000000,1.000000,0.000000,-0.000992,0.500000,-0.000992,0.649158,0.200000,-0.313725,0.026923,0.000000,0.346154,1.000000,1.000000,0.000000,-0.000992,0.500000,0
0.000000,0.361842,1.000000,1.000000,0.000000,-0.000992,0.500000,0.014881,0.776435,0.600000,-0.941176,0.032765,0.000000,0.334471,1.000000,1.000000,0.000000,0.014881,0.500000,0
0.004000,0.346278,1.000000,1.000000,0.002000,0.491071,0.500000,0.491071,0.549708,-0.600000,-0.882353,0.025862,0.000000,0.348276,1.000000,1.000000,0.000000,0.491071,0.500000,0
0.000000,0.337580,1.000000,1.000000,0.000000,0.046627,0.500000,0.110119,0.742475,-1.000000,-0.235294,0.029268,0.000000,0.341463,1.000000,1.000000,0.000000,0.110119,0.500000,0
0.004000,0.364821,1.000000,1.000000,0.002000,0.491071,0.500000,0.237103,0.197659,1.000000,0.647059,0.025260,0.000000,0.349481,1.000000,1.000000,0.000000,0.237103,0.500000,0
0.000000,0.354098,1.000000,1.000000,0.000000,0.014881,0.500000,0.491071,0.715400,-1.000000,-0.941176,0.027119,0.000000,0.345763,1.000000,1.000000,0.000000,0.491071,0.500000,0
0.000000,0.347403,1.000000,1.000000,0.000000,0.491071,0.500000,0.237103,0.000000,1.000000,0.156863,0.028125,0.000000,0.343750,1.000000,1.000000,0.000000,0.237103,0.500000,0
0.000000,0.347541,1.000000,1.000000,0.000000,0.110119,0.500000,0.014881,0.677744,-0.200000,-0.333333,0.026923,0.000000,0.346154,1.000000,1.000000,0.000000,0.014881,0.500000,0
0.000000,0.363934,1.000000,1.000000,0.000000,0.491071,0.500000,0.110119,0.136009,0.200000,-0.627451,0.025784,0.000000,0.348432,1.000000,1.000000,0.000000,0.110119,0.500000,0
0.004000,0.347267,1.000000,1.000000,0.002000,0.237103,0.500000,-0.000992,0.115956,0.200000,0.039216,0.023322,0.000000,0.353357,1.000000,1.000000,0.000000,-0.000992,0.500000,0
0.000000,0.346154,1.000000,1.000000,0.000000,-0.000992,0.500000,0.110119,0.936455,-0.200000,0.549020,0.035000,0.004000,0.330000,1.000000,1.000000,0.002000,0.110119,0.500000,0
0.000000,0.334471,1.000000,1.000000,0.000000,0.014881,0.500000,0.237103,0.871261,0.600000,0.156863,0.031104,0.000000,0.337793,1.000000,1.000000,0.000000,0.237103,0.500000,0
0.000000,0.348276,1.000000,1.000000,0.000000,0.491071,0.500000,0.014881,0.436052,-1.000000,-0.176471,0.034448,0.000000,0.331104,1.000000,1.000000,0.000000,0.014881,0.500000,0
0.000000,0.341463,1.000000,1.000000,0.000000,0.110119,0.500000,-0.000992,0.960357,1.000000,-0.980392,0.036570,0.000000,0.326861,1.000000,1.000000,0.000000,-0.000992,0.500000,0
0.000000,0.349481,1.000000,1.000000,0.000000,0.237103,0.500000,0.491071,0.617934,-0.200000,0.294118,0.034983,0.000000,0.330033,1.000000,1.000000,0.000000,0.491071,0.500000,0
0.000000,0.345763,1.000000,1.000000,0.000000,0.491071,0.500000,0.999008,0.000000,-0.600000,-0.901961,0.037061,0.008000,0.325879,1.000000,1.000000,0.004000,0.999008,0.500000,0
0.000000,0.343750,1.000000,1.000000,0.000000,0.237103,0.500000,-0.000992,0.665015,-0.200000,-0.549020,0.036667,0.000000,0.326667,1.000000,1.000000,0.000000,-0.000992,0.500000,0
0.000000,0.346154,1.000000,1.000000,0.000000,0.014881,0.500000,0.110119,0.118172,-0.200000,0.843137,0.035570,0.000000,0.328859,1.000000,1.000000,0.000000,0.110119,0.500000,0
0.000000,0.348432,1.000000,1.000000,0.000000,0.110119,0.500000,0.999008,0.000000,-0.600000,-0.450980,0.030065,0.004000,0.339869,1.000000,1.000000,0.002000,0.999008,0.500000,0
0.000000,0.353357,1.000000,1.000000,0.000000,-0.000992,0.500000,-0.000992,0.466799,-0.200000,0.705882,0.035000,0.000000,0.330000,1.000000,1.000000,0.000000,-0.000992,0.500000,0
0.004000,0.330000,1.000000,1.000000,0.002000,0.110119,0.500000,0.237103,0.954486,-1.000000,0.254902,0.039117,0.000000,0.321767,1.000000,1.000000,0.000000,0.237103,0.500000,0
0.000000,0.337793,1.000000,1.000000,0.000000,0.237103,0.500000,0.014881,0.015106,0.600000,-0.862745,0.038095,0.000000,0.323810,1.000000,1.000000,0.000000,0.014881,0.500000,0
0.000000,0.331104,1.000000,1.000000,0.000000,0.014881,0.500000,-0.000992,0.909812,-0.200000,0.901961,0.032803,0.000000,0.334395,1.000000,1.000000,0.000000,-0.000992,0.500000,0
0.000000,0.326861,1.000000,1.000000,0.000000,-0.000992,0.500000,0.046627,0.482830,-0.600000,0.470588,0.036538,0.000000,0.326923,1.000000,1.000000,0.000000,0.046627,0.500000,0
0.000000,0.330033,1.000000,1.000000,0.000000,0.491071,0.500000,0.237103,0.464239,0.600000,0.019608,0.033866,0.000000,0.332268,1.000000,1.000000,0.000000,0.237103,0.500000,0
0.008000,0.325879,1.000000,1.000000,0.004000,0.999008,0.500000,0.046627,0.370447,-0.600000,0.039216,0.031731,0.000000,0.336538,1.000000,1.000000,0.000000,0.046627,0.500000,0
0.000000,0.326667,1.000000,1.000000,0.000000,-0.000992,0.500000,0.237103,0.180754,-0.200000,0.000000,0.037580,0.000000,0.324841,1.000000,1.000000,0.000000,0.237103,0.500000,0
0.000000,0.328859,1.000000,1.000000,0.000000,0.110119,0.500000,0.014881,0.007049,0.200000,-0.254902,0.037580,0.000000,0.324841,1.000000,1.000000,0.000000,0.014881,0.500000,0
0.004000,0.339869,1.000000,1.000000,0.002000,0.999008,0.500000,0.014881,0.991944,-0.600000,-0.235294,0.036013,0.000000,0.327974,1.000000,1.000000,0.000000,0.014881,0.500000,0
0.000000,0.330000,1.000000,1.000000,0.000000,-0.000992,0.500000,0.110119,0.934225,-1.000000,0.627451,0.034936,0.000000,0.330128,1.000000,1.000000,0.000000,0.110119,0.500000,0
0.000000,0.321767,1.000000,1.000000,0.000000,0.237103,0.500000,0.014881,0.460222,0.600000,-0.823529,0.044880,0.000000,0.310241,1.000000,1.000000,0.000000,0.014881,0.500000,0
0.000000,0.323810,1.000000,1.000000,0.000000,0.014881,0.500000,0.491071,0.000000,-0.600000,0.803922,0.042988,0.004000,0.314024,1.000000,1.000000,0.002000,0.491071,0.500000,0
0.000000,0.334395,1.000000,1.000000,0.000000,-0.000992,0.500000,0.237103,0.704811,-0.600000,-0.274510,0.042988,0.004000,0.314024,1.000000,1.000000,0.002000,0.237103,0.500000,0
0.000000,0.326923,1.000000,1.000000,0.000000,0.046627,0.500000,0.046627,0.034339,1.000000,-0.431373,0.036923,0.000000,0.326154,1.000000,1.000000,0.000000,0.046627,0.500000,0
0.000000,0.332268,1.000000,1.000000,0.000000,0.237103,0.500000,0.237103,0.738622,0.600000,-0.431373,0.036923,0.000000,0.326154,1.000000,1.000000,0.000000,0.237103,0.500000,0
0.000000,0.336538,1.000000,1.000000,0.000000,0.046627,0.500000,0.491071,0.000000,-0.600000,-0.470588,0.037963,0.000000,0.324074,1.000000,1.000000,0.000000,0.491071,0.500000,0
0.000000,0.324841,1.000000,1.000000,0.000000,0.237103,0.500000,0.046627,0.283039,-0.600000,0.098039,0.043077,0.000000,0.313846,1.000000,1.000000,0.000000,0.046627,0.500000,0
0.000000,0.324841,1.000000,1.000000,0.000000,0.014881,0.500000,-0.000992,0.102081,0.600000,-0.745098,0.041538,0.000000,0.316923,1.000000,1.000000,0.000000,-0.000992,0.500000,0
0.000000,0.327974,1.000000,1.000000,0.000000,0.014881,0.500000,0.491071,0.801170,-0.600000,0.196078,0.039450,0.000000,0.321101,1.000000,1.000000,0.000000,0.491071,0.500000,0
0.000000,0.330128,1.000000,1.000000,0.000000,0.110119,0.500000,-0.000992,0.220020,0.600000,-0.549020,0.040557,0.000000,0.318885,1.000000,1.000000,0.000000,-0.000992,0.500000,0
0.000000,0.310241,1.000000,1.000000,0.000000,0.014881,0.500000,0.491071,0.000000,0.200000,0.450980,0.047003,0.000000,0.305994,1.000000,1.000000,0.000000,0.491071,0.500000,0
0.004000,0.314024,1.000000,1.000000,0.002000,0.491071,0.500000,0.014881,0.524673,1.000000,0.019608,0.044551,0.000000,0.310897,1.000000,1.000000,0.000000,0.014881,0.500000,0
0.004000,0.314024,1.000000,1.000000,0.002000,0.237103,0.500000,0.046627,0.009365,-0.200000,0.647059,0.044551,0.000000,0.310897,1.000000,1.000000,0.000000,0.046627,0.500000,0
0.000000,0.326154,1.000000,1.000000,0.000000,0.046627,0.500000,0.046627,0.292404,-0.200000,-0.352941,0.041195,0.000000,0.317610,1.000000,1.000000,0.000000,0.046627,0.500000,0
0.000000,0.326154,1.000000,1.000000,0.000000,0.237103,0.500000,0.491071,0.557505,-1.000000,0.352941,0.042857,0.000000,0.314286,1.000000,1.000000,0.000000,0.491071,0.500000,0
0.000000,0.324074,1.000000,1.000000,0.000000,0.491071,0.500000,0.046627,0.544225,0.600000,-0.764706,0.041346,0.000000,0.317308,1.000000,1.000000,0.000000,0.046627,0.500000,0
0.000000,0.313846,1.000000,1.000000,0.000000,0.046627,0.500000,0.999008,0.000000,1.000000,-0.156863,0.040190,0.000000,0.319620,1.000000,1.000000,0.000000,0.999008,0.500000,0
0.000000,0.316923,1.000000,1.000000,0.000000,-0.000992,0.500000,0.110119,0.000000,-1.000000,0.666667,0.049684,0.000000,0.300633,1.000000,1.000000,0.000000,0.110119,0.500000,0
0.000000,0.321101,1.000000,1.000000,0.000000,0.491071,0.500000,0.046627,0.139438,-0.200000,0.529412,0.047134,0.000000,0.305732,1.000000,1.000000,0.000000,0.046627,0.500000,0
0.000000,0.318885,1.000000,1.000000,0.000000,-0.000992,0.500000,0.491071,0.000000,-1.000000,0.411765,0.049206,0.000000,0.301587,1.000000,1.000000,0.000000,0.491071,0.500000,0
0.000000,0.305994,1.000000,1.000000,0.000000,0.491071,0.500000,0.046627,0.000000,1.000000,0.137255,0.041463,0.000000,0.317073,1.000000,1.000000,0.000000,0.046627,0.500000,0
0.000000,0.310897,1.000000,1.000000,0.000000,0.014881,0.500000,0.999008,0.000000,1.000000,0.000000,0.037386,0.004000,0.325228,1.000000,1.000000,0.002000,0.999008,0.500000,0
0.000000,0.310897,1.000000,1.000000,0.000000,0.046627,0.500000,0.999008,0.000000,0.200000,-0.333333,0.039939,0.004000,0.320122,1.000000,1.000000,0.002000,0.999008,0.500000,0
0.000000,0.317610,1.000000,1.000000,0.000000,0.046627,0.500000,-0.000992,0.725471,0.200000,-0.509804,0.035404,0.000000,0.329193,1.000000,1.000000,0.000000,-0.000992,0.500000,0
0.000000,0.314286,1.000000,1.000000,0.000000,0.491071,0.500000,0.237103,0.598179,0.200000,0.862745,0.034365,0.004000,0.331269,1.000000,1.000000,0.002000,0.237103,0.500000,0
0.000000,0.317308,1.000000,1.000000,0.000000,0.046627,0.500000,0.110119,0.144928,-1.000000,0.627451,0.035938,0.000000,0.328125,1.000000,1.000000,0.000000,0.110119,0.500000,0
0.000000,0.319620,1.000000,1.000000,0.000000,0.999008,0.500000,0.110119,0.000000,0.200000,-0.588235,0.036420,0.000000,0.327160,1.000000,1.000000,0.000000,0.110119,0.500000,0
0.000000,0.300633,1.000000,1.000000,0.000000,0.110119,0.500000,0.110119,0.665552,0.600000,0.333333,0.033846,0.000000,0.332308,1.000000,1.000000,0.000000,0.110119,0.500000,0
0.000000,0.305732,1.000000,1.000000,0.000000,0.046627,0.500000,0.237103,0.152146,0.600000,0.235294,0.038415,0.000000,0.323171,1.000000,1.000000,0.000000,0.237103,0.500000,0
0.000000,0.301587,1.000000,1.000000,0.000000,0.491071,0.500000,0.014881,0.543807,-0.200000,-0.176471,0.035404,0.000000,0.329193,1.000000,1.000000,0.000000,0.014881,0.500000,0
0.000000,0.317073,1.000000,1.000000,0.000000,0.046627,0.500000,0.999008,0.000000,1.000000,0.823529,0.074603,0.000000,0.250794,1.000000,1.000000,0.000000,0.999008,0.500000,0
0.004000,0.325228,1.000000,1.000000,0.002000,0.999008,0.500000,0.110119,0.474916,0.200000,-0.960784,0.073832,0.000000,0.252336,1.000000,1.000000,0.000000,0.110119,0.500000,0
0.004000,0.320122,1.000000,1.000000,0.002000,0.999008,0.500000,0.014881,0.906344,0.200000,-0.431373,0.072581,0.000000,0.254839,1.000000,1.000000,0.000000,0.014881,0.500000,0
0.000000,0.329193,1.000000,1.000000,0.000000,-0.000992,0.500000,0.237103,0.669701,0.600000,0.078431,0.071383,0.000000,0.257235,1.000000,1.000000,0.000000,0.237103,0.500000,0
0.004000,0.331269,1.000000,1.000000,0.002000,0.237103,0.500000,0.046627,0.020812,0.200000,-0.431373,0.066129,0.000000,0.267742,1.000000,1.000000,0.000000,0.046627,0.500000,0
0.000000,0.328125,1.000000,1.000000,0.000000,0.110119,0.500000,0.999008,0.000000,1.000000,-0.058824,0.068167,0.000000,0.263666,1.000000,1.000000,0.000000,0.999008,0.500000,0
0.000000,0.327160,1.000000,1.000000,0.000000,0.110119,0.500000,-0.000992,0.227948,0.200000,0.215686,0.072581,0.000000,0.254839,1.000000,1.000000,0.000000,-0.000992,0.500000,0
0.000000,0.332308,1.000000,1.000000,0.000000,0.110119,0.500000,0.237103,0.504551,0.600000,-0.098039,0.070550,0.000000,0.258900,1.000000,1.000000,0.000000,0.237103,0.500000,0
0.000000,0.323171,1.000000,1.000000,0.000000,0.237103,0.500000,0.014881,0.965760,-1.000000,0.568627,0.072168,0.000000,0.255663,1.000000,1.000000,0.000000,0.014881,0.500000,0
0.000000,0.329193,1.000000,1.000000,0.000000,0.014881,0.500000,0.110119,0.942029,-0.600000,0.156863,0.072168,0.000000,0.255663,1.000000,1.000000,0.000000,0.110119,0.500000,0
0.000000,0.250794,1.000000,1.000000,0.000000,0.999008,0.500000,0.237103,0.000000,-0.600000,-0.019608,0.036826,0.000000,0.326347,1.000000,1.000000,0.000000,0.237103,0.500000,0
0.000000,0.252336,1.000000,1.000000,0.000000,0.110119,0.500000,0.237103,0.244473,0.200000,0.509804,0.034328,0.000000,0.331343,1.000000,1.000000,0.000000,0.237103,0.500000,0
0.000000,0.254839,1.000000,1.000000,0.000000,0.014881,0.500000,0.110119,0.243032,0.600000,-0.588235,0.036858,0.004000,0.326284,1.000000,1.000000,0.002000,0.110119,0.500000,0
0.000000,0.257235,1.000000,1.000000,0.000000,0.237103,0.500000,-0.000992,0.777007,-0.600000,-0.137255,0.036364,0.000000,0.327273,1.000000,1.000000,0.000000,-0.000992,0.500000,0
0.000000,0.267742,1.000000,1.000000,0.000000,0.046627,0.500000,0.110119,0.909699,1.000000,0.980392,0.035347,0.000000,0.329305,1.000000,1.000000,0.000000,0.110119,0.500000,0
0.000000,0.263666,1.000000,1.000000,0.000000,0.999008,0.500000,-0.000992,0.247770,-1.000000,0.254902,0.039286,0.000000,0.321429,1.000000,1.000000,0.000000,-0.000992,0.500000,0
0.000000,0.254839,1.000000,1.000000,0.000000,-0.000992,0.500000,0.491071,0.171540,-0.600000,-0.313725,0.032326,0.000000,0.335347,1.000000,1.000000,0.000000,0.491071,0.500000,0
0.000000,0.258900,1.000000,1.000000,0.000000,0.237103,0.500000,0.999008,0.000000,-1.000000,0.549020,0.034821,0.004000,0.330357,1.000000,1.000000,0.002000,0.999008,0.500000,0
0.000000,0.255663,1.000000,1.000000,0.000000,0.014881,0.500000,0.237103,0.310793,1.000000,-0.098039,0.035843,0.004000,0.328313,1.000000,1.000000,0.002000,0.237103,0.500000,0
0.000000,0.255663,1.000000,1.000000,0.000000,0.110119,0.500000,0.014881,0.087613,0.600000,-0.313725,0.034347,0.000000,0.331307,1.000000,1.000000,0.000000,0.014881,0.500000,0
0.000000,0.326347,1.000000,1.000000,0.000000,0.237103,0.500000,0.014881,0.411883,-0.600000,0.137255,0.055590,0.000000,0.288820,1.000000,1.000000,0.000000,0.014881,0.500000,0
0.000000,0.331343,1.000000,1.000000,0.000000,0.237103,0.500000,0.491071,0.996101,0.600000,0.901961,0.054294,0.004000,0.291411,1.000000,1.000000,0.002000,0.491071,0.500000,0
0.004000,0.326284,1.000000,1.000000,0.002000,0.110119,0.500000,0.110119,0.345596,0.200000,-0.450980,0.053125,0.000000,0.293750,1.000000,1.000000,0.000000,0.110119,0.500000,0
0.000000,0.327273,1.000000,1.000000,0.000000,-0.000992,0.500000,0.237103,0.993498,0.600000,-0.803922,0.054037,0.000000,0.291925,1.000000,1.000000,0.000000,0.237103,0.500000,0
0.000000,0.329305,1.000000,1.000000,0.000000,0.110119,0.500000,0.014881,0.313192,-0.200000,-0.666667,0.055140,0.000000,0.289720,1.000000,1.000000,0.000000,0.014881,0.500000,0
0.000000,0.321429,1.000000,1.000000,0.000000,-0.000992,0.500000,0.014881,0.099698,-0.200000,0.254902,0.055590,0.000000,0.288820,1.000000,1.000000,0.000000,0.014881,0.500000,0
0.000000,0.335347,1.000000,1.000000,0.000000,0.491071,0.500000,-0.000992,0.349851,-0.200000,-0.588235,0.056269,0.000000,0.287462,1.000000,1.000000,0.000000,-0.000992,0.500000,0
0.004000,0.330357,1.000000,1.000000,0.002000,0.999008,0.500000,0.014881,0.869084,-0.200000,0.254902,0.057362,0.000000,0.285276,1.000000,1.000000,0.000000,0.014881,0.500000,0
0.004000,0.328313,1.000000,1.000000,0.002000,0.237103,0.500000,0.491071,0.508772,0.200000,0.019608,0.050467,0.000000,0.299065,1.000000,1.000000,0.000000,0.491071,0.500000,0
0.000000,0.331307,1.000000,1.000000,0.000000,0.014881,0.500000,0.237103,0.000000,-1.000000,0.294118,0.056037,0.000000,0.287926,1.000000,1.000000,0.000000,0.237103,0.500000,0
0.000000,0.288820,1.000000,1.000000,0.000000,0.014881,0.500000,-0.000992,0.313181,0.600000,-0.294118,0.057746,0.000000,0.284507,1.000000,1.000000,0.000000,-0.000992,0.500000,0
0.004000,0.291411,1.000000,1.000000,0.002000,0.491071,0.500000,0.046627,0.875130,-0.200000,0.843137,0.060399,0.000000,0.279202,1.000000,1.000000,0.000000,0.046627,0.500000,0
0.000000,0.293750,1.000000,1.000000,0.000000,0.110119,0.500000,0.014881,0.647533,0.600000,-0.745098,0.059827,0.000000,0.280347,1.000000,1.000000,0.000000,0.014881,0.500000,0
0.000000,0.291925,1.000000,1.000000,0.000000,0.237103,0.500000,0.046627,0.899063,-1.000000,-0.823529,0.057971,0.000000,0.284058,1.000000,1.000000,0.000000,0.046627,0.500000,0
0.000000,0.289720,1.000000,1.000000,0.000000,0.014881,0.500000,0.014881,0.886203,-0.600000,-0.254902,0.057971,0.000000,0.284058,1.000000,1.000000,0.000000,0.014881,0.500000,0
0.000000,0.288820,1.000000,1.000000,0.000000,0.014881,0.500000,0.237103,0.466840,0.600000,-0.058824,0.057349,0.004000,0.285303,1.000000,1.000000,0.002000,0.237103,0.500000,0
0.000000,0.287462,1.000000,1.000000,0.000000,-0.000992,0.500000,-0.000992,0.002973,-0.200000,-0.137255,0.062216,0.000000,0.275568,1.000000,1.000000,0.000000,-0.000992,0.500000,0
0.000000,0.285276,1.000000,1.000000,0.000000,0.014881,0.500000,0.014881,0.695871,0.200000,0.745098,0.060399,0.000000,0.279202,1.000000,1.000000,0.000000,0.014881,0.500000,0
0.000000,0.299065,1.000000,1.000000,0.000000,0.491071,0.500000,0.046627,0.042664,0.200000,0.627451,0.059420,0.000000,0.281159,1.000000,1.000000,0.000000,0.046627,0.500000,0
0.000000,0.287926,1.000000,1.000000,0.000000,0.237103,0.500000,-0.000992,0.648167,-0.200000,0.313725,0.059420,0.000000,0.281159,1.000000,1.000000,0.000000,-0.000992,0.500000,0
0.000000,0.284507,1.000000,1.000000,0.000000,-0.000992,0.500000,0.046627,0.000000,-1.000000,0.647059,0.063777,0.000000,0.272446,1.000000,1.000000,0.000000,0.046627,0.500000,0
0.000000,0.279202,1.000000,1.000000,0.000000,0.046627,0.500000,0.046627,0.247659,-0.200000,-0.568627,0.061801,0.000000,0.276398,1.000000,1.000000,0.000000,0.046627,0.500000,0
0.000000,0.280347,1.000000,1.000000,0.000000,0.014881,0.500000,0.046627,0.458897,-0.600000,0.117647,0.062229,0.000000,0.275542,1.000000,1.000000,0.000000,0.046627,0.500000,0
0.000000,0.284058,1.000000,1.000000,0.000000,0.046627,0.500000,0.237103,0.052016,0.200000,0.450980,0.063777,0.000000,0.272446,1.000000,1.000000,0.000000,0.237103,0.500000,0
0.000000,0.284058,1.000000,1.000000,0.000000,0.014881,0.500000,0.014881,0.940584,-1.000000,-0.686275,0.054938,0.000000,0.290123,1.000000,1.000000,0.000000,0.014881,0.500000,0
0.004000,0.285303,1.000000,1.000000,0.002000,0.237103,0.500000,0.046627,0.679501,-0.200000,-0.490196,0.060938,0.000000,0.278125,1.000000,1.000000,0.000000,0.046627,0.500000,0
0.000000,0.275568,1.000000,1.000000,0.000000,-0.000992,0.500000,0.110119,0.000000,1.000000,-0.960784,0.066261,0.000000,0.267477,1.000000,1.000000,0.000000,0.110119,0.500000,0
0.000000,0.279202,1.000000,1.000000,0.000000,0.014881,0.500000,0.491071,0.000000,0.600000,-0.058824,0.063777,0.000000,0.272446,1.000000,1.000000,0.000000,0.491071,0.500000,0
0.000000,0.281159,1.000000,1.000000,0.000000,0.046627,0.500000,0.046627,0.033299,-1.000000,-0.313725,0.061371,0.000000,0.277259,1.000000,1.000000,0.000000,0.046627,0.500000,0
0.000000,0.281159,1.000000,1.000000,0.000000,-0.000992,0.500000,0.999008,0.000000,-0.600000,-0.078431,0.066366,0.000000,0.267267,1.000000,1.000000,0.000000,0.999008,0.500000,0
0.000000,0.272446,1.000000,1.000000,0.000000,0.046627,0.500000,-0.000992,0.590684,0.600000,-0.745098,-0.004248,0.000000,0.408497,1.000000,1.000000,0.000000,-0.000992,0.500000,0
0.000000,0.276398,1.000000,1.000000,0.000000,0.046627,0.500000,0.999008,0.000000,1.000000,-0.960784,-0.002614,0.000000,0.405229,1.000000,1.000000,0.000000,-0.000992,0.500000,0
0.000000,0.275542,1.000000,1.000000,0.000000,0.046627,0.500000,0.110119,0.321070,-0.600000,0.196078,0.000654,0.000000,0.398693,1.000000,1.000000,0.000000,-0.000992,0.500000,0
0.000000,0.272446,1.000000,1.000000,0.000000,0.237103,0.500000,0.237103,0.144343,0.200000,0.274510,-0.002303,0.000000,0.404605,1.000000,1.000000,0.000000,-0.000992,0.500000,0
0.000000,0.290123,1.000000,1.000000,0.000000,0.014881,0.500000,0.999008,0.000000,-0.600000,0.960784,-0.003947,0.000000,0.407895,1.000000,1.000000,0.000000,-0.000992,0.500000,0
0.000000,0.278125,1.000000,1.000000,0.000000,0.046627,0.500000,0.046627,0.557752,-0.200000,-0.176471,0.002288,0.000000,0.395425,1.000000,1.000000,0.000000,-0.000992,0.500000,0
0.000000,0.267477,1.000000,1.000000,0.000000,0.110119,0.500000,0.237103,0.673602,-1.000000,-0.352941,-0.000326,0.000000,0.400651,1.000000,1.000000,0.000000,-0.000992,0.500000,0
0.000000,0.272446,1.000000,1.000000,0.000000,0.491071,0.500000,0.491071,0.502924,0.600000,0.215686,-0.003279,0.000000,0.406557,1.000000,1.000000,0.000000,-0.000992,0.500000,0
0.000000,0.277259,1.000000,1.000000,0.000000,0.046627,0.500000,0.110119,0.848384,0.200000,0.019608,-0.004620,0.000000,0.409241,1.000000,1.000000,0.000000,-0.000992,0.500000,0
0.000000,0.267267,1.000000,1.000000,0.000000,0.999008,0.500000,0.237103,0.128739,-0.200000,-0.352941,-0.001954,0.000000,0.403909,1.000000,1.000000,0.000000,-0.000992,0.500000,0
0.000000,0.408497,1.000000,1.000000,0.000000,-0.000992,0.500000,0.014881,0.515609,0.600000,-0.470588,0.022878,0.000000,0.354244,1.000000,1.000000,0.000000,-0.000992,0.500000,0
0.000000,0.405229,1.000000,1.000000,0.000000,-0.000992,0.500000,0.046627,0.095734,-0.600000,-0.274510,0.018519,0.000000,0.362963,1.000000,1.000000,0.000000,-0.000992,0.500000,0
0.000000,0.398693,1.000000,1.000000,0.000000,-0.000992,0.500000,0.491071,0.660819,-1.000000,-0.156863,0.021033,0.000000,0.357934,1.000000,1.000000,0.000000,-0.000992,0.500000,0
0.000000,0.404605,1.000000,1.000000,0.000000,-0.000992,0.500000,0.237103,0.854356,-1.000000,0.098039,0.021691,0.000000,0.356618,1.000000,1.000000,0.000000,-0.000992,0.500000,0
0.000000,0.407895,1.000000,1.000000,0.000000,-0.000992,0.500000,0.237103,0.000000,-0.600000,0.862745,0.010861,0.000000,0.378277,1.000000,1.000000,0.000000,-0.000992,0.500000,0
0.000000,0.395425,1.000000,1.000000,0.000000,-0.000992,0.500000,-0.000992,0.350842,-0.200000,0.745098,0.015498,0.000000,0.369004,1.000000,1.000000,0.000000,-0.000992,0.500000,0
0.000000,0.400651,1.000000,1.000000,0.000000,-0.000992,0.500000,0.014881,0.206445,0.600000,0.862745,0.020000,0.000000,0.360000,1.000000,1.000000,0.000000,-0.000992,0.500000,0
0.000000,0.406557,1.000000,1.000000,0.000000,-0.000992,0.500000,0.046627,0.144641,-1.000000,-0.607843,0.024275,0.000000,0.351449,1.000000,1.000000,0.000000,-0.000992,0.500000,0
0.000000,0.409241,1.000000,1.000000,0.000000,-0.000992,0.500000,0.237103,0.000000,-0.200000,0.392157,0.010662,0.000000,0.378676,1.000000,1.000000,0.000000,-0.000992,0.500000,0
0.000000,0.403909,1.000000,1.000000,0.000000,-0.000992,0.500000,0.237103,0.200260,0.200000,-0.019608,0.017164,0.000000,0.365672,1.000000,1.000000,0.000000,-0.000992,0.500000,0
0.000000,0.354244,1.000000,1.000000,0.000000,-0.000992,0.500000,0.999008,0.000000,-1.000000,0.568627,-0.001320,0.000000,0.402640,1.000000,1.000000,0.000000,-0.000992,0.500000,0
0.000000,0.362963,1.000000,1.000000,0.000000,-0.000992,0.500000,-0.000992,0.749257,0.600000,0.490196,-0.000658,0.000000,0.401316,1.000000,1.000000,0.000000,-0.000992,0.500000,0
0.000000,0.357934,1.000000,1.000000,0.000000,-0.000992,0.500000,0.237103,0.175553,0.200000,-0.980392,-0.007516,0.000000,0.415033,1.000000,1.000000,0.000000,-0.000992,0.500000,0
0.000000,0.356618,1.000000,1.000000,0.000000,-0.000992,0.500000,0.491071,0.165692,0.200000,0.627451,0.004276,0.000000,0.391447,1.000000,1.000000,0.000000,-0.000992,0.500000,0
0.000000,0.378277,1.000000,1.000000,0.000000,-0.000992,0.500000,-0.000992,0.848365,0.600000,-1.000000,0.004918,0.000000,0.390164,1.000000,1.000000,0.000000,-0.000992,0.500000,0
0.000000,0.369004,1.000000,1.000000,0.000000,-0.000992,0.500000,-0.000992,0.061447,-0.600000,0.725490,0.004918,0.000000,0.390164,1.000000,1.000000,0.000000,-0.000992,0.500000,0
0.000000,0.360000,1.000000,1.000000,0.000000,-0.000992,0.500000,-0.000992,0.839445,-1.000000,0.509804,0.005195,0.000000,0.389610,1.000000,1.000000,0.000000,-0.000992,0.500000,0
0.000000,0.351449,1.000000,1.000000,0.000000,-0.000992,0.500000,0.999008,0.000000,0.200000,-0.705882,0.003279,0.000000,0.393443,1.000000,1.000000,0.000000,-0.000992,0.500000,0
0.000000,0.378676,1.000000,1.000000,0.000000,-0.000992,0.500000,0.110119,0.154961,-0.600000,0.274510,-0.003642,0.000000,0.407285,1.000000,1.000000,0.000000,-0.000992,0.500000,0
0.000000,0.365672,1.000000,1.000000,0.000000,-0.000992,0.500000,0.046627,0.639958,-0.600000,-0.686275,-0.007641,0.000000,0.415282,1.000000,1.000000,0.000000,-0.000992,0.500000,0
0.000000,0.402640,1.000000,1.000000,0.000000,-0.000992,0.500000,0.014881,0.167170,-1.000000,-0.745098,0.038129,0.000000,0.323741,1.000000,1.000000,0.000000,-0.000992,0.500000,0
0.000000,0.401316,1.000000,1.000000,0.000000,-0.000992,0.500000,0.237103,0.000000,1.000000,-0.431373,0.036957,0.000000,0.326087,1.000000,1.000000,0.000000,-0.000992,0.500000,0
0.000000,0.415033,1.000000,1.000000,0.000000,-0.000992,0.500000,0.110119,0.238573,-1.000000,0.705882,0.038129,0.000000,0.323741,1.000000,1.000000,0.000000,-0.000992,0.500000,0
0.000000,0.391447,1.000000,1.000000,0.000000,-0.000992,0.500000,-0.000992,0.619425,0.200000,-0.078431,0.029710,0.000000,0.340580,1.000000,1.000000,0.000000,-0.000992,0.500000,0
0.000000,0.390164,1.000000,1.000000,0.000000,-0.000992,0.500000,-0.000992,0.906838,-0.200000,0.529412,0.034532,0.000000,0.330935,1.000000,1.000000,0.000000,-0.000992,0.500000,0
0.000000,0.390164,1.000000,1.000000,0.000000,-0.000992,0.500000,0.237103,0.611183,-0.200000,-0.156863,0.035145,0.000000,0.329710,1.000000,1.000000,0.000000,-0.000992,0.500000,0
0.000000,0.389610,1.000000,1.000000,0.000000,-0.000992,0.500000,0.491071,0.000000,-1.000000,0.862745,0.032727,0.000000,0.334545,1.000000,1.000000,0.000000,-0.000992,0.500000,0
0.000000,0.393443,1.000000,1.000000,0.000000,-0.000992,0.500000,0.999008,0.000000,-0.200000,0.294118,0.033942,0.000000,0.332117,1.000000,1.000000,0.000000,-0.000992,0.500000,0
0.000000,0.407285,1.000000,1.000000,0.000000,-0.000992,0.500000,0.237103,0.000000,-0.600000,0.392157,0.026568,0.000000,0.346863,1.000000,1.000000,0.000000,-0.000992,0.500000,0
0.000000,0.415282,1.000000,1.000000,0.000000,-0.000992,0.500000,0.014881,0.598187,1.000000,0.470588,0.035766,0.000000,0.328467,1.000000,1.000000,0.000000,-0.000992,0.500000,0
0.000000,0.323741,1.000000,1.000000,0.000000,-0.000992,0.500000,0.999008,0.000000,1.000000,0.372549,0.053420,0.000000,0.293160,1.000000,1.000000,0.000000,-0.000992,0.500000,0
0.000000,0.326087,1.000000,1.000000,0.000000,-0.000992,0.500000,0.014881,0.760322,-0.200000,-0.705882,0.049498,0.000000,0.301003,1.000000,1.000000,0.000000,-0.000992,0.500000,0
0.000000,0.323741,1.000000,1.000000,0.000000,-0.000992,0.500000,0.491071,0.081871,-1.000000,0.490196,0.054305,0.000000,0.291391,1.000000,1.000000,0.000000,-0.000992,0.500000,0
0.000000,0.340580,1.000000,1.000000,0.000000,-0.000992,0.500000,0.110119,0.536232,-0.200000,-0.333333,0.043854,0.000000,0.312292,1.000000,1.000000,0.000000,-0.000992,0.500000,0
0.000000,0.330935,1.000000,1.000000,0.000000,-0.000992,0.500000,0.237103,0.529259,-1.000000,-0.980392,0.051171,0.000000,0.297659,1.000000,1.000000,0.000000,-0.000992,0.500000,0
0.000000,0.329710,1.000000,1.000000,0.000000,-0.000992,0.500000,0.491071,0.000000,-0.200000,-0.509804,0.053333,0.000000,0.293333,1.000000,1.000000,0.000000,-0.000992,0.500000,0
0.000000,0.334545,1.000000,1.000000,0.000000,-0.000992,0.500000,0.999008,0.000000,-0.200000,-0.960784,0.050329,0.000000,0.299342,1.000000,1.000000,0.000000,-0.000992,0.500000,0
0.000000,0.332117,1.000000,1.000000,0.000000,-0.000992,0.500000,0.110119,0.400223,0.200000,-0.372549,0.051667,0.000000,0.296667,1.000000,1.000000,0.000000,-0.000992,0.500000,0
0.000000,0.346863,1.000000,1.000000,0.000000,-0.000992,0.500000,0.110119,0.175028,0.600000,0.254902,0.049498,0.000000,0.301003,1.000000,1.000000,0.000000,-0.000992,0.500000,0
0.000000,0.328467,1.000000,1.000000,0.000000,-0.000992,0.500000,0.046627,0.283039,-0.600000,-0.529412,0.053618,0.000000,0.292763,1.000000,1.000000,0.000000,-0.000992,0.500000,0
0.000000,0.293160,1.000000,1.000000,0.000000,-0.000992,0.500000,0.014881,0.960725,0.600000,-0.078431,0.012081,0.000000,0.375839,1.000000,1.000000,0.000000,-0.000992,0.500000,0
0.000000,0.301003,1.000000,1.000000,0.000000,-0.000992,0.500000,0.110119,0.173913,-0.200000,0.705882,0.013758,0.000000,0.372483,1.000000,1.000000,0.000000,-0.000992,0.500000,0
0.000000,0.291391,1.000000,1.000000,0.000000,-0.000992,0.500000,0.046627,0.385016,1.000000,0.666667,0.013758,0.000000,0.372483,1.000000,1.000000,0.000000,-0.000992,0.500000,0
0.000000,0.312292,1.000000,1.000000,0.000000,-0.000992,0.500000,0.999008,0.000000,0.200000,0.784314,0.009764,0.000000,0.380471,1.000000,1.000000,0.000000,-0.000992,0.500000,0
0.000000,0.297659,1.000000,1.000000,0.000000,-0.000992,0.500000,0.999008,0.000000,1.000000,0.117647,0.015436,0.000000,0.369128,1.000000,1.000000,0.000000,-0.000992,0.500000,0
0.000000,0.293333,1.000000,1.000000,0.000000,-0.000992,0.500000,0.237103,0.788036,-1.000000,0.686275,0.017726,0.000000,0.364548,1.000000,1.000000,0.000000,-0.000992,0.500000,0
0.000000,0.299342,1.000000,1.000000,0.000000,-0.000992,0.500000,0.014881,0.656596,-0.200000,0.078431,0.012500,0.000000,0.375000,1.000000,1.000000,0.000000,-0.000992,0.500000,0
0.000000,0.296667,1.000000,1.000000,0.000000,-0.000992,0.500000,-0.000992,0.893954,0.600000,-0.470588,0.013559,0.000000,0.372881,1.000000,1.000000,0.000000,-0.000992,0.500000,0
0.000000,0.301003,1.000000,1.000000,0.000000,-0.000992,0.500000,0.014881,0.191339,0.600000,-0.686275,0.013131,0.000000,0.373737,1.000000,1.000000,0.000000,-0.000992,0.500000,0
0.000000,0.292763,1.000000,1.000000,0.000000,-0.000992,0.500000,0.014881,0.425982,0.200000,0.274510,0.014189,0.000000,0.371622,1.000000,1.000000,0.000000,-0.000992,0.500000,0
0.000000,0.375839,1.000000,1.000000,0.000000,-0.000992,0.500000,0.999008,0.000000,0.600000,-0.470588,0.032258,0.000000,0.335484,1.000000,1.000000,0.000000,-0.000992,0.500000,0
0.000000,0.372483,1.000000,1.000000,0.000000,-0.000992,0.500000,0.110119,0.386845,0.600000,-0.352941,0.032792,0.000000,0.334416,1.000000,1.000000,0.000000,-0.000992,0.500000,0
0.000000,0.372483,1.000000,1.000000,0.000000,-0.000992,0.500000,0.014881,0.124874,-1.000000,0.764706,0.032792,0.000000,0.334416,1.000000,1.000000,0.000000,-0.000992,0.500000,0
0.000000,0.380471,1.000000,1.000000,0.000000,-0.000992,0.500000,0.110119,0.000000,1.000000,-0.470588,0.038095,0.000000,0.323810,1.000000,1.000000,0.000000,-0.000992,0.500000,0
0.000000,0.369128,1.000000,1.000000,0.000000,-0.000992,0.500000,0.014881,0.424975,-1.000000,-0.313725,0.027974,0.000000,0.344051,1.000000,1.000000,0.000000,-0.000992,0.500000,0
0.000000,0.364548,1.000000,1.000000,0.000000,-0.000992,0.500000,0.046627,0.481790,-1.000000,-0.549020,0.027869,0.000000,0.344262,1.000000,1.000000,0.000000,-0.000992,0.500000,0
0.000000,0.375000,1.000000,1.000000,0.000000,-0.000992,0.500000,0.999008,0.000000,0.600000,0.235294,0.030097,0.000000,0.339806,1.000000,1.000000,0.000000,-0.000992,0.500000,0
0.000000,0.372881,1.000000,1.000000,0.000000,-0.000992,0.500000,0.999008,0.000000,0.600000,-0.215686,0.024194,0.000000,0.351613,1.000000,1.000000,0.000000,-0.000992,0.500000,0
0.000000,0.373737,1.000000,1.000000,0.000000,-0.000992,0.500000,0.046627,0.610822,-0.600000,0.490196,0.029508,0.000000,0.340984,1.000000,1.000000,0.000000,-0.000992,0.500000,0
0.000000,0.371622,1.000000,1.000000,0.000000,-0.000992,0.500000,0.110119,0.605351,-0.200000,0.019608,0.029508,0.000000,0.340984,1.000000,1.000000,0.000000,-0.000992,0.500000,0
0.000000,0.335484,1.000000,1.000000,0.000000,-0.000992,0.500000,-0.000992,0.043608,0.600000,-0.235294,0.025175,0.000000,0.349650,1.000000,1.000000,0.000000,-0.000992,0.500000,0
0.000000,0.334416,1.000000,1.000000,0.000000,-0.000992,0.500000,0.110119,0.239688,-0.200000,0.784314,0.029861,0.000000,0.340278,1.000000,1.000000,0.000000,-0.000992,0.500000,0
0.000000,0.334416,1.000000,1.000000,0.000000,-0.000992,0.500000,0.110119,0.288740,-0.600000,-0.137255,0.028720,0.000000,0.342561,1.000000,1.000000,0.000000,-0.000992,0.500000,0
0.000000,0.323810,1.000000,1.000000,0.000000,-0.000992,0.500000,-0.000992,0.693756,-0.600000,0.568627,0.033333,0.000000,0.333333,1.000000,1.000000,0.000000,-0.000992,0.500000,0
0.000000,0.344051,1.000000,1.000000,0.000000,-0.000992,0.500000,0.237103,0.321196,0.200000,-0.980392,0.022414,0.000000,0.355172,1.000000,1.000000,0.000000,-0.000992,0.500000,0
0.000000,0.344262,1.000000,1.000000,0.000000,-0.000992,0.500000,0.491071,0.808967,0.200000,-0.588235,0.025784,0.000000,0.348432,1.000000,1.000000,0.000000,-0.000992,0.500000,0
0.000000,0.339806,1.000000,1.000000,0.000000,-0.000992,0.500000,0.491071,0.000000,-0.200000,0.078431,0.033333,0.000000,0.333333,1.000000,1.000000,0.000000,-0.000992,0.500000,0
0.000000,0.351613,1.000000,1.000000,0.000000,-0.000992,0.500000,0.999008,0.000000,0.600000,0.000000,0.032759,0.000000,0.334483,1.000000,1.000000,0.000000,-0.000992,0.500000,0
0.000000,0.340984,1.000000,1.000000,0.000000,-0.000992,0.500000,0.014881,0.955690,-1.000000,-0.862745,0.027526,0.000000,0.344948,1.000000,1.000000,0.000000,-0.000992,0.500000,0
0.000000,0.340984,1.000000,1.000000,0.000000,-0.000992,0.500000,-0.000992,0.980178,-0.200000,-0.941176,0.028720,0.000000,0.342561,1.000000,1.000000,0.000000,-0.000992,0.500000,0
0.000000,0.349650,1.000000,1.000000,0.000000,-0.000992,0.500000,0.046627,0.095734,0.600000,-0.921569,0.033333,0.000000,0.333333,1.000000,1.000000,0.000000,-0.000992,0.500000,0
0.000000,0.340278,1.000000,1.000000,0.000000,-0.000992,0.500000,0.014881,0.990937,-1.000000,-0.980392,0.033333,0.000000,0.333333,1.000000,1.000000,0.000000,-0.000992,0.500000,0
0.000000,0.342561,1.000000,1.000000,0.000000,-0.000992,0.500000,0.999008,0.000000,0.200000,-0.960784,0.025243,0.000000,0.349515,1.000000,1.000000,0.000000,-0.000992,0.500000,0
0.000000,0.333333,1.000000,1.000000,0.000000,-0.000992,0.500000,0.237103,0.000000,0.600000,0.411765,0.029508,0.000000,0.340984,1.000000,1.000000,0.000000,-0.000992,0.500000,0
0.000000,0.355172,1.000000,1.000000,0.000000,-0.000992,0.500000,0.237103,0.729519,-1.000000,-0.098039,0.031699,0.000000,0.336601,1.000000,1.000000,0.000000,-0.000992,0.500000,0
0.000000,0.348432,1.000000,1.000000,0.000000,-0.000992,0.500000,0.046627,0.344433,1.000000,-0.686275,0.027869,0.000000,0.344262,1.000000,1.000000,0.000000,-0.000992,0.500000,0
0.000000,0.333333,1.000000,1.000000,0.000000,-0.000992,0.500000,0.110119,0.297659,-1.000000,0.705882,0.037621,0.000000,0.324759,1.000000,1.000000,0.000000,-0.000992,0.500000,0
0.000000,0.334483,1.000000,1.000000,0.000000,-0.000992,0.500000,-0.000992,0.891972,0.200000,0.843137,0.032237,0.000000,0.335526,1.000000,1.000000,0.000000,-0.000992,0.500000,0
0.000000,0.344948,1.000000,1.000000,0.000000,-0.000992,0.500000,0.491071,0.608187,-0.200000,0.901961,0.027974,0.000000,0.344051,1.000000,1.000000,0.000000,-0.000992,0.500000,0
0.000000,0.342561,1.000000,1.000000,0.000000,-0.000992,0.500000,0.999008,0.000000,-1.000000,-0.882353,0.034416,0.000000,0.331169,1.000000,1.000000,0.000000,-0.000992,0.500000,0
0.000000,0.333333,1.000000,1.000000,0.000000,-0.000992,0.500000,0.491071,0.625731,-0.200000,0.137255,0.035017,0.000000,0.329966,1.000000,1.000000,0.000000,-0.000992,0.500000,0
0.000000,0.333333,1.000000,1.000000,0.000000,-0.000992,0.500000,0.110119,0.066890,-1.000000,0.078431,0.033333,0.000000,0.333333,1.000000,1.000000,0.000000,-0.000992,0.500000,0
0.000000,0.349515,1.000000,1.000000,0.000000,-0.000992,0.500000,0.046627,0.520291,0.200000,-0.411765,0.029352,0.000000,0.341297,1.000000,1.000000,0.000000,-0.000992,0.500000,0
0.000000,0.340984,1.000000,1.000000,0.000000,-0.000992,0.500000,0.491071,0.000000,-0.200000,-0.666667,0.030508,0.000000,0.338983,1.000000,1.000000,0.000000,-0.000992,0.500000,0
0.000000,0.336601,1.000000,1.000000,0.000000,-0.000992,0.500000,0.237103,0.000000,-1.000000,0.333333,0.035593,0.000000,0.328814,1.000000,1.000000,0.000000,-0.000992,0.500000,0
0.000000,0.344262,1.000000,1.000000,0.000000,-0.000992,0.500000,0.110119,0.296544,-1.000000,0.392157,0.035593,0.000000,0.328814,1.000000,1.000000,0.000000,-0.000992,0.500000,0
0.000000,0.324759,1.000000,1.000000,0.000000,-0.000992,0.500000,0.491071,0.033138,-0.200000,0.411765,0.028231,0.000000,0.343537,1.000000,1.000000,0.000000,-0.000992,0.500000,0
0.000000,0.335526,1.000000,1.000000,0.000000,-0.000992,0.500000,0.237103,0.353706,0.200000,0.352941,0.036149,0.000000,0.327703,1.000000,1.000000,0.000000,-0.000992,0.500000,0
0.000000,0.344051,1.000000,1.000000,0.000000,-0.000992,0.500000,0.046627,0.729448,0.200000,0.000000,0.036149,0.000000,0.327703,1.000000,1.000000,0.000000,-0.000992,0.500000,0
0.000000,0.331169,1.000000,1.000000,0.000000,-0.000992,0.500000,0.999008,0.000000,-1.000000,-0.274510,0.041935,0.000000,0.316129,1.000000,1.000000,0.000000,-0.000992,0.500000,0
0.000000,0.329966,1.000000,1.000000,0.000000,-0.000992,0.500000,0.014881,0.484391,-1.000000,0.823529,0.041693,0.000000,0.316614,1.000000,1.000000,0.000000,-0.000992,0.500000,0
0.000000,0.333333,1.000000,1.000000,0.000000,-0.000992,0.500000,0.014881,0.870091,0.600000,0.705882,0.041693,0.000000,0.316614,1.000000,1.000000,0.000000,-0.000992,0.500000,0
0.000000,0.341297,1.000000,1.000000,0.000000,-0.000992,0.500000,0.046627,0.226847,-0.200000,-0.647059,0.041693,0.000000,0.316614,1.000000,1.000000,0.000000,-0.000992,0.500000,0
0.000000,0.338983,1.000000,1.000000,0.000000,-0.000992,0.500000,0.110119,0.392419,0.200000,0.333333,0.042188,0.000000,0.315625,1.000000,1.000000,0.000000,-0.000992,0.500000,0
0.000000,0.328814,1.000000,1.000000,0.000000,-0.000992,0.500000,0.999008,0.000000,1.000000,-0.823529,0.032308,0.000000,0.335385,1.000000,1.000000,0.000000,-0.000992,0.500000,0
0.000000,0.328814,1.000000,1.000000,0.000000,-0.000992,0.500000,0.491071,0.000000,-1.000000,-0.450980,0.035962,0.000000,0.328076,1.000000,1.000000,0.000000,-0.000992,0.500000,0
0.000000,0.343537,1.000000,1.000000,0.000000,-0.000992,0.500000,0.014881,0.416918,-0.200000,-0.882353,0.039564,0.000000,0.320872,1.000000,1.000000,0.000000,-0.000992,0.500000,0
0.000000,0.327703,1.000000,1.000000,0.000000,-0.000992,0.500000,0.237103,0.988296,-0.600000,0.352941,0.039623,0.000000,0.320755,1.000000,1.000000,0.000000,-0.000992,0.500000,0
0.000000,0.327703,1.000000,1.000000,0.000000,-0.000992,0.500000,0.999008,0.000000,0.200000,0.627451,0.028125,0.000000,0.343750,1.000000,1.000000,0.000000,-0.000992,0.500000,0
0.000000,0.316129,1.000000,1.000000,0.000000,-0.000992,0.500000,-0.000992,0.328048,1.000000,-0.549020,0.039117,0.000000,0.321767,1.000000,1.000000,0.000000,-0.000992,0.500000,0
0.000000,0.316614,1.000000,1.000000,0.000000,-0.000992,0.500000,0.999008,0.000000,-0.200000,-0.058824,0.037793,0.000000,0.324415,1.000000,1.000000,0.000000,-0.000992,0.500000,0
0.000000,0.316614,1.000000,1.000000,0.000000,-0.000992,0.500000,0.046627,0.907388,0.200000,0.274510,0.036700,0.000000,0.326599,1.000000,1.000000,0.000000,-0.000992,0.500000,0
0.000000,0.316614,1.000000,1.000000,0.000000,-0.000992,0.500000,0.110119,0.000000,1.000000,-0.411765,0.033333,0.000000,0.333333,1.000000,1.000000,0.000000,-0.000992,0.500000,0
0.000000,0.315625,1.000000,1.000000,0.000000,-0.000992,0.500000,0.999008,0.000000,-0.200000,-0.117647,0.037793,0.000000,0.324415,1.000000,1.000000,0.000000,-0.000992,0.500000,0
0.000000,0.335385,1.000000,1.000000,0.000000,-0.000992,0.500000,0.999008,0.000000,-1.000000,0.411765,0.038333,0.000000,0.323333,1.000000,1.000000,0.000000,-0.000992,0.500000,0
0.000000,0.328076,1.000000,1.000000,0.000000,-0.000992,0.500000,0.491071,0.824561,1.000000,-0.980392,0.034967,0.000000,0.330065,1.000000,1.000000,0.000000,-0.000992,0.500000,0
0.000000,0.320872,1.000000,1.000000,0.000000,-0.000992,0.500000,0.237103,0.384915,0.600000,0.235294,0.037838,0.000000,0.324324,1.000000,1.000000,0.000000,-0.000992,0.500000,0
0.000000,0.320755,1.000000,1.000000,0.000000,-0.000992,0.500000,0.014881,0.881168,-0.600000,0.313725,0.037838,0.000000,0.324324,1.000000,1.000000,0.000000,-0.000992,0.500000,0
0.000000,0.343750,1.000000,1.000000,0.000000,-0.000992,0.500000,0.237103,0.276983,-0.200000,-0.098039,0.039934,0.000000,0.320132,1.000000,1.000000,0.000000,-0.000992,0.500000,0
0.000000,0.321767,1.000000,1.000000,0.000000,-0.000992,0.500000,-0.000992,0.685828,0.600000,0.117647,0.037288,0.000000,0.325424,1.000000,1.000000,0.000000,-0.000992,0.500000,0
0.000000,0.324415,1.000000,1.000000,0.000000,-0.000992,0.500000,0.237103,0.565670,1.000000,0.372549,0.054545,0.000000,0.290909,1.000000,1.000000,0.000000,-0.000992,0.500000,0
0.000000,0.326599,1.000000,1.000000,0.000000,-0.000992,0.500000,0.237103,0.791938,0.200000,-0.117647,0.057357,0.000000,0.285285,1.000000,1.000000,0.000000,-0.000992,0.500000,0
0.000000,0.333333,1.000000,1.000000,0.000000,-0.000992,0.500000,0.999008,0.000000,1.000000,0.156863,0.054354,0.000000,0.291291,1.000000,1.000000,0.000000,-0.000992,0.500000,0
0.000000,0.324415,1.000000,1.000000,0.000000,-0.000992,0.500000,0.491071,0.000000,1.000000,-0.862745,0.050769,0.000000,0.298462,1.000000,1.000000,0.000000,-0.000992,0.500000,0
0.000000,0.323333,1.000000,1.000000,0.000000,-0.000992,0.500000,0.491071,0.522417,-0.600000,-0.647059,0.053211,0.000000,0.293578,1.000000,1.000000,0.000000,-0.000992,0.500000,0
0.000000,0.330065,1.000000,1.000000,0.000000,-0.000992,0.500000,0.014881,0.711984,0.200000,-0.450980,0.052308,0.000000,0.295385,1.000000,1.000000,0.000000,-0.000992,0.500000,0
0.000000,0.324324,1.000000,1.000000,0.000000,-0.000992,0.500000,0.237103,0.000000,-1.000000,-0.470588,0.054489,0.000000,0.291022,1.000000,1.000000,0.000000,-0.000992,0.500000,0
0.000000,0.324324,1.000000,1.000000,0.000000,-0.000992,0.500000,-0.000992,0.317146,-1.000000,0.627451,0.052941,0.000000,0.294118,1.000000,1.000000,0.000000,-0.000992,0.500000,0
0.000000,0.320132,1.000000,1.000000,0.000000,-0.000992,0.500000,0.046627,0.063476,-1.000000,-0.058824,0.052941,0.000000,0.294118,1.000000,1.000000,0.000000,-0.000992,0.500000,0
0.000000,0.325424,1.000000,1.000000,0.000000,-0.000992,0.500000,0.046627,0.262227,-0.600000,0.450980,0.053395,0.000000,0.293210,1.000000,1.000000,0.000000,-0.000992,0.500000,0
